lep1_pt,lep2_pt,lep3_pt,lep1_charge,lep2_charge,lep3_charge,lep1_d0,lep2_d0,lep3_d0,lep1_d0sig,lep2_d0sig,lep3_d0sig,lep1_e,lep2_e,lep3_e,lep1_eta,lep2_eta,lep3_eta,lep1_phi,lep2_phi,lep3_phi,lep1_ptvarcone30,lep2_ptvarcone30,lep3_ptvarcone30,lep1_topoetcone20,lep2_topoetcone20,lep3_topoetcone20,lep1_z0,lep2_z0,lep3_z0,jet_n,met,met_phi
110.60817,51.99085,101.99988,-1,1,1,0.01718715,-0.01094179,-0.010105993,1.318605,-0.59121525,-0.867546,133.51878,153.2635,150.3481,0.63301325,1.7441424,-0.9387984,-0.7270191,-0.6541325,2.4131768,0.0,0.0,0.0,-0.8899082,-0.52460563,-0.662363,-0.0033979416,-0.046730995,0.046037674,0,36.58267,2.7078063
56.469788,72.79628,45.727207,1,1,-1,0.0036665476,0.02314339,0.004677476,0.25606775,1.7934407,0.34883317,66.45949,185.03487,46.414764,-0.58637947,1.5848706,0.17318158,2.248952,-0.017048843,0.043109838,0.0,0.0,0.0,-0.15838483,1.2148564,-0.43232214,-0.010618366,0.005850114,-0.0012958422,4,89.472755,-2.5943422
17.376144,13.777513,10.20021,1,-1,1,-0.016817315,-0.006475746,-0.008105476,-0.78717965,-0.37093815,-0.31744292,17.565262,14.215477,10.232772,-0.1474048,0.251481,0.07988205,-2.0477278,-1.7911838,-1.1113315,0.0,0.0,0.0,-0.33581957,0.9163928,0.61631334,0.06769323,-0.06668568,-0.085566044,1,12.417443,1.8627117
32.523064,19.738306,7.934232,1,-1,1,-0.026463628,0.0061107734,0.031524017,-1.1915336,0.38413152,1.4216585,33.657578,24.176788,11.677768,-0.2633719,-0.65863425,-0.9367252,1.827433,1.9350023,2.0944633,0.0,0.0,0.0,-0.8538763,-0.58212596,0.952853,-0.13456917,0.054646492,-0.009868622,1,28.231014,1.6056187
43.929478,35.100273,17.540415,1,-1,1,-0.008438309,-0.0020153157,-0.022950225,-0.35553467,-0.12655312,-1.2613102,123.37206,35.808792,75.70159,-1.6924464,0.20058897,-2.1417375,1.8211557,3.0100543,2.0417562,0.0,0.0,0.0,0.3368055,-0.109676816,-0.60813737,0.071353674,-0.11318207,0.008741856,2,94.946884,-0.54984224
69.60698,35.327934,23.511293,-1,1,-1,0.0066724857,-0.030852314,0.004527117,0.46398002,-0.81216514,0.3204165,80.22275,43.723694,24.04078,-0.5454978,-0.6764519,-0.21178596,0.11289948,2.5133476,0.43073297,0.0,0.0,0.0,0.9730769,-0.3030852,-0.793125,0.010803223,-0.008381844,-0.01582241,3,95.2717,2.3062696
33.374912,107.73307,17.831064,1,1,-1,-0.013111683,-0.011398922,-0.011219398,-0.6521008,-0.9860627,-0.7841396,97.934425,345.7479,20.364668,-1.7392538,1.833993,0.5269378,1.8333278,-0.2913243,1.3502555,0.0,0.0,0.0,0.72619724,0.3096412,1.6750572,-0.07822037,-0.040130615,-0.0015144348,1,38.8582,-2.7903228
48.164104,9.973678,62.869095,1,-1,1,0.012857121,-0.0064345747,0.006419672,0.6127729,-0.3373183,0.48879606,87.03834,10.119166,292.47705,-1.1976547,0.17027538,-2.2187219,2.5516207,0.41831723,3.1408885,0.0,0.0,2.8531938,-0.60592824,2.5330303,-0.5148461,0.028259277,-0.06425476,-0.063201904,3,18.647623,-0.2449676
111.757126,52.299717,23.179064,1,-1,1,-0.024282623,-0.039665975,-0.03136999,-1.8433495,-2.7555256,-1.880691,115.35869,89.898636,46.185627,0.25319976,1.1368723,1.3126504,2.5825934,1.8483887,-0.49249002,0.0,0.0,0.0,0.60943437,1.8417406,-0.0103587955,0.0033980012,0.07176107,-0.4237041,4,28.269543,-1.221021
195.42058,37.28229,24.710688,1,-1,1,0.0035805046,9.783659e-05,0.06179373,0.2552324,0.0065977653,2.6749148,203.84058,38.252934,70.2179,0.29250872,-0.2276957,-1.7050081,-0.20840815,-1.3345032,-2.7467577,0.0,0.0,0.0,2.664184,1.6410571,1.1113693,0.120212555,0.0033111572,0.07715225,2,73.515915,-0.21593614
31.826633,15.820389,32.906315,-1,1,1,0.0015861114,-0.018358413,-0.0044738534,0.06728717,-0.8003419,-0.30244842,33.691917,16.329487,129.69241,-0.34071684,-0.2530167,2.0481505,-2.170267,-1.8531805,-0.9120482,0.0,2.1677535,0.0,0.7445161,1.5596064,-0.30426097,0.054008484,0.065006256,0.06578064,1,60.011375,1.219126
54.005547,20.688717,7.3054457,-1,-1,1,-0.001734701,0.010140662,-0.06647235,-0.12505743,0.60017246,-1.6071252,126.13311,79.49631,39.237522,1.4920508,2.0218892,2.3653758,1.2349728,1.8119341,2.7483273,0.0,0.0,0.0,-0.052922606,0.5686837,1.0324847,0.031723022,-0.025012493,0.07826948,2,50.576347,3.0445728
52.811954,44.87805,25.283705,1,1,-1,-0.18388993,-0.0054599484,0.006134458,-3.278798,-0.3534908,0.30388343,54.618134,44.94693,57.097813,-0.26079512,0.05539645,1.4546757,1.5240668,0.40765455,-2.7810102,0.0,0.0,0.0,-1.1808755,1.0977138,0.19013502,-0.37368774,-0.20532417,-0.12927055,3,5.597112,-0.07032744
67.63065,57.281532,54.148754,-1,1,-1,0.004317928,-0.0030104383,0.100367375,0.3196954,-0.23687603,3.804807,70.34912,58.913296,67.788155,0.2825927,0.2381282,0.69565874,-2.5213742,-0.92967343,-2.177124,0.0,0.0,0.0,0.39678845,-0.14138153,0.8539596,0.062636375,0.069300175,-0.020830154,2,51.08085,-0.3817066
90.83501,40.77846,69.966934,1,-1,-1,0.011029474,-0.012544383,-0.006983207,0.6106046,-0.74190086,-0.5263827,94.13871,94.89712,109.727844,-0.268894,-1.488053,1.021148,-1.5025072,-2.5406868,-0.8748663,0.0,0.0,0.0,0.43311083,-0.016092803,-0.12783898,-0.027301788,0.03944397,-0.14619827,2,55.41494,2.2161808
51.157883,40.339268,18.325693,1,-1,-1,-0.00038077135,0.015755236,-0.0023197462,-0.025715234,0.85636353,-0.15558422,52.81684,76.998116,51.170746,-0.25398597,1.2626029,1.6862826,-2.7215302,-1.5124377,-2.8589218,0.0,0.0,0.0,-0.0023778686,1.2309434,2.3681684,-0.1362915,0.0066833496,0.01902771,0,85.75605,0.7836252
18.537292,18.248009,25.491049,1,-1,1,0.063221134,0.27528208,0.01523271,1.9383388,15.418014,1.0317224,90.19667,18.303747,34.377647,-2.264624,-0.07814031,-0.8124658,-1.4044142,-1.073949,1.793147,0.0,8.070039,0.0,0.6689824,1.7306775,0.47752336,-0.9988127,0.0066184998,0.015832901,0,27.438454,-2.612239
41.991528,31.022385,70.95523,1,-1,1,-0.002883272,-0.0074663954,-0.001011069,-0.17591773,-0.4701896,-0.08103884,127.092896,36.23241,124.330215,1.7721163,-0.5717312,-1.1603644,-2.8428864,1.3252658,-2.1904204,0.0,0.0,0.0,0.20901026,-0.34504133,-0.8972005,-0.14787674,0.059402466,-0.0046081543,0,56.947872,1.0592253
37.268124,28.09899,37.957325,-1,1,-1,-0.0038313982,0.0017690326,0.002951678,-0.25346756,0.12490988,0.20549056,97.288795,28.367874,154.97865,1.6138059,-0.13818057,2.0846264,-1.3249416,2.5696604,-0.8109911,0.0,1.1194139,0.0,5.3210516,3.4141343,-0.5537034,0.026518345,0.009345055,-0.037415028,0,41.280952,1.1547983
66.89853,65.105804,33.050663,-1,1,1,0.014244435,0.008111449,0.007961691,1.0836575,0.6570388,0.58680856,75.76516,154.16637,53.34125,-0.50933075,-1.5072623,1.0580347,2.9183671,-1.4771211,-2.607709,0.0,0.0,0.0,-0.6616333,-0.57008433,-0.17920862,0.0045547485,0.0603714,-0.0044937134,2,87.67289,0.42213
62.726036,52.76211,43.971382,1,-1,1,-0.002399719,-0.0035115115,-0.009634845,-0.19240399,-0.25195906,-0.5068435,65.07314,56.097996,49.131653,-0.27271715,0.35375068,0.47985223,0.985411,-1.1110452,-0.5403524,1.487282,0.0,0.0,0.7223663,-0.4186795,2.6773715,0.0205307,-0.13006592,-0.06147003,3,88.42342,0.20387557
44.868744,27.65077,19.362532,-1,1,1,0.02161452,0.0076896534,-0.004266286,1.7211125,0.507027,-0.25237575,45.12959,99.20093,91.31547,0.10775133,-1.9506254,-2.2326922,-1.6271322,-2.3272533,3.0774257,0.0,0.0,0.0,-0.50336885,-0.59239465,1.2307713,0.100795746,-0.03938675,-0.13984299,4,72.74148,0.45112023
76.6044,18.949333,18.486794,-1,-1,1,0.0035424083,0.0067342753,-0.0056011584,0.2668132,0.43339688,-0.40809584,125.98262,40.38388,39.430504,-1.0818785,1.3895646,1.3904942,-2.4361255,2.4079487,1.9183383,0.0,0.0,0.0,1.0545022,-0.50674444,-0.50674444,0.008480072,-0.087265015,0.0058670044,2,41.978065,2.134639
40.72241,28.664282,9.926952,1,1,-1,-0.0030826698,0.0013382783,-0.0047270386,-0.1739721,0.08310508,-0.2213951,74.667046,39.02593,16.680815,-1.2150388,0.8265441,1.1088141,-0.8280985,2.604225,2.9773707,0.0,0.0,0.0,1.3760637,2.6150846,0.2794727,-0.022895813,-0.014480591,0.06576538,1,47.496506,1.3860685
24.363672,11.972884,34.31059,1,-1,1,-0.010449943,0.02157307,0.004724841,-0.4450819,0.7286637,0.35167193,66.14547,44.346607,59.18918,1.6561242,1.9837968,-1.1412836,0.30126473,-1.0968013,-1.8688807,0.0,0.0,0.0,0.76309884,0.33675298,-0.052806593,-0.0039402246,-0.02291751,-0.03147173,3,50.885197,-0.92665195
43.646427,150.08372,132.09633,-1,-1,1,0.016882943,-0.0012929706,-0.00065057824,0.5948395,-0.106341384,-0.056238394,47.295895,181.02036,175.46097,0.40613905,-0.63152623,-0.7896107,3.1229262,2.9373481,2.3302023,0.0,0.0,0.0,2.5700219,-0.11444849,2.9649324,-0.073617935,0.04965782,0.019506454,4,125.51137,-0.5550835
58.57624,63.72895,61.12077,1,1,-1,0.004093625,0.00045601817,-0.004646032,0.32259092,0.035474062,-0.35634315,153.75565,84.80896,309.95276,1.6197468,-0.7924582,2.306849,1.3964769,-1.6830707,0.036112335,0.0,0.0,0.0,1.8329585,0.95002455,-0.44131544,-0.02360344,0.028737068,0.14993572,4,66.811905,2.513597
75.466545,121.09517,244.88031,1,-1,-1,-0.006196895,-0.00044098176,-0.0026033435,-0.49465415,-0.03679182,-0.22724691,166.51286,132.2976,1363.7645,1.4287001,0.4268884,2.402222,-0.31291747,-0.2037798,-3.137994,0.0,0.0,0.0,-0.9562445,-0.6147128,0.08120892,-0.016010284,-0.058063507,0.029449463,2,20.98078,-1.788037
45.959988,20.94193,39.02409,-1,-1,1,0.0375979,0.024064803,-0.033484705,2.0694535,1.7394247,-1.7928116,47.257416,21.19323,202.7991,0.23705564,-0.15468216,-2.3317955,1.8244777,1.484186,-1.2594507,0.0,0.0,0.0,0.20273931,-0.7517168,0.22881733,0.14406967,-0.019172668,0.17634583,0,23.720453,-2.539619
117.8491,24.075573,17.456863,-1,1,-1,-0.014018158,0.010722758,-0.0065333727,-1.0464418,0.58186466,-0.41740128,152.96957,25.847433,41.599155,0.7540355,0.3813408,-1.5142357,2.662183,-1.5849631,0.4738207,0.0,0.0,0.0,2.885626,2.6880841,1.4628918,-0.0018119812,-0.0038223267,0.10202026,2,118.81944,1.2848783
54.37394,34.843025,39.070107,1,1,-1,0.0073509254,-0.0038826554,-0.014054443,0.60235995,-0.24835092,-0.8607657,55.09709,45.645462,53.13659,0.16290087,-0.76839304,0.8249689,2.742398,1.1812063,0.37993696,0.0,0.0,0.0,9.344792,-0.48337513,0.61794716,-0.052703857,0.012649536,0.05464554,0,84.6294,-1.5378122
13.973052,20.11232,87.0396,-1,-1,1,-0.0072244476,0.0034094919,0.0053095315,-0.3755419,0.20241465,0.4424735,14.2395735,22.283876,98.09068,-0.19500595,0.46058777,-0.49873096,2.5188582,1.5213631,-1.0392954,0.0,0.0,0.0,-0.1730326,-0.52150583,-0.84971803,-0.112734795,0.05913353,0.06857777,2,75.75912,2.3291366
175.77455,12.149343,61.666046,-1,1,1,-0.008131869,-0.016799767,-0.012049361,-0.5392881,-0.86111736,-0.94399583,237.61276,12.150765,67.5007,0.8159865,0.015302139,-0.4316483,0.7867822,2.8729737,2.7045147,0.0,0.0,0.0,3.1069412,1.1149105,-0.975372,-0.0634079,0.07725716,-0.021137238,5,56.5423,-0.27592048
45.865788,70.392334,33.034096,-1,-1,1,0.027316444,-0.0076387534,-0.013190566,1.688639,-0.60497457,-0.9599857,46.302853,105.88194,39.79475,-0.13794263,0.96614224,0.6293324,0.23330462,-2.4491687,-0.009541939,0.0,0.0,0.0,-0.6876731,3.2063637,0.47269738,-0.0018920898,-0.010004044,0.013633728,0,62.316174,2.092993
76.97994,30.505997,71.276955,-1,1,-1,-0.007344343,-0.0029865277,0.008352867,-0.48574635,-0.13252595,0.6575281,106.54087,125.19846,84.11101,-0.850499,-2.0899396,-0.59143865,-0.70231175,-2.4159267,-1.5402534,0.0,6.6548038,0.0,-0.11483514,1.0971333,2.401205,-0.0010490417,0.004283905,-0.016906738,2,48.873066,0.3084446
35.1894,36.234016,32.475834,1,-1,1,-0.017895868,0.0045805373,0.011414582,-0.86196756,0.3189251,0.8673491,145.19008,96.94447,35.417286,2.095426,1.6403763,-0.422454,-1.5951688,1.9225453,0.44417745,3.3019366,0.0,0.0,2.8465683,0.03707074,-0.059378907,0.118255615,-0.033081055,-0.011581421,1,10.659935,-0.58623594
65.68185,22.62948,18.353065,1,-1,1,-0.074334405,0.00830942,-0.010703137,-3.755395,0.4947113,-0.64793074,98.96459,27.095146,32.025505,0.9684161,-0.6183353,1.1552987,-2.2376266,2.5134156,-1.431309,0.0,0.0,0.0,4.480386,-0.824885,1.1237866,0.0059871674,0.036527634,0.00715065,4,81.29627,-2.9249432
36.079327,40.139057,56.896633,-1,-1,1,0.032183576,0.0014709986,-0.008928564,1.6370485,0.09090133,-0.6577747,47.978752,45.35929,218.27713,0.7913614,-0.5046298,-2.0202403,-2.033044,-1.6105685,-0.46979415,0.0,0.0,0.0,3.0195599,-0.75139165,-0.27520564,-0.0050964355,0.0037155151,0.03685379,3,174.52705,-1.1326289
93.20342,18.897066,66.403366,-1,1,1,-0.014788391,0.0063667116,0.021766312,-1.0785245,0.22937368,1.7291223,93.49572,24.563658,172.59448,0.07917684,-0.75627184,1.6090971,-0.9303395,2.5052776,-2.7891214,0.0,0.0,0.0,0.6077945,1.1831807,-0.16292293,-0.013027191,0.050310135,-0.027469635,0,51.304832,0.76469445
84.043106,50.12831,24.519758,1,-1,-1,0.032061618,-0.003939006,-0.0049621863,2.5201263,-0.27318323,-0.29065767,125.127884,72.833244,33.436913,0.95238656,0.9190818,0.8289095,-0.3492625,0.51016635,2.2978892,0.0,0.0,0.0,0.4015172,0.11709375,-0.6002531,0.034376144,0.08241987,-0.056803703,3,188.94885,0.6849499
39.288685,34.4926,18.365591,-1,-1,1,-0.010039041,-0.008700679,0.057691053,-0.6587399,-0.36779222,2.5658906,111.18058,34.992355,22.18147,-1.700575,-0.17002317,-0.6339593,2.8768137,0.31359535,1.1781878,0.0,11.611026,5.95709,-0.3446508,33.647263,0.43534985,-0.08532715,0.09503174,-0.080841064,3,93.958984,3.0803788
47.02473,13.54481,164.13739,1,-1,1,-0.022370689,0.013585435,-0.01447408,-1.672512,0.7942627,-1.2003651,90.59798,16.721834,235.3729,1.2735046,0.6721574,0.9008886,-0.63745236,1.6755904,-1.2442124,0.0,0.0,0.0,-1.652474,-0.5884601,3.264348,-0.023141861,0.045202255,-0.022083282,0,23.519808,1.7519255
33.07286,165.72899,40.55661,1,-1,1,0.0070296675,-0.015656767,0.008560373,0.3939641,-1.3283503,0.6055485,94.02189,501.74634,241.36208,-1.7054858,-1.772424,-2.469612,1.8779181,-1.1170206,-3.1213017,0.0,0.0,0.0,4.804762,1.3462666,-0.639614,-0.01607132,0.019950867,-0.23709679,2,17.391191,-2.6100817
99.92078,20.717672,28.875267,1,-1,1,-0.0009033283,-0.003569004,-0.009377428,-0.07158138,-0.1314673,-0.643882,108.33255,80.61017,128.90901,0.40750244,2.0348465,-2.1764817,0.7185934,1.4521071,2.8680882,0.0,0.0,0.0,-0.01356601,-0.16658935,-0.100846656,0.017688751,0.019439697,-0.0012435913,2,126.09542,-2.1011999
52.58228,37.95785,29.725567,1,-1,-1,-0.0023202996,0.024102641,0.02060923,-0.115806594,0.79971665,1.130883,225.34625,119.982315,29.990763,2.1345077,1.8179989,0.13347873,0.26672313,-2.3602,1.9347697,0.0,0.0,0.0,-0.70823824,1.1121136,2.1000152,0.07639694,-0.002696991,-0.06676483,2,17.840763,3.052098
129.04134,16.061405,88.42799,1,-1,-1,0.0026566512,-0.00068096217,-0.007053014,0.20025524,-0.037869338,-0.57962185,163.28125,16.092659,181.44838,0.7132628,0.062374786,1.3464357,0.86035687,-3.1328447,-0.88293,0.0,2.6333094,0.0,-0.9701651,-0.028749328,0.646375,-0.035652637,-0.039425373,-0.2266469,1,21.87484,-0.22053985
96.2379,28.730885,72.45462,1,-1,1,-0.013927715,0.011092962,-0.00022017716,-1.1112682,0.73120475,-0.014110907,109.82979,28.782768,76.0185,-0.5254095,0.06008788,-0.3123742,0.47994167,-1.400742,-2.3220348,0.0,0.0,0.0,-0.4287456,0.0705813,-0.2873597,-0.06954956,-0.0076828003,0.024520874,0,57.57105,1.7964187
93.59911,66.92009,15.01578,-1,1,-1,-0.0133367125,-0.01584213,-0.009941107,-1.0217751,-1.2810634,-0.5544034,173.6393,136.53873,15.513,-1.2289618,-1.3399324,0.2565474,2.9018977,-1.4616728,1.9555848,0.0,0.0,0.0,0.1398891,1.5043437,-0.61596394,0.08425903,-0.004623413,0.031341553,1,38.60459,0.79242694
12.154466,7.369188,9.908088,1,-1,1,-0.016400969,0.0008808354,-0.019361477,-0.59122556,0.046014078,-1.0891213,34.164116,14.479747,22.924583,-1.6933666,-1.296423,-1.4816349,0.32076135,0.08437169,0.8501878,0.0,0.0,0.0,1.6696255,0.18211414,-0.60880166,0.3633194,-0.06078911,0.016565323,0,24.801447,-2.943306
55.17054,39.98909,8.340353,-1,1,1,-0.0031399208,-0.022042941,0.034096934,-0.23388521,-1.0348164,0.8792268,90.19164,54.998596,25.099197,-1.0743304,-0.8413795,-1.7660538,2.8047798,-0.9530355,2.3802311,0.0,0.0,0.0,0.6386533,1.2197112,1.1522753,-0.016845703,-0.0017929077,0.03479004,0,40.08319,0.23078164
33.842335,10.077702,38.22634,-1,1,1,-0.00059317204,-0.008980382,0.01800636,-0.03935176,-0.46184137,1.2327943,174.43298,40.44053,169.76537,2.323429,2.0667515,2.1711159,2.5858006,1.2283717,-0.9395112,0.0,0.0,0.0,0.1952759,0.68836343,-0.39045858,0.048698425,-0.042102814,0.035640717,2,59.225323,-0.82947236
41.957592,117.14189,49.77694,-1,-1,1,-0.0015436251,0.008018925,0.0028213689,-0.07823129,0.674445,0.21515685,54.35758,258.129,62.53984,-0.7510362,-1.4272308,-0.70162076,-0.76816833,1.441836,0.4908404,0.0,0.0,0.0,-1.4571501,-1.5421901,2.399997,0.04637146,0.018302917,0.025939941,3,163.34637,-2.2253487
31.189987,33.348465,15.098795,1,1,-1,0.009300784,0.005398974,0.017927082,0.4421757,0.38942736,1.1729293,33.40221,73.53726,18.549456,0.37444475,1.4280231,0.6637918,1.629997,-0.6612997,1.8850207,3.293416,0.0,1.5874099,0.7887157,-0.68289924,2.5972195,-0.018995285,0.079813,0.026557922,0,83.3605,2.429989
239.08485,72.23778,73.53378,1,-1,-1,-0.014197402,-0.009940352,-0.011564528,-1.0691429,-0.8019708,-0.9136579,244.83379,74.088135,100.63106,-0.21885979,0.22585887,-0.8340972,-1.4132133,-0.8507084,-2.4821784,0.0,0.0,0.0,3.5159736,1.6505585,0.9242251,-0.0024642944,0.0838933,0.018427849,1,15.282321,1.9183302
90.203415,18.546804,39.168716,-1,-1,1,-0.0053086574,0.036807783,-0.016678682,-0.44072148,2.025081,-1.2238843,313.73212,23.42141,51.557396,-1.918281,-0.7099956,-0.7757476,-2.2183647,-0.37520367,3.076542,0.0,1.8532238,0.0,0.19934684,0.08559754,-0.42523962,-0.058907986,0.03907442,0.00800705,3,66.92073,-2.83753
30.951231,9.23386,64.19198,-1,-1,1,-0.018762551,-0.007942872,-0.011478857,-1.3781708,-0.34046397,-0.9600373,39.141396,11.580948,248.28474,-0.7123204,-0.6986295,2.028699,2.6523316,0.7773698,1.913411,0.0,0.0,0.0,-1.1439219,1.8661052,0.28881177,0.011569977,0.00838089,0.05504608,2,121.71165,-0.83094656
30.206263,146.72957,39.05322,-1,1,1,0.01296808,0.0017507887,-0.006803814,0.81495297,0.14631839,-0.5054007,71.22493,182.00153,39.246323,-1.5025982,0.68019086,0.09936738,1.1081067,2.1630433,-2.5402107,0.0,0.0,0.0,0.041391663,-0.22882226,2.9242802,0.016914368,-0.041908264,-0.0002670288,2,46.747993,-0.010813489
25.06925,32.52522,36.216602,-1,1,1,-0.0037475466,0.0025811805,-0.0045478246,-0.25997216,0.16013071,-0.28311193,42.492275,33.268322,47.490818,1.119579,-0.21333277,-0.7698901,1.0645287,-2.469096,-2.4095824,0.0,0.0,0.0,1.6620747,0.45005915,-0.4045954,0.06303024,-0.021133423,-0.01786232,2,56.517483,-0.17183998
8.730522,141.39536,77.28752,1,-1,1,0.02583044,-0.008458028,-0.0077077667,1.333082,-0.7204646,-0.6221428,9.050955,162.05823,78.70155,-0.27011195,-0.5342442,0.19099385,0.9160051,0.5948534,1.0811518,0.0,0.0,0.0,1.278522,2.4979317,-0.26160583,-0.07089615,0.058681488,-0.03319931,2,15.64613,0.6326494
16.161264,9.97454,9.804863,1,-1,-1,-0.008064454,0.0119122835,-0.011222155,-0.39251888,0.6191765,-0.51651675,17.357391,9.975992,11.770744,0.38240454,0.017063804,-0.6231166,-1.2730303,-1.6735814,-1.6284908,0.0,0.0,0.0,-0.08237622,-0.13084254,1.4453422,0.05860901,-0.028316498,0.017055511,0,34.26732,1.593344
14.513189,23.037828,70.70263,1,-1,1,0.012405719,0.012358254,-0.0033803456,0.7078575,0.70855844,-0.26822913,14.589384,28.390839,311.69232,-0.10216803,-0.66913414,-2.1635618,1.2372327,1.4008504,-1.9001263,2.0148227,0.0,0.0,-0.24479689,-0.24479689,0.5482446,0.006008148,0.0054359436,-0.030879974,0,55.206375,1.1940962
82.099655,45.56116,8.566478,1,-1,-1,-0.01588346,-0.012235819,-0.03396125,-1.2115763,-0.80547976,-1.4539688,96.62761,51.19255,9.374204,-0.58646286,-0.49220973,0.4309145,-1.4916054,-2.6639786,-2.37606,0.0,0.0,0.0,-0.24806543,-0.43115705,0.4056761,-0.07757187,0.07052612,0.020881653,3,71.0395,0.21865852
31.083765,40.7515,49.372646,1,-1,1,-0.1241717,0.012228217,0.0008121697,-4.417888,0.8943685,0.0609448,38.55426,104.207756,51.19272,-0.6801185,-1.5914087,-0.2706937,2.3191087,0.6744776,2.9838424,0.0,0.0,0.0,1.1818521,0.6884972,0.5903536,0.058776855,0.040016174,0.067287445,0,62.2458,0.10153839
94.74977,66.22836,65.48335,1,-1,1,0.017643314,-0.010103994,-0.0042517423,1.3821182,-0.8309557,-0.33931386,147.0221,78.06213,66.08105,1.0072893,0.5892352,0.13499853,0.69633055,-1.7273881,-3.1047366,0.0,0.0,0.0,1.1647512,-0.03877484,2.3573084,-0.00987339,-0.06449795,-0.02046299,2,80.59867,1.330062
35.00853,9.349567,62.435123,1,1,-1,-0.009163911,-0.14848164,-0.016839415,-0.5131761,-1.0349243,-1.2926378,51.3511,25.832151,71.08403,-0.9321327,-1.6749507,-0.5204612,0.028634066,-1.2579104,-0.4895482,0.0,0.0,0.0,-0.40485153,1.2758183,-0.12890662,-0.003774643,0.122509,0.00028038025,4,47.27087,-1.6680316
52.76929,61.961494,29.451433,-1,1,-1,-0.0046941694,0.018793099,-0.02921277,-0.3222383,1.2533365,-1.9845443,56.59288,191.42262,41.133453,-0.37841812,1.7938303,0.8635863,-1.014945,-2.3921232,0.3952802,0.0,0.0,0.0,0.5628224,-0.83763146,2.266793,0.0022878647,-0.009475708,0.1054554,3,98.55426,-2.4136355
65.16349,100.22802,31.92366,1,1,-1,-0.0071548033,-0.012502003,0.011047279,-0.49631456,-0.9301161,0.77171,124.19394,104.109535,35.033085,-1.2608291,-0.2774125,-0.4378485,2.975819,0.6398647,-1.1638329,0.0,0.0,0.0,0.8322493,-0.73665965,0.35106495,0.04037857,0.02394867,-0.022964478,2,40.13885,-2.4383357
162.09023,102.03258,17.484829,-1,1,1,0.040102277,0.014475921,-0.044452693,2.5936859,0.8447437,-2.271315,278.34338,134.88855,19.410622,1.1356556,0.78240454,0.46513736,-1.811169,-1.6155511,0.32653177,0.0,0.0,1.1196368,-0.1465441,-0.7337365,2.0808372,0.031669617,0.047275543,0.04120636,0,15.480394,-2.3653855
45.066208,26.271086,20.516438,1,-1,-1,0.006919097,0.015206303,0.0056572394,0.46266398,0.61315805,0.4020002,49.316383,51.928074,24.744001,0.43096042,-1.3033557,-0.63140374,1.6146713,-2.9172528,-0.96848744,0.0,0.0,0.0,0.92670244,1.2809747,1.6414545,-0.031040192,-0.05941105,0.0049676895,2,108.603035,2.6056252
40.701694,72.326035,36.455444,-1,1,-1,0.009901398,0.016060002,-0.022390766,0.5271675,1.3288033,-1.6492146,111.07963,86.66025,50.149235,1.6617306,-0.6196241,-0.84168416,0.9990015,1.8320744,-2.2316778,0.0,0.0,0.0,-1.158806,0.81881505,-0.7492113,-0.05829239,0.052635193,-0.035251617,2,23.654804,-2.667735
132.6887,17.026604,53.44479,-1,1,1,-0.006350372,0.025613062,-0.021362854,-0.48219532,1.0315343,-1.793175,144.07753,25.391178,57.570297,0.4114138,-0.9545695,0.39042807,-1.0912184,-2.5600235,0.16602172,0.0,0.0,0.0,-0.24270831,2.084129,-0.63783723,0.04998398,-0.052368164,0.004169464,2,20.613087,-1.0985262
30.751596,20.76165,94.57508,-1,1,1,-0.033327293,-0.0104679875,-0.00028625564,-1.7431448,-0.55518514,-0.023628654,120.319405,39.083138,293.21,-2.0406094,-1.2462738,-1.7975547,-2.9194806,-2.78102,-1.3246613,0.0,0.0,0.0,-0.6627408,-0.12685724,0.82846445,-0.028419495,-0.011642456,-0.010528564,1,31.098196,-2.9753654
63.98499,29.587702,61.24305,1,-1,1,-0.013019654,-0.0043155923,-0.012210724,-0.9028773,-0.30309674,-0.9139696,67.03793,33.003555,91.23293,-0.3076972,0.47601053,-0.95314026,2.8799343,-0.8106034,-1.9769903,0.0,0.0,0.0,4.686936,-1.321428,2.4635315,0.06842494,-0.016029835,-0.0030481815,1,72.058655,-2.8011832
96.25599,29.834278,29.833603,1,-1,1,0.017764792,0.0066887327,-0.07185837,1.283339,0.44724226,-2.4121156,96.63945,29.876938,53.20742,-0.0892311,0.053471472,1.1817939,-2.8626316,1.3485672,0.28797776,0.0,1.7510158,0.0,0.73522604,1.0859425,0.0316438,-0.037851334,0.048146248,0.002875328,1,25.809258,2.1748734
45.398037,19.116547,395.19208,-1,1,-1,0.0064655407,0.005963457,0.01637268,0.4298951,0.3601358,1.418554,48.962738,29.988146,556.71295,0.3937372,-1.0214877,-0.87585336,2.982201,-3.072761,-1.944431,0.0,0.0,0.0,0.34239873,-0.4814487,-0.4814487,-0.01846695,-0.04724121,-0.0062713623,0,224.13138,2.803499
34.16788,7.7183065,10.032205,1,1,-1,-0.0061534685,-0.0016540175,0.016152497,-0.34177363,-0.021666829,0.42517155,40.14476,27.697765,27.961609,0.5831846,-1.9508998,-1.6843226,-0.77919745,0.2661542,0.77626175,0.0,0.0,16.39834,0.23005201,1.5062157,5.213008,0.0016460419,-0.086732864,0.07826042,2,47.357872,-1.9983729
84.26012,55.58175,15.952963,1,-1,1,-0.023657627,-0.012944102,-0.021846814,-1.5356251,-0.8287252,-1.212524,373.55554,86.3436,18.297958,-2.1693358,-1.0087748,-0.5357419,-0.48726317,-1.0338649,-0.14983743,0.0,0.0,0.0,-1.1336329,-0.028246948,-0.86250496,-0.008401871,0.004023552,-0.011463165,3,31.166008,2.8038201
7.04984,25.279787,51.71532,-1,1,-1,-0.08280886,-0.0063626016,0.0033910146,-0.5555148,-0.46473196,0.2666599,18.234816,26.150126,66.143684,-1.6038197,-0.26162615,0.7306268,1.0798483,-1.8583205,1.369891,0.0,0.0,0.0,-1.7552735,3.255067,0.77856505,-51.627262,-0.10745621,-0.03622818,3,74.055695,-0.9464789
80.84623,38.375317,40.08492,1,-1,1,0.0017697678,-0.0021793316,-0.009086163,0.13975927,-0.14990173,-0.7279444,87.46164,52.618313,47.26049,-0.40183297,-0.83692753,0.5897575,-0.30648795,-2.1068528,-2.8284614,0.0,0.0,0.0,-0.0064846803,0.1754671,-0.23380664,-0.01140213,-0.07267761,-0.02747345,0,87.209045,1.9378959
57.909996,50.060146,10.367185,-1,1,1,0.0015959694,-0.04259645,-0.13789551,0.104095735,-2.5276365,-1.404494,66.57665,51.6226,52.683895,0.5404935,-0.24920082,2.3089871,-1.8098942,2.9462156,1.2526855,0.0,0.0,0.0,1.2586845,0.27281576,1.5902659,0.07237911,-0.0020959377,0.07097912,0,78.70023,0.6322284
69.27851,22.87522,26.453577,-1,1,1,0.014932812,0.1401341,-0.01035568,1.0857921,7.952009,-0.38050777,112.048935,23.499117,61.602795,-1.0607524,-0.23302737,-1.4888022,0.74175036,-2.1114926,-2.8066747,0.0,0.0,0.0,-0.88865364,-0.8054092,6.2375655,-0.0016937256,-0.13411331,-0.03591919,1,64.48098,-2.3036313
9.153468,15.817348,9.16552,1,-1,1,0.03933575,-0.0034479478,-0.024991795,0.6958436,-0.22201854,-1.2502973,22.02719,19.689995,11.888481,-1.5250223,-0.686197,-0.75285506,-1.7152308,-2.197916,-2.5947099,0.0,0.0,0.0,1.2738005,1.9579556,1.2209067,0.16884232,-0.16078568,0.012935638,0,27.3493,0.97045326
75.17053,71.67588,31.085625,1,-1,-1,-0.011007077,-0.0034805785,0.0023470612,-0.9355277,-0.28752914,0.15189537,85.57754,72.98377,50.14382,0.52031314,0.19074063,1.0573736,2.5915143,-2.4499016,-2.7902963,0.0,0.0,0.0,-0.29729846,-1.8013976,-0.73555434,-0.028327942,0.01927948,0.0010375977,1,130.9813,-0.5262533
17.395248,46.78519,43.196648,-1,-1,1,0.021085786,0.0010717027,-0.0055800527,1.1446011,0.088117816,-0.4292791,25.021303,49.26792,50.012257,0.9051566,-0.32434982,-0.554609,-0.75838536,-2.827957,0.8087888,0.0,0.0,0.0,-0.24344268,2.6091928,2.3617284,0.078121185,-0.03812027,0.02709198,1,26.799337,-1.8186659
82.44956,19.177845,42.38911,1,-1,1,0.008922419,-0.011465632,0.01562612,0.5718745,-0.7949508,1.2060711,120.3301,19.195894,172.51334,0.92522496,-0.043381028,-2.0812824,-0.84488165,2.0256162,-2.6424956,0.0,0.0,0.0,-0.70532304,-0.86619043,0.48845667,-0.040800095,-0.10184097,-0.010187149,1,43.51723,1.158877
44.790436,62.029903,50.802246,1,-1,1,-0.0065874504,0.016626826,-0.0012733948,-0.49298897,1.3722644,-0.09519146,52.457146,96.9672,50.80467,0.5770518,-1.0169578,-0.009542297,1.3623272,-1.6350765,-2.8695767,0.0,0.0,0.0,0.6013837,0.046679933,-1.0536882,0.0245018,-0.04057312,-0.016025543,1,5.841527,1.2690437
21.758337,45.119,87.65341,1,-1,-1,-0.010561423,-0.00694353,0.011409752,-0.7013715,-0.4971858,0.9277827,25.792982,225.90895,495.04062,-0.5999287,-2.293851,-2.4164648,0.14075418,-0.55309224,2.4158852,0.0,0.0,0.0,-0.5890744,0.18877056,0.76858205,-0.009759903,0.04220009,-0.18611336,0,31.957945,-2.282567
56.339226,65.5284,28.091225,1,1,-1,-0.020674935,-0.02296452,0.017635532,-1.5959562,-1.5805357,1.2975765,107.907745,156.30927,37.90894,1.2666267,1.5153471,0.81343615,0.3445877,1.4255875,-1.7694662,0.0,0.0,0.0,-1.173087,-0.14786553,-0.94298804,-0.05622101,-0.041851044,0.027454376,2,35.297188,1.0673008
55.993168,45.550926,42.01397,1,-1,1,-0.011619955,-0.012482115,0.00529149,-0.9370525,-0.8161835,0.39470965,88.60228,137.8667,206.96736,1.0327276,1.7721223,2.277241,2.3995936,-2.0692928,-2.8174837,0.0,0.0,0.0,2.0414002,-0.5663613,1.1418257,-0.020296097,0.021650314,0.07241249,2,50.747005,-0.105875485
29.579235,37.757824,22.07126,-1,1,-1,0.099382035,0.02648145,0.017002545,1.7247239,1.7319247,0.9253932,101.23726,94.81295,83.45127,-1.901482,-1.5716219,-2.005168,1.4223574,1.6421036,2.066162,0.0,0.0,0.0,-0.19058557,-0.12670909,0.086666815,0.06863403,0.011287689,0.25924683,3,5.7160206,-2.9716043
64.4269,35.170517,9.075174,-1,-1,1,0.0071677845,0.0037198346,-0.027575707,0.39962423,0.20462264,-0.91303414,73.09001,133.34248,9.393831,0.51294106,2.0079954,-0.2642325,-2.7807758,2.5374696,-1.6469494,0.0,0.0,0.0,3.2146907,2.6054919,3.769125,-0.15731335,0.01822567,0.14037895,1,23.392189,-1.9314688
65.781784,37.21404,46.30971,-1,1,1,0.0034652266,0.0010005115,-0.015800016,0.23111603,0.06748541,-1.1530999,86.05359,37.281223,263.28668,-0.76619077,-0.060079493,-2.4232132,1.8707639,-0.1483401,-1.0311034,0.0,0.0,0.0,2.4754374,-0.44587255,-0.02287027,0.050922632,0.0472064,0.053229332,0,69.322296,-2.6630087
52.291046,20.307959,13.18125,1,-1,1,0.021223051,0.020067,0.0018852925,1.1105766,0.9319809,0.08096748,76.943985,32.21783,21.793482,0.93644345,-1.0360538,-1.0885769,2.010251,-2.4330165,-2.039817,0.0,0.0,0.0,2.1311579,-0.114243776,-0.25189227,0.046318054,0.07710266,-0.004983902,1,84.20414,1.1589847
200.15262,347.00635,10.538543,-1,1,1,-0.0011387535,0.0012945749,0.031099947,-0.10090325,0.109025076,1.5687771,241.94482,404.87866,21.366993,0.63547546,0.5697999,1.3326826,0.36182377,0.5165275,-1.8490399,0.0,0.0,0.0,2.9520354,3.1956565,-0.5029672,-0.016057014,-0.00028705597,-0.077035904,5,152.48628,2.8813198
543.72015,45.842297,33.78558,1,-1,1,-0.014292723,0.0073687853,-0.0030098078,-1.1070089,0.43996522,-0.20840202,580.8424,46.537952,54.687767,0.36745498,0.17399259,1.0617764,-2.7431316,-2.2006176,2.3243093,0.0,0.0,0.0,5.188806,1.9490007,-0.25564402,-0.13823318,0.08356476,0.0056762695,2,216.60051,1.6009493
40.155346,18.970509,131.4569,-1,1,1,0.0018613744,0.001562126,0.0024460808,0.09767071,0.028085798,0.2067593,143.01549,88.10579,351.1678,-1.9430261,2.2170029,-1.6387004,1.6166115,1.5153444,-0.78913623,0.0,60.738503,0.0,-0.005617554,248.3452,0.8515039,0.0072784424,-0.123485565,0.0350914,3,42.0775,1.5547119
39.51914,56.37028,8.093143,1,-1,-1,0.016689762,-0.0130976625,-0.003152195,1.2757797,-1.0277464,-0.15045643,93.432755,197.84546,42.509388,1.5055387,1.9277489,2.3426645,-2.29062,1.1143721,-2.0853553,0.0,0.0,0.0,-0.22059204,2.966546,-0.12623467,0.023397446,-0.0052013397,-0.018352509,0,38.269363,-1.8092437
88.24763,42.45076,141.56856,-1,1,-1,0.006969819,0.0003072294,0.020917138,0.28946072,0.022363154,1.7889624,90.23614,74.89591,164.15736,0.21189241,1.1687071,0.5576543,-0.5895654,1.5587243,2.7626495,0.0,0.0,0.0,0.6433501,-0.62547,-0.6808247,-0.0715065,0.03647995,0.048362732,2,85.512024,-0.8938483
292.19095,54.28326,114.27577,1,-1,-1,0.03524264,0.031726405,0.0033552437,2.6635668,1.6094316,0.26693913,562.22906,64.52046,554.15295,-1.2720351,-0.6048835,-2.2611682,0.23631842,-0.099958666,-2.3121111,0.0,0.0,0.0,2.5603476,-0.02048999,-0.40502074,0.0032844543,-0.040800095,-0.08761406,3,39.283726,0.15646097
57.119152,24.11186,52.306335,1,-1,1,0.0025492606,0.6659854,-0.0013989129,0.16186237,31.26467,-0.081627995,104.457375,44.304913,121.66622,1.2119104,-1.2175806,-1.4875264,1.7076653,-0.64243174,-2.8443103,0.0,21.942265,0.0,1.0129498,13.363939,-0.43864784,-0.008731842,0.5644264,-0.06349945,2,37.384193,2.9766476
68.601555,27.831911,64.09849,-1,1,-1,0.00525814,0.01625835,-0.021722527,0.33974832,0.96456003,-1.6788356,69.1424,41.885662,64.3893,-0.12548772,0.96683896,-0.095207,-1.5960705,1.5372273,-0.6952547,0.0,0.0,0.0,-0.032216065,0.19829865,1.2659619,0.09988403,0.028533936,-0.00038146973,1,52.308403,1.1701175
13.585674,37.35592,106.73534,1,1,-1,-0.03282897,-0.003539014,-0.007647728,-1.5191885,-0.25886908,-0.63003254,17.382633,69.62269,415.29202,-0.7312388,-1.2344643,-2.0348382,2.6242225,2.993323,1.7241061,1.1022271,0.0,0.0,0.1677312,-1.0007157,-0.69888705,0.037806034,-0.110155106,-0.030635834,1,28.500374,-0.028576078
27.171005,20.765987,19.211443,-1,1,1,0.0005164025,-0.0023377726,-0.07689427,0.03125642,-0.08670394,-1.2690492,27.171509,90.36034,100.49875,-0.006089173,-2.1501632,-2.338523,-1.4907678,2.843742,0.49786845,0.0,0.0,0.0,-0.5611338,0.1243938,-0.07556624,-0.029644012,-0.053833008,0.34988022,0,13.232813,1.6043867
12.295288,44.39707,32.73794,1,1,-1,-0.014976045,0.006298808,-0.0075516803,-0.9239657,0.45349878,-0.51905644,19.037241,175.17143,42.303783,1.0044389,-2.0492783,-0.7469612,1.158845,-1.5090154,0.6308498,0.0,0.0,0.0,-0.49359897,0.84868276,-0.49359897,-0.084298134,-0.09121132,-0.045912743,1,107.53518,-2.2616847
95.960106,43.47856,58.80128,-1,1,1,0.049142133,0.0055549988,-0.01707504,3.3321571,0.3995947,-1.2525666,99.91566,43.484554,150.66898,-0.28614902,0.016600734,1.5936117,1.0447468,2.5641418,-2.7150908,0.0,0.0,0.0,1.5215545,0.96624106,0.5716035,0.04213333,0.08224106,0.09505081,1,39.1516,-0.7517515
114.38784,17.924395,130.74774,1,-1,-1,0.00014478623,-0.004108108,-0.0018929333,0.012697312,-0.27221218,-0.16643056,264.72604,20.823708,153.68173,-1.4819151,-0.56134903,-0.58396125,-0.7421216,-2.6412442,0.46733585,0.0,0.0,0.0,-0.40567797,0.23224413,-0.5868866,-0.016719818,-0.03129196,-0.03564453,1,69.89373,-0.94187963
101.415955,44.613247,42.313747,1,1,-1,-0.0024446298,-0.014488677,0.03642913,-0.1816922,-0.9172796,2.3354397,136.41808,126.4799,57.96013,0.8086134,1.7025346,0.8354557,1.4714972,2.5272942,-1.1081176,1.7668842,0.0,0.0,58.87695,-0.17032285,1.7208767,-0.01815033,-0.10617828,-0.036231995,2,24.673252,2.7809968
262.0804,60.991386,32.14476,-1,1,1,0.023330538,0.0058634263,0.03073425,1.7017889,0.33563524,1.7476861,621.4281,81.78887,32.159283,1.508752,0.8039916,-0.030060211,-0.35319903,-0.18414773,1.6896297,0.0,0.0,0.0,3.360347,2.2521658,0.21324256,-0.045635223,-0.0013237,-0.07116318,0,275.45755,1.5448508
27.40475,99.235916,48.02996,1,1,-1,-0.011336186,-0.011308355,-0.012390594,-0.64580053,-0.9803551,-0.819145,27.496105,226.01324,181.49178,-0.08162947,-1.4641324,-2.0045452,-2.879885,1.4754225,0.5558592,1.1682241,0.0,0.0,0.15637231,-0.4834729,0.9288434,0.041269302,-0.013284683,0.052036285,4,278.40662,-2.1802745
31.031395,9.030946,12.653433,1,1,-1,-0.011482087,-0.044514004,0.004839854,-0.6536347,-2.078019,0.2109413,38.69543,9.135345,12.654072,-0.6891027,0.15190856,-0.010052417,2.7888021,3.1328344,1.3910687,1.4251355,0.0,0.0,1.2065623,1.0767612,1.6706808,0.002456665,-0.039916992,0.016067505,2,52.401093,-1.9171109
28.95117,16.452885,9.427555,-1,1,-1,0.014968645,0.036363665,0.00014797976,0.6441581,1.0815325,0.0021804243,95.58469,52.117214,40.251076,-1.8637825,-1.8202403,-2.1306415,1.8968909,2.5527828,-0.7440509,0.0,0.0,0.0,1.4957641,3.8496993,-0.23085529,0.03900528,0.1019783,-0.0038795471,3,137.79437,0.55713177
41.53537,74.17356,83.78628,-1,-1,1,-0.017141543,-0.009239835,-0.006711403,-0.72086525,-0.7429259,-0.54937446,49.690556,215.11145,205.80716,-0.6168218,1.726751,1.5475409,1.9204156,1.2630875,-0.004088873,0.0,0.0,0.0,0.14920093,-0.19012122,0.3525479,0.035484314,-0.013374329,-0.02974701,2,36.589935,-3.1126587
87.57105,39.052372,60.579895,-1,1,-1,-0.01369468,0.015214357,-0.01832071,-0.7542893,1.1511602,-1.560303,427.15845,40.62152,81.84771,2.267175,0.2825276,0.8151783,-2.8129764,-0.23534139,2.374453,0.0,4.135913,0.0,-0.69568104,2.795747,-0.77822584,0.11258125,0.07730484,0.009521484,3,56.98943,2.6470172
21.19008,21.448092,11.9350395,-1,-1,1,-0.008368516,-0.0089305015,0.00931167,-0.52317166,-0.5396804,0.4675838,22.72829,45.213905,17.525698,0.37872973,-1.377211,-0.93360406,-2.7897153,2.604839,3.0241876,0.0,0.0,0.0,-0.67085534,-0.67085534,-0.030588318,-0.093216896,-0.021175385,-0.08159208,2,30.49014,0.8948583
113.220955,28.25032,115.81188,-1,1,1,-0.011821494,0.00055314525,0.005671044,-0.5578428,0.023646077,0.46657515,538.9734,38.528187,118.2912,2.2422528,0.8290626,0.20655145,2.8236156,-2.986003,0.053603183,0.0,0.0,0.0,-0.7170376,-1.0876517,-0.38236108,-0.04294586,-0.063179016,0.020713806,1,24.623892,-2.750073
171.89053,27.033854,41.687904,-1,1,1,0.03274839,0.040936217,0.00093076867,1.7827806,1.8779827,0.06992978,493.72565,32.983887,187.0802,1.7164891,0.651866,2.1818218,1.5390123,0.7992239,-1.3878821,0.0,0.0,5.4033256,-0.15146314,0.2411753,-0.20119812,-0.0012412071,0.051286697,0.04098034,3,59.358627,1.4970877
7.7408843,13.407615,10.75777,1,-1,1,-0.062070847,0.014205308,0.011646086,-2.0592573,0.8831145,0.7528664,7.785164,13.646078,12.432342,-0.10690915,-0.18816413,-0.5508959,-2.5838294,-1.673812,-2.9595404,0.0,1.0037918,0.0,0.88720405,-0.8485126,-0.13371545,0.15084839,-0.107933044,0.050430298,0,32.36483,1.215707
22.271006,9.571637,13.192859,-1,1,1,0.042229015,-0.098252304,-0.017198235,1.3618915,-1.7979313,-1.0773593,70.12432,28.79259,25.95767,1.8139038,1.7656121,1.29801,-1.5166184,-0.29705182,2.0856864,0.0,0.0,0.0,0.89605653,-0.33100113,1.4742103,0.0149383545,-0.012172699,0.119579315,2,29.49719,-1.0709953
50.381336,77.0525,18.162169,1,1,-1,0.0020199784,-0.018280936,-0.003776368,0.15645349,-1.5041115,-0.22544874,169.7065,96.619316,98.09916,1.8847971,0.69837844,2.371103,1.7088407,-0.88302976,-2.659008,0.0,0.0,0.0,0.36348033,-0.765022,-0.2918386,0.041109085,0.100681305,0.1232872,2,100.49031,2.801313
233.08595,15.3795595,147.49893,-1,1,-1,-0.009767209,-0.011743096,0.004247076,-0.8781424,-0.70111054,0.36138213,327.77243,18.03389,153.79498,0.87334436,-0.57934654,-0.29115224,-1.7369696,-1.8869797,1.5037324,0.0,0.0,0.0,-0.6063451,-0.6443063,0.12620594,0.03630638,0.020021439,-0.06930733,1,27.049297,1.0620947
56.435917,38.80344,28.656872,1,-1,1,-0.013255195,0.0035289098,-0.00025727265,-0.8745253,0.21686277,-0.015303692,59.47629,47.62821,30.855234,-0.3267908,-0.66225296,-0.38923526,0.7302946,0.71787727,0.56911504,28.255383,1.0339053,56.13393,30.264988,2.4659376,56.341297,-0.06366968,-0.018248558,0.002336502,2,6.0486426,1.9058169
180.94644,63.532337,37.78767,-1,1,-1,-0.009043696,-0.03522881,0.03168566,-0.5348463,-1.6513608,2.355816,372.527,174.03809,46.49195,1.3502426,1.6657572,0.6663479,0.7673669,-0.23187596,1.6254135,0.0,0.0,0.0,0.29123706,-0.14544116,1.1941985,0.009185791,0.048469543,0.07167816,1,13.562898,-0.4463813
299.95956,86.3118,55.633854,-1,1,-1,0.01042706,-0.0012743033,-0.0048435032,0.57995224,-0.09391034,-0.25775322,300.2699,87.61921,149.97719,-0.04548512,0.17383601,1.6485133,0.7530294,1.2688339,-1.3324101,0.0,0.0,0.0,0.76064235,1.0664428,0.5206078,-0.17494726,0.065011024,0.00020551682,3,22.105495,-1.5565473
246.28328,263.5062,10.353263,-1,-1,1,-0.014424946,-0.01484889,0.012555143,-1.1622841,-1.1740407,0.6228642,1144.9193,268.0221,10.941312,-2.2179801,0.18487251,-0.33532178,0.6065511,0.63115233,-1.4146456,0.0,0.0,1.2924984,4.9880133,-1.3678633,-0.25189576,0.067819595,-0.07262421,-0.057416916,2,31.112658,2.3739843
39.01475,38.0796,14.739757,1,-1,-1,-0.0016234767,0.025514072,0.008901778,-0.082262665,1.7084916,0.55706024,53.4631,52.566734,15.227743,0.8360534,-0.8467632,-0.2565194,-2.7568972,2.3764727,-2.7287734,0.0,0.0,0.0,0.9344373,-1.3661193,-0.07869678,0.05583763,0.05521965,-0.0075187683,1,195.93472,-1.5976171
17.187786,25.078651,106.700485,1,-1,1,-0.0014701078,0.019412812,0.011305548,-0.06449375,1.4010689,0.94699085,17.282005,25.281298,143.75531,-0.104659535,0.12697065,0.81099266,-0.33621693,2.325242,0.5391894,0.0,0.0,0.0,0.59257823,-1.3128643,0.19424683,0.068180084,-0.06555939,-0.03289032,1,150.53474,-2.604573
173.84029,53.093945,129.37071,-1,-1,1,0.020195482,-0.012672976,0.00055687234,1.4343272,-1.0313418,0.044412363,193.98114,88.572395,167.407,-0.47683933,-1.0997758,-0.7491804,-2.9285355,0.07300152,-1.0228606,0.0,0.0,0.0,-0.33807158,-0.51845205,-0.8851184,-0.031173706,-0.025474548,0.01712799,1,41.39433,-2.8857145
380.39017,85.183495,64.26657,-1,1,1,0.019395173,0.011068133,-0.011781449,1.6167536,0.85385734,-0.7783908,462.07272,99.81391,74.49184,-0.64414346,-0.57801175,0.556881,-2.7072632,3.0717263,0.17496659,0.0,0.0,0.0,-1.1497856,2.6845393,2.289955,0.0429821,0.006164551,-0.023527145,1,56.051517,1.5596548
82.57356,159.06337,162.21048,-1,-1,1,-0.004740705,0.007608318,-0.0062034833,-0.37552735,0.65589917,-0.5086975,84.63443,342.1885,162.98601,-0.22295298,1.4001958,0.09774412,-2.912057,0.03078005,2.639921,0.0,0.0,0.0,0.02248938,2.1553051,3.5090053,-0.047821045,0.07028961,-0.07157135,3,177.42502,-0.56751555
31.912775,13.831061,12.140319,-1,1,-1,-0.012147537,0.044737015,-0.03129854,-0.7372599,1.8576236,-1.2632016,31.926245,37.807182,29.533224,-0.029053286,-1.663455,-1.5369256,-0.3280561,-1.7306302,-2.1287794,0.0,0.0,0.0,1.3108969,0.34025732,0.82344615,-0.057335854,-0.102415085,-0.018310785,5,84.59199,-0.9762554
54.552273,41.275425,83.95395,1,-1,1,-0.006895862,0.0055528064,-0.0108035905,-0.40979975,0.26341218,-0.88949466,77.49092,69.760864,98.47639,-0.8876217,-1.1160201,-0.58001953,-2.0401251,1.7723366,-1.3712255,0.0,1.9036912,2.1250944,-0.45306373,2.9400241,-0.2658303,-0.050460815,0.052963257,-0.0060424805,1,36.70139,2.1229525
21.910633,59.661564,96.570854,1,-1,1,0.012412108,0.0010599266,0.01661541,0.71383905,0.080061205,1.3464092,56.02582,67.25705,96.68403,1.5913514,-0.49938965,0.048396472,0.017609509,-2.9227347,-1.8199604,0.0,0.0,0.0,1.5768987,1.1653692,-0.8196345,-0.059505463,-0.026126862,-0.0124053955,2,207.44977,0.9714353
273.1244,94.393196,14.372495,1,1,-1,0.012885993,0.01387458,0.01955088,0.92296064,0.87589186,1.2038662,372.04498,100.34136,14.6829405,0.8272999,-0.35316825,-0.20747373,-0.27554265,-1.5760436,-1.1357738,0.0,0.0,0.0,3.1299603,-0.5351407,3.321749,0.0030021667,-0.060050964,0.18681717,2,26.350428,-2.6914153
54.191917,39.02634,26.319437,1,-1,1,0.025678629,-0.038803577,0.018937005,1.8288457,-2.243454,1.2468188,57.80123,60.173763,114.29435,0.3629765,0.99897397,-2.1480875,-1.5194641,0.90809554,-1.0266024,0.0,0.0,0.0,-1.0161843,3.0793087,-0.23039995,0.052410126,-0.09799385,0.12402153,1,48.31725,1.9340675
42.43141,39.270203,44.56466,-1,1,-1,0.012021318,-0.00096336694,0.0052033984,0.8625383,-0.064145714,0.39757237,42.970467,150.84511,152.86508,-0.15923183,2.0215433,1.9038031,2.8750777,2.9497864,-0.3647075,0.0,0.0,0.0,0.06300788,1.2359053,-0.49097607,0.07399368,0.07607651,-0.07807922,1,56.198776,-0.7497992
55.18293,53.65966,24.386473,1,-1,1,-0.0015139126,-0.0058501256,-0.007891068,-0.10620445,-0.40479925,-0.4358623,62.158745,115.52159,110.52193,-0.49766558,1.4010276,2.1919322,0.61267245,-2.7083757,0.77122575,0.0,0.0,0.0,0.7177025,-0.7450294,-0.11692966,0.053821564,0.06278229,-0.067661285,0,21.089472,-2.2363815
60.457912,12.69231,171.62332,1,-1,-1,0.022526728,0.012366116,-0.010536777,1.7552489,0.7301191,-0.93582577,100.92001,24.803398,260.13806,-1.1005547,-1.2900954,-0.97637963,-1.9518378,-2.2006989,1.4265822,0.0,0.0,0.0,-0.6155944,1.8427894,-0.32531995,-0.009523869,-0.0058145523,-0.0041394234,3,28.297436,1.8818054
61.149582,27.67572,98.38777,-1,1,-1,0.022503577,0.0210971,0.0071080937,1.4586753,1.4220659,0.557624,61.709057,28.33104,107.554756,-0.13516909,0.21715693,-0.42839125,0.96058184,1.3711052,-0.58813304,0.0,0.0,0.0,0.5017721,1.1615155,-0.5736693,0.040512085,0.03917694,-0.031188965,4,62.550144,2.6683378
21.746462,21.66267,9.623923,1,-1,-1,0.0018321149,-0.026739594,-0.01837753,0.09462141,-1.3892527,-0.70013326,22.201887,83.04998,9.734209,0.20430304,2.0195389,0.15124646,-0.4974679,-1.1939093,-1.0766098,0.0,0.0,0.0,0.76295674,-0.5831458,-0.518374,-0.008569717,0.109622,0.05009651,1,46.204124,2.2638168
113.33694,32.01221,96.97604,1,-1,1,-0.016185544,0.013985536,0.0037448904,-1.0813247,0.50564206,0.29465595,161.61969,72.687645,126.25266,-0.8930737,-1.4607482,-0.75870997,-1.7274687,3.007924,-2.836543,0.0,0.0,0.0,-1.0873893,-0.44644427,-0.015684387,-0.108932495,0.016971588,-0.043376923,1,154.47314,-2.023864
15.402754,41.399117,11.476913,-1,1,-1,0.04454692,0.0141189825,-0.0014292852,2.0094995,1.0524076,-0.07744382,15.459309,50.239223,12.226071,0.08566808,-0.64239687,-0.3592722,-0.1360723,-1.6710442,-1.4985818,0.0,0.0,0.0,1.9800278,3.2705214,0.3312774,0.012145996,-0.08293915,0.027729034,2,61.375294,1.3140658
28.240185,26.958607,41.050762,1,1,-1,-0.0086865695,-0.011752605,0.0020261332,-0.41136476,-0.7643164,0.1445512,28.885126,41.507565,61.952736,0.21331319,0.9970946,-0.9705823,-1.146081,2.9578142,-1.530342,0.0,0.0,0.0,-0.07954755,0.17656982,0.38027272,-0.050380707,0.019794464,-0.024383545,1,79.37653,0.72635645
71.25191,16.70163,98.236275,-1,1,-1,0.0061111148,-0.011158338,0.01297553,0.3362605,-0.4751237,1.0154783,92.15664,21.926527,102.522194,0.7484277,-0.77170455,0.29432818,-1.2107601,2.1453476,2.1470318,0.0,0.0,0.0,1.9325864,1.4709016,-0.41283557,0.020311832,-0.05583191,-0.0066666603,1,92.74538,-1.2137634
44.399208,33.558086,22.739494,1,1,-1,-0.023261022,0.0020377291,0.013348623,-1.0277638,0.14033161,0.477555,110.4974,47.341904,52.49936,-1.561865,-0.87789655,1.47925,0.7617207,1.9707934,2.3843405,0.0,1.092165,0.0,-0.40381172,-0.18048114,-0.08139066,-0.0056676865,-0.06805515,0.08741474,0,42.73616,-1.312911
27.911587,19.432356,20.004614,-1,1,1,-0.012061933,0.026814204,-0.049176347,-0.7736397,1.1786126,-0.730032,27.97305,88.650444,21.321657,0.06635124,-2.198674,0.36090726,0.048305538,2.7672276,1.6557001,0.0,0.0,0.0,-0.38601866,0.5562906,3.2212727,0.033275604,0.04685211,-0.011112213,2,69.57921,-1.3305824
42.98865,98.43723,42.318516,-1,-1,1,0.016934471,-0.024062736,0.030902479,1.2903413,-1.9178876,2.0189822,45.152287,182.31966,180.50894,-0.31595498,-1.2270416,-2.12967,2.6834652,-0.108243346,1.7923261,0.0,0.0,0.0,1.5505999,1.537756,0.64967644,-0.0036411285,-0.018232346,0.041913986,3,41.000034,-0.21819341
55.335915,39.63294,33.293354,1,-1,-1,-0.0053787017,0.014822263,-0.018609382,-0.31699282,0.81437135,-1.3428525,116.0402,111.35167,44.621246,-1.3712407,-1.6928891,0.8031521,-0.80641884,1.6857698,-1.4776709,0.0,0.0,0.0,6.416326,-0.013941345,0.49452105,-0.04560089,0.019145966,-0.015090942,0,72.75384,2.0791574
53.709457,47.493145,16.37134,1,-1,1,-0.014032019,-0.0002609955,-0.03141125,-0.9232604,-0.016550608,-1.1296827,53.720043,88.70957,31.144724,-0.019853508,-1.2370517,-1.2586758,0.25372404,0.6609644,-1.995439,0.0,0.0,17.793083,-0.78458834,-0.5406818,2.7195625,0.117126465,-0.018257141,0.10758209,3,65.24338,2.0863817
32.209595,23.421656,21.783459,1,-1,1,-0.036255922,0.04571104,-0.029116327,-1.7692181,1.6935469,-0.9460434,33.230022,27.234255,53.14766,0.2510574,0.5631107,1.540149,0.82366794,2.5478156,-1.8933113,0.0,9.137531,0.0,-0.041119356,2.898263,0.28783935,-0.090034485,0.032546997,-0.09112549,1,93.60439,-0.35093608
74.854164,54.784466,43.784252,-1,1,-1,0.0061333464,-0.00010734963,0.007479972,0.36004916,-0.007372004,0.5194809,102.05892,73.13309,55.49038,0.82865566,0.79716647,0.715858,1.6946683,-2.0230663,-1.0878061,0.0,0.0,0.0,-0.9328314,0.82321227,0.47524145,0.00784874,-0.033863068,-0.017568588,0,26.957079,1.4323281
106.844864,9.511078,16.503614,1,-1,1,0.0063563706,-0.007867445,-0.021705495,0.44354475,-0.36324054,-1.5051442,146.64613,15.811744,16.600613,-0.8383806,1.0954196,-0.108177684,2.6648479,2.4237463,-1.7456024,0.0,0.0,0.0,2.2792673,-0.58951855,2.3413975,-0.09000397,0.021103382,0.03513384,3,11.815625,-0.28581136
42.65527,34.312584,59.69887,-1,-1,1,-0.03617483,-0.00017061722,-0.001809902,-2.0023277,-0.011834101,-0.13268293,240.16159,74.23211,85.52627,-2.413327,-1.4065436,-0.89955217,-2.381835,2.2023115,-0.45586696,0.0,0.0,0.0,-0.31495106,0.123831175,1.514217,0.033813477,0.04153633,-0.0911026,0,33.870598,2.7851849
87.15128,11.23442,33.72676,-1,1,1,0.020276435,-0.08530992,0.009816168,1.5928558,-3.0607746,0.6984616,97.32589,11.373049,94.82081,0.4786294,-0.15693526,-1.6935993,-0.2822377,1.1168574,-1.0182937,0.0,0.0,0.0,1.6166998,2.1392562,0.43942657,0.13722038,0.13854599,0.034903526,1,134.01836,-0.10387817
75.93815,70.954575,33.028015,-1,-1,-1,0.013281558,-0.005667119,0.10915298,0.8622007,-0.15498659,1.8256222,318.8679,198.80206,85.32463,-2.1135147,-1.6899318,-1.6024959,0.9423419,-1.0992328,-3.0505562,0.0,0.0,0.0,3.055193,-1.198634,3.657649,0.007171631,-0.051582336,0.014225006,0,43.538094,3.0156615
46.9249,31.87696,18.371174,1,1,1,0.042536695,-0.008429117,-0.008098807,1.9761578,-0.38486493,-0.3745088,172.80269,124.928734,18.522507,1.9777824,2.0423179,-0.12826714,-3.1109612,2.2419837,2.045237,0.0,0.0,0.0,3.608915,-0.10632312,0.33705705,-0.04651642,0.029136658,-0.018356323,1,126.76581,2.7986908
70.10248,42.519783,107.69903,1,-1,1,-0.04682188,0.0013380505,0.008144665,-2.2527351,0.10249799,0.67109406,129.66966,103.52111,116.646545,-1.2254847,1.537827,0.40485278,-1.8101455,-1.6776226,0.88328534,0.0,0.0,0.0,-0.5508927,0.42493176,-0.9690575,0.057092667,0.021644592,0.03857231,1,22.701311,2.8569295
171.16833,72.42601,28.191189,-1,1,-1,0.0053038797,-0.0051821675,0.015929952,0.36969337,-0.32277083,0.92246395,409.74286,72.60711,35.91088,-1.5192335,0.070702925,-0.7241207,0.7784986,0.17078523,-2.7709987,0.0,0.0,0.0,-2.7787163,0.73772377,-0.38145983,-0.0024642944,0.09383392,0.068992615,4,67.46723,0.57936865
66.67202,59.83497,74.03633,-1,1,-1,0.004822988,-0.0059922226,0.0018425556,0.35654965,-0.49805155,0.14968047,123.03252,111.73826,79.19281,1.2226676,-1.2367984,-0.3710884,-2.1752944,-1.3620431,-2.3758883,0.0,0.0,0.0,-0.41196173,0.88034517,-0.9636712,-0.02946949,-0.033070564,0.052119255,4,72.42094,1.5094057
146.89378,85.25284,26.35615,-1,1,1,-0.003724402,-0.0013018984,-0.0075326315,-0.29150507,-0.102040455,-0.3742854,183.78043,185.91426,26.786272,0.6946267,1.4155337,0.18041852,-1.3132865,-1.7436836,1.272668,0.0,0.0,0.0,0.8952294,-1.4546355,2.8223784,-0.0013923645,0.023360252,-0.12172699,0,35.28943,-2.4390225
15.1016,74.52839,60.69052,1,-1,1,0.0036595252,0.016572878,0.030078165,0.2266204,1.3744178,2.169809,18.92416,85.39674,73.61248,0.6972967,-0.5336945,0.6414993,-2.083844,2.8870075,2.184977,0.0,0.0,0.0,-1.4510242,-0.1666676,1.8789101,-0.03338337,0.02549553,0.016172886,1,142.85016,-0.6992151
70.04288,27.01783,100.78123,1,1,-1,0.015033397,0.015619666,-0.01643408,1.2290864,1.1462864,-1.2771872,74.997116,28.818882,130.94101,0.37393054,0.36311674,0.75554085,1.5492232,2.948673,-1.2601291,0.0,0.0,0.0,-0.9172559,-0.9172559,-0.40441296,-0.08198166,0.0048179626,-0.057746887,1,10.191296,3.0038226
38.642292,60.948456,44.525475,1,-1,-1,0.019130038,-0.0056270636,-0.011912409,1.4130551,-0.46839744,-0.96416456,118.497955,61.786232,45.153816,1.7859821,0.16560666,-0.16778639,1.4459609,0.58009565,-1.6685526,2.5347772,0.0,1.0964797,1.3115455,-0.5384008,1.3552989,0.13690186,0.030166626,-0.16096115,2,47.848366,-1.7246724
57.097633,24.196604,43.62129,-1,1,-1,0.008415517,-0.03911555,-0.008193313,0.61199325,-1.8305043,-0.5631809,81.4214,27.413486,159.1105,0.8930662,-0.51010203,1.9678571,-0.56830716,2.2445927,1.9723673,0.0,0.0,0.0,0.3527309,0.52202857,2.108295,0.014602661,-0.08542633,-0.06304169,0,34.021816,-1.9471831
22.313658,166.49771,16.585161,1,1,-1,0.0049691983,-0.0063119745,0.023241943,0.20515758,-0.5414819,1.263921,23.19848,644.55475,74.4017,-0.28069374,-2.0296102,-2.1814559,-0.04283185,0.6546858,-1.3756908,0.0,0.0,0.0,4.034309,-0.18926783,-0.22083819,-0.092617035,0.15698195,-0.046310425,1,68.054474,-2.965086
74.49803,37.619804,27.582275,1,1,-1,-0.009131441,-0.04969262,0.006216068,-0.59424955,-2.1629114,0.4309265,85.342735,111.43424,28.284956,0.5332346,1.7492572,0.22524822,1.8831215,-2.5936348,-1.1417704,0.0,0.0,0.0,1.9625847,1.3280829,0.08947522,0.041719437,-0.04804802,-0.021026611,0,51.754856,-0.49771082
21.658619,15.717501,8.444076,1,1,-1,-0.01636475,-0.017432397,-0.009477072,-0.84680194,-1.0881333,-0.47619927,55.03518,18.317848,12.551151,1.5845332,0.5675774,0.95014566,2.7968378,-2.1733348,-2.059715,0.0,0.0,0.0,0.9947057,-0.05188208,0.07223578,0.054668427,0.01637268,0.07788086,2,73.823975,-0.022108546
48.673435,44.110172,20.24364,1,-1,-1,0.0015348621,-0.009644944,-0.026200192,0.109857164,-0.67396635,-1.6446136,104.95199,130.73863,20.55364,-1.4028041,-1.7499003,0.17470652,0.858975,-2.8297324,0.8222735,1.5739207,0.0,2.0417113,-0.63521945,-0.58417577,-0.06036743,0.062828064,0.15524864,0.13607788,2,67.64056,-2.0107744
48.029346,42.090324,273.49963,1,-1,1,0.004534863,-0.01092065,-0.015783848,0.37137303,-0.9040496,-1.3374429,53.549965,46.806583,709.73486,0.4749813,0.46907565,1.6073573,-0.7773016,2.1641903,-2.4098754,0.0,0.0,0.0,0.21007013,-0.12241498,0.38279682,0.057224274,0.0067710876,0.06811142,4,80.80334,-1.2510229
45.585148,75.61868,46.03528,-1,-1,1,0.00010305697,-0.0012055677,-0.0046893735,0.0064226454,-0.09812045,-0.3446013,90.222755,136.48067,58.07774,1.304873,-1.1961472,-0.7084058,-1.5960922,0.76228416,2.7903342,0.0,0.0,0.0,-0.2615306,4.438331,-0.28252918,-0.027748108,0.01965332,0.038360596,1,42.18895,-1.5963839
63.829487,29.428207,41.40643,1,-1,1,0.0008663444,-0.004738397,-0.022033898,0.07125984,-0.32163036,-1.602781,95.61914,30.438387,130.23087,0.96066785,0.26125145,-1.8127313,-1.7993729,1.2492577,-2.3632078,0.0,0.0,0.0,-0.028938813,-0.26353562,0.0,0.005171776,-0.020702362,-0.114806175,2,39.56875,0.47682604
105.93922,12.292452,70.52207,-1,-1,-1,0.07980896,0.013327291,0.014232134,1.2069862,0.66561425,1.0986762,562.50745,26.94306,153.8041,-2.3536983,-1.4212419,-1.4156344,2.9294758,-2.190035,-2.800139,0.0,0.0,0.0,3.6018848,0.624181,-0.6338009,-1.33107,-0.004213333,0.04340172,3,20.101757,-1.4040964
42.454136,41.849606,23.250488,1,-1,-1,-0.011429311,0.39440036,-0.0016489897,-0.6188533,10.499711,-0.0841934,49.73991,73.321655,62.220863,-0.577788,1.1602209,1.6406187,-0.42105275,-2.416876,0.79212135,0.0,5.759692,1.2289126,-0.5008484,5.323473,0.0738392,0.033528328,-0.23773193,-0.0026435852,1,87.85638,-2.0809083
144.8439,48.26812,66.48719,1,-1,1,-0.003731064,0.0062902104,-0.008174523,-0.23998293,0.31087705,-0.6564682,145.29712,66.56476,67.72393,0.07908608,0.84531075,-0.19257495,-0.96012324,-1.7896318,1.685449,0.0,0.0,0.0,1.0601265,-0.18596865,0.0,-0.008132935,0.033302307,-0.008674622,0,142.89398,1.9402364
29.881933,12.481991,11.836503,1,1,-1,-0.002164593,-0.046967193,0.00074464857,-0.12315823,-1.8899015,0.034589387,31.63101,15.2511,11.921145,-0.34050143,-0.6543679,-0.1195197,-0.574835,-1.9430199,-2.746222,0.0,0.0,0.0,0.98356384,0.07938562,0.69363475,0.05105591,0.014678955,-0.0023498535,1,62.056957,1.7947984
71.35351,41.81186,36.78651,-1,1,1,-0.013213918,-0.0045373263,-0.004760516,-1.0162557,-0.25451675,-0.33270687,79.118904,42.92352,61.183765,0.46240944,0.23008798,1.096017,-1.6717975,0.015986238,2.3579252,0.0,0.0,4.6839895,-0.92913795,2.0983524,0.51351255,0.08172035,0.0111198425,-0.03886223,6,30.325212,3.065724
109.64716,92.48126,56.807915,1,-1,1,-0.01104002,-0.014182876,-0.018185282,-0.5235826,-1.0659034,-0.65990233,119.44174,305.92487,186.55135,0.41959265,1.865809,1.8581451,1.6467377,-0.20649181,0.67592883,0.0,0.0,0.0,2.9215307,-0.7967881,-0.58318985,-0.03778076,0.079761505,0.002937317,3,100.869484,2.6717741
64.50357,13.652604,9.514789,1,-1,1,0.008481923,-0.014818318,-0.09579978,0.62052864,-0.6796088,-2.3582292,126.01705,29.18275,21.304981,1.2897712,-1.3929479,-1.4451721,0.6063813,-1.6252255,-2.3100412,0.0,0.0,1.043814,-0.8757925,0.5707117,5.9102545,-0.0074043274,0.029449463,23.403793,1,83.13625,-2.7455854
51.842236,27.185787,31.265957,-1,1,1,-0.017817708,0.005105812,0.0002582477,-0.926954,0.2800938,0.010054818,234.13606,126.65096,72.40163,-2.1883562,-2.2201648,-1.4825785,-0.53868574,2.5495014,0.3113621,0.0,0.0,0.0,0.742507,2.8295217,0.518056,-0.017150879,0.08293915,-0.14649582,0,86.2088,3.1274703
9.05916,56.05807,39.062344,-1,-1,1,0.032009535,-0.008381187,0.0010729613,0.70413804,-0.655034,0.05712602,24.014807,145.83319,70.58759,-1.6304011,1.6100484,1.1976063,0.6776344,0.4188654,-2.3668413,0.0,0.0,0.0,0.6784214,-0.5250593,-1.1172115,0.048286438,0.015182495,-0.012001038,3,44.04286,0.21773532
41.088047,25.479448,51.197895,1,1,-1,0.0105900755,-0.012769281,-0.004080994,0.8338726,-0.83063227,-0.32264355,46.44014,82.914856,51.74037,-0.5050202,1.8485978,-0.1454301,-1.9479728,-2.829631,1.8769778,0.0,2.603577,0.0,-0.6722142,-0.28239685,1.8140998,0.03989172,0.034694195,-0.059555054,1,65.712975,-0.5869716
16.731676,14.376582,7.903556,1,-1,-1,0.010919661,-0.01486911,0.003809054,0.47851974,-0.751955,0.22245733,17.022669,14.458505,11.839952,0.18623407,0.10670476,0.9606275,0.5679353,1.0036287,0.18045592,0.0,0.0,0.0,1.1955059,0.613387,-0.51274693,-0.13762617,0.05614662,0.08853388,1,40.379635,-2.6740751
46.271996,52.248398,19.478447,-1,1,1,0.03194246,-0.021831175,0.029433848,2.2243302,-1.6767638,1.5508379,134.27934,93.2056,20.07476,1.7274292,1.1820782,-0.2467589,-0.20445773,-2.3557003,1.2942418,0.0,0.0,0.0,0.054474,0.91015536,-0.53890705,0.0038719177,0.019773483,0.010154724,0,47.287445,1.4333622
19.507048,11.030366,30.314213,1,-1,1,0.011810602,0.0078011863,-0.010498499,0.6058587,0.34626728,-0.7371024,21.672718,14.856762,31.2985,-0.466957,-0.81056935,-0.25412393,2.4092004,1.7812996,2.8417597,0.0,0.0,0.0,0.001736908,-0.1718393,-0.09008789,-0.0015335083,0.08028412,0.026935577,2,88.06468,-0.6399632
118.68822,36.21851,33.408535,1,-1,-1,0.011241501,0.006259431,0.004057762,0.83302784,0.44513813,0.23130904,385.86526,40.95209,44.183674,1.8475963,0.5058527,0.7829964,-1.5221937,-1.5785763,1.752903,0.0,1.2157233,0.0,-1.4248291,-0.1648216,-0.378062,0.0500412,0.002090454,-0.03853607,3,94.82323,3.1269362
22.493914,55.451653,42.60893,1,1,-1,-0.0069334153,-0.002650656,0.0058902595,-0.35708237,-0.21698722,0.43344086,22.504028,60.162003,95.871124,-0.029987223,0.4093103,1.4505858,-1.0428479,1.3300006,-0.8995538,0.0,0.0,0.0,-0.10502664,-0.10430841,-0.10430841,0.03711462,-0.05052924,0.004595518,0,50.807693,-3.0289667
213.35417,12.065616,224.50914,1,1,-1,1.9148101e-05,0.009223397,0.011170679,0.0010098289,0.55457896,0.97071505,309.29126,29.783997,365.56213,-0.91596794,-1.5529413,-1.0692834,2.2188354,1.0842698,-0.78998774,0.0,0.0,0.0,3.029029,-0.31992182,-0.77481055,0.037615776,0.007586479,-0.0063381195,3,86.17131,1.9010397
334.3029,40.53581,21.568516,1,-1,-1,-0.011738892,0.01138183,0.0016177424,-0.70456916,0.6767505,0.088776305,636.07245,40.684677,25.66714,1.258855,-0.08567739,0.6071196,0.25140232,1.0644597,1.1071889,0.0,0.0,0.0,2.099305,0.79929113,0.50396025,-0.0030708313,0.0012207031,-0.15194511,3,51.84366,-2.4811294
236.83925,60.755455,32.23068,1,-1,1,-0.00656426,-0.026122484,0.0007944154,-0.25241318,-1.2606745,0.06143101,461.23572,67.65109,32.302032,-1.2860801,-0.47204667,-0.06652827,-2.9355097,-0.66493875,-2.5612667,0.0,0.0,0.0,0.6991923,1.5859623,-0.24226278,0.10639858,-0.050278425,0.053816795,1,163.5265,3.0340507
13.122053,13.292465,272.42227,1,-1,-1,0.060729876,0.040001936,0.001282539,2.4574378,1.3924494,0.11593261,67.30395,27.196682,802.8363,-2.3184304,-1.3431305,1.7438303,1.1993817,0.2885688,3.0981622,0.0,0.0,0.0,-0.041744903,1.382023,-0.1987796,0.13397026,-0.105451584,-0.02619934,1,38.52013,2.0322511
11.222511,25.980612,41.909313,1,1,-1,0.026601985,-0.010100189,-0.0065133283,0.578397,-0.6105985,-0.4812063,55.015602,35.179855,53.64555,2.2722733,-0.8184784,0.7319323,2.3321242,1.85185,-1.9610038,0.0,0.0,0.0,1.6117232,-1.2430964,-0.15484339,-0.14102173,0.030601501,-0.030784607,3,175.5583,0.5849593
56.140835,40.019962,13.979869,-1,1,1,-0.004328102,0.0037291304,-0.0056311744,-0.3159748,0.24981247,-0.24399015,62.773045,42.528694,24.93625,0.48141423,0.35225797,1.1819651,1.6677834,-1.8676367,-2.158414,0.0,0.0,0.0,0.5694557,1.461047,2.231526,-0.069480896,-0.039016724,-0.055770874,2,78.21388,-0.22013792
36.617947,28.397205,29.701078,1,-1,-1,-0.038476314,0.00060252834,0.082295254,-1.369772,0.03464135,1.0240943,64.16655,70.400154,69.46264,-1.1604278,-1.557642,-1.49355,3.0309794,3.1032588,2.98744,0.0,3.9829504,18.012434,2.873577,13.362822,24.685648,-0.002090454,-0.059654236,-0.019176483,2,17.405527,0.70112693
72.957344,25.140482,43.593998,1,-1,1,-0.028737139,-0.010882436,-0.0034915651,-1.1892849,-0.11844784,-0.2598278,150.59666,95.79568,79.10588,1.3532407,2.0132043,1.2026112,-1.4104918,2.3363616,-2.3099408,0.0,0.0,0.0,-0.11105383,0.2839726,0.25111017,-0.07644653,-0.013404846,-0.054593086,1,9.794823,2.4173071
49.736088,35.2144,40.07764,-1,-1,1,0.011908628,-0.006388151,-0.005837418,0.94811285,-0.48439342,-0.48582935,55.987743,41.115448,40.19186,-0.49627864,0.57112074,0.075434074,-1.348333,2.7861829,2.8112025,0.0,0.0,0.0,2.3432653,0.20492452,-0.33370927,-0.044086456,0.10363388,0.07133484,1,90.17566,0.6936439
35.70232,48.469162,39.798588,-1,-1,1,-0.014756866,0.0013559014,0.0139454715,-0.8701314,0.1101317,0.88616854,105.479,51.626694,39.928314,-1.7464857,0.35902014,-0.080676004,-2.9941466,-1.3808787,1.6442953,0.0,0.0,3.4443357,-0.29183027,-0.8965935,1.9279912,0.06400919,0.06571531,0.012985468,0,28.89544,0.25645873
33.783154,22.441263,8.576094,1,1,-1,-0.032124408,0.009703671,-0.02559787,-1.4925293,0.26420537,-1.0860567,52.437767,26.798412,15.726,-1.0077096,-0.613484,-1.2151301,-2.8759506,-2.4968436,-2.5525148,0.0,0.0,0.0,-1.9479786,2.9504519,0.89047325,-0.034217834,0.02897644,-0.049980164,2,50.653698,1.3750712
17.41933,61.45722,28.488533,-1,1,-1,-0.0064511923,0.004723489,0.01334402,-0.3959015,0.36724657,0.93688154,22.884735,87.67134,104.500015,0.77278227,0.89359564,1.9737118,1.4193041,2.185773,-1.6348993,0.0,0.0,0.0,-0.23030847,0.51672375,-0.025301391,-0.04323578,0.07936859,-0.07552338,2,61.60112,-2.9600174
38.845604,13.650186,52.695457,1,-1,-1,-0.018667722,0.051965263,0.018379806,-1.1618379,1.2755728,1.4255713,98.028534,25.728859,62.90076,1.5770168,1.2477801,-0.61272687,0.32102618,2.9975483,-1.031331,0.0,0.0,0.0,3.4768913,-0.06949982,0.007881103,-0.0913167,-0.28009796,0.048523426,2,48.952938,1.2714617
222.9484,32.31186,26.652391,1,-1,1,0.017340207,-0.0059429766,-0.025086239,1.3535565,-0.40536094,-1.1478119,277.43433,38.871124,62.985516,-0.68561745,-0.6268649,-1.5050638,0.6284542,1.8166033,1.7488067,0.0,0.0,0.0,-0.52418107,-0.28613976,-0.62874436,0.017979622,-0.047211647,-0.0061101913,3,390.91455,0.87905335
12.999376,15.082468,31.044678,-1,1,1,-0.010675324,0.007718956,-0.012693101,-0.5134024,0.40675104,-0.9112975,13.2853155,36.101917,34.765156,0.20936213,1.5191572,-0.48480442,2.896299,-2.7582598,2.7768562,0.0,1.3135623,0.0,-1.0861006,1.3922256,0.20939636,-0.09548569,-0.0015239716,-0.02604866,1,60.189583,-0.38588765
61.814262,23.823153,32.211124,1,1,-1,0.015946317,0.004982359,0.011594629,1.2554411,0.3478788,0.82137847,88.62534,27.559649,42.86362,0.9006318,-0.55298877,-0.7923779,-1.8094596,-0.82200366,-2.4482732,0.0,0.0,0.0,2.37603,-0.44311354,0.84179235,-0.026477814,-0.054031372,-0.07218552,2,120.21904,0.94402087
70.70567,30.280807,95.6925,1,-1,1,0.00580364,0.015902648,-0.01496,0.38351604,1.1797255,-1.1428461,141.98503,33.319256,240.81203,1.3216298,0.44430277,1.5739806,-2.6443474,2.5586443,1.2366115,1.0538567,0.0,0.0,-0.44590986,-0.7567346,0.6467789,-0.018350601,-0.040245056,-0.0002670288,2,23.89636,-2.5449
156.10092,107.40521,67.33862,1,-1,1,-0.019701866,0.040213864,-0.00047817614,-1.4625218,2.8110528,-0.037250914,230.7785,386.7702,251.49228,-0.9428417,1.9545075,1.9924,1.1503702,-2.3747723,-1.2326211,0.0,0.0,0.0,-0.657096,-0.17902146,-0.17902146,-0.06506729,-0.10549164,-0.015750885,0,16.320417,-0.99791926
69.664314,62.068966,57.890034,1,-1,1,0.0035643615,0.009631954,-0.009373615,0.27339932,0.7417489,-0.6924174,202.66888,116.16798,291.42255,-1.730092,-1.2394285,-2.2993617,2.1947503,-2.0240607,-0.9887896,0.0,0.0,0.0,0.7079575,-0.5211839,-0.6075239,0.0025007725,0.047275066,-0.042503357,0,72.10438,1.095863
11.700363,46.9313,36.88325,1,1,-1,-0.16212636,0.014128166,-0.014991177,-5.1678896,1.1145355,-0.93501127,15.451449,52.68142,49.032333,0.78076166,-0.49009502,0.79087883,2.0741003,2.13315,-0.0076255547,0.0,0.0,0.0,0.3389076,-0.09185077,1.008208,0.23068142,-0.011137009,-0.033800125,1,51.652782,-2.0809672
32.743927,82.74461,25.733784,1,-1,-1,0.03633559,-0.007258462,0.008154421,2.8395612,-0.5781088,0.52237165,97.81676,342.38757,117.62323,-1.7582546,-2.0983999,2.2006416,0.60242766,2.7255116,-1.199782,0.0,0.0,0.0,0.64066625,-0.516885,1.309783,0.04169655,0.0121593475,0.051748276,2,50.120327,-0.6104449
33.961792,52.45598,17.791407,1,-1,1,0.0010903239,0.02024041,0.008148368,0.07938615,1.4933968,0.4646545,55.87548,53.682396,62.319897,1.08238,-0.21581219,1.9256829,3.0921025,-1.601627,0.9861009,0.0,0.0,0.0,-0.99204934,-1.1269155,-0.3316635,0.06550026,-0.0160923,-0.015703201,5,133.90938,1.409542
138.83629,28.097723,107.53856,1,-1,1,-0.0039056935,-0.01769406,-0.009920253,-0.28327543,-0.9052119,-0.7576595,596.8533,151.76724,132.64166,2.1377127,2.3711255,0.67063755,-0.14056121,-1.7598959,-0.8296094,0.0,1.9068501,1.6671166,-0.5066889,-0.7507948,-0.4154414,0.007297516,0.01686287,-0.04512596,8,69.364235,2.440375
35.133224,34.92003,10.255381,1,1,-1,0.01861048,-0.0125575885,0.023316134,0.636082,-0.5137226,0.8380082,91.57549,64.31054,21.762733,1.6121511,-1.2202865,1.3847353,1.2786442,-0.77446437,-1.5277395,0.0,0.0,1.4228722,-0.34203973,2.4154143,-0.0038181762,-0.021018982,0.018333435,-0.0024871826,2,180.14897,-0.7388155
72.40147,116.91119,41.798534,1,-1,1,-0.005627984,-0.0001545511,0.00019642388,-0.44498792,-0.011925036,0.01546536,124.501816,119.22917,42.904224,-1.1373659,-0.19880286,0.22949485,1.194709,-2.5128365,-1.2324889,0.0,0.0,0.0,0.10152313,1.7239214,-0.60060084,0.051836967,0.04883814,0.003616333,0,73.15203,-2.1621509
89.240814,73.73677,31.145979,-1,1,1,-0.014035689,-0.00024941977,0.0073459963,-0.94414246,-0.017709803,0.43574527,98.98916,87.09575,35.904995,0.46325716,0.5932124,0.5459985,0.4540205,1.0604588,-1.9619293,0.0,0.0,0.0,1.5505998,1.8665311,1.4917793,-0.081674695,-0.023046046,0.017382234,2,68.06493,-2.6832235
29.899195,28.349852,141.62914,-1,1,-1,0.014570537,0.002466206,-0.0037052166,1.0386623,0.16683578,-0.31350166,74.611786,31.325,431.64682,1.5648079,0.45420742,1.7794718,-0.14013703,1.1732517,1.0958008,0.0,2.3097675,0.0,-0.28470334,-0.8502028,1.2219139,0.008296013,-0.016788006,-0.064114094,3,24.886538,-1.3599572
24.9227,19.67764,109.94924,1,1,-1,-0.0090912385,-0.016395748,-0.017414534,-0.49209285,-0.95473546,-1.4174298,48.758118,29.992805,142.80032,1.2913958,0.98375994,0.754967,2.5417151,0.07140213,2.7360327,0.0,0.0,0.0,-0.7280941,0.71642035,-0.6923498,-0.01586914,-0.0450325,0.0006713867,3,67.6393,-1.1198184
19.529783,235.17206,41.552994,-1,-1,1,-0.00032932512,0.020843362,0.023395536,-0.018759185,1.7939668,1.8007342,54.842003,263.1744,43.4843,1.6923337,0.48328233,-0.30370876,3.0594,1.3064779,1.7608291,0.0,0.0,0.0,0.05117169,-0.4046034,-0.4046034,-0.078810215,-0.01080513,0.012965679,3,10.135592,-1.3180146
18.195267,46.790653,69.66188,1,-1,1,0.012753319,-0.006080873,0.0010163762,0.6431583,-0.48424238,0.077658676,21.083914,49.575485,70.62217,0.5562853,0.34331706,-0.16584483,1.2320906,-1.6643915,3.0552456,0.0,0.0,0.0,1.3762562,1.770908,-1.4910865,-0.053466797,-0.025417328,-0.049655914,4,55.024242,2.312832
37.287415,33.795406,9.447825,1,-1,-1,0.0144439805,0.014125333,0.06555916,1.0609524,0.99941146,2.872926,43.09006,37.775013,9.474966,-0.5508953,-0.48065522,-0.07578062,0.018527618,-0.14331585,-0.6775412,32.010933,35.038673,0.0,32.311214,37.411125,1.7163793,0.0019035339,0.022583008,-0.047157288,3,102.23106,-0.8604562
70.05458,30.429817,47.894066,1,-1,1,-0.001994088,0.02161222,0.02537498,-0.112947814,0.9900003,2.0311887,76.31272,39.885384,49.063778,-0.41960248,0.7692262,0.22055271,0.7187995,2.5877888,-2.6801834,0.0,0.0,0.0,1.7216434,0.57347876,0.54048765,0.043361187,0.013950825,0.05487728,2,26.36753,-3.1149108
46.941086,8.307253,20.870893,1,-1,-1,-0.006497181,0.0002395789,0.013923004,-0.3483837,0.010899766,0.8911445,92.36299,8.426726,123.93588,1.2980679,0.16939609,2.4673893,-1.4993821,-0.9995653,-2.7371013,0.0,0.0,0.0,0.94522166,1.2244292,0.19411014,0.002029419,0.031410217,-0.13868332,0,40.76934,0.18147916
30.732426,18.011147,35.97858,-1,1,-1,0.006611484,-0.0061757695,0.019758197,0.41401634,-0.3662296,1.3910619,37.670155,39.218853,157.34703,0.6598933,-1.4138441,-2.1553419,-2.3983862,1.459144,-0.5171457,0.0,0.0,0.0,-0.5928677,-0.7589008,-0.29101363,-0.011623383,0.064891815,0.012577057,0,25.306807,1.9954293
11.998592,23.585485,39.12993,1,-1,1,-0.012698206,0.0089931935,0.013120095,-0.8431243,0.54421854,0.94604915,12.12841,76.14776,41.130913,-0.14670867,-1.8402947,-0.31844458,-3.0006254,-0.5977181,0.21389607,0.0,0.0,0.0,1.335119,0.45037767,0.24930738,-0.06359863,-0.03359604,0.0026550293,0,91.818695,2.9604416
118.52649,37.18524,89.62541,-1,1,-1,-0.0005633453,-0.005212239,-0.0069015278,-0.038467053,-0.35770693,-0.5823597,136.12213,71.93993,90.71241,0.5383661,-1.278369,0.15558343,-1.0446839,2.053579,2.2258651,0.0,0.0,0.0,-0.25891602,0.9507191,-0.14563867,0.041545868,-0.0002822876,-0.047042847,0,49.287918,-1.0382748
61.81745,23.967514,40.063095,1,-1,1,-0.025270302,-0.0044005206,0.010048007,-1.4424726,-0.25779453,0.77944916,65.865,25.008577,124.54792,0.3599264,-0.29368547,1.8004485,-2.0214942,0.7609865,0.6065247,0.0,3.8766751,0.0,-0.7186958,0.81214994,-0.2566587,-0.05232525,0.06235504,0.04722309,0,30.484406,2.8254952
70.66081,50.880287,47.2393,1,1,-1,0.014743161,-0.0121559575,0.026538314,0.53821397,-0.42939708,1.7584219,378.3837,292.42004,67.20386,2.3623302,2.4342067,0.8897365,2.2168005,1.583877,2.5264318,0.0,0.0,0.0,1.0581094,-0.33408913,0.38599712,0.21236801,-0.03778076,-0.026470184,4,30.316399,-2.4775894
66.6731,33.9413,29.410912,-1,1,1,-0.008851648,-0.0026279406,-0.023244282,-0.50841135,-0.14739792,-1.1847456,274.17322,121.48729,39.027843,2.0919826,1.9482135,0.7881277,0.41292986,3.0431182,2.1745636,0.0,0.0,0.0,-0.5176727,0.27391723,1.3756816,-0.029468536,-0.0017318726,-0.059249878,0,51.750916,-1.7770014
58.227657,27.789062,65.03748,-1,-1,1,-0.012538487,-0.0038934182,-0.009025692,-0.9853254,-0.27153727,-0.7111137,89.11222,59.96861,68.37335,-0.98914164,1.4037161,0.31892854,0.16491297,-0.36596367,1.7891881,0.0,0.0,0.0,0.2250052,1.0574287,1.0044024,0.021728516,-0.023426056,-0.013648987,1,50.486313,-2.0711648
24.006836,136.42099,65.110535,-1,1,-1,0.027709754,0.016115135,-0.0010424812,1.6654087,1.3443391,-0.087310255,62.88869,311.95087,282.49707,1.6175737,1.4685897,2.1471758,2.9388726,2.1940424,1.4725169,0.0,0.0,0.0,0.7271294,0.10682757,0.54539883,0.0058937073,0.015862465,0.049077034,4,5.612759,-0.5840669
27.514956,36.376812,90.29958,1,1,-1,-0.0045018657,-0.03147854,-0.0075898203,-0.31686145,-1.9331203,-0.6177428,27.727533,83.895966,98.380226,-0.12416703,-1.4780821,-0.41995883,2.9426634,-2.9282587,-1.1449424,0.0,0.0,0.0,0.026894104,-0.5929218,-0.5929218,0.045944214,0.040222168,-0.037010193,2,92.87685,0.94615996
109.92791,21.016287,177.90703,-1,1,-1,0.0020110602,0.0017151542,0.01038816,0.1649294,0.09889249,0.8478476,115.803665,37.427654,207.78206,-0.32551825,-1.180037,-0.57170755,2.6631398,-0.06250165,-1.5047795,0.0,2.7882442,0.0,-1.26439,-1.29268,2.6923091,-0.08935547,-0.024414062,-0.074295044,2,30.86132,-0.060741972
63.487934,71.566505,16.446337,-1,-1,1,0.010573779,0.011915488,0.020058865,0.6231883,0.78278494,1.1992245,196.07088,71.60697,16.78304,1.7934667,0.033625934,-0.20200697,-0.05923519,3.0554616,1.3957355,0.0,0.0,1.1695513,1.626115,0.6299097,0.40315706,0.08814621,0.08421326,-0.08735275,4,126.814384,-2.756527
38.163498,58.569557,51.6693,1,1,-1,-0.0145774875,-0.005941136,0.025538046,-1.1105025,-0.40099806,1.8772728,48.30176,143.92657,108.665924,0.7136623,-1.5479982,1.3745381,1.8341252,2.6494136,-0.4868283,0.0,0.0,0.0,-0.9180342,1.1608509,-0.30010206,0.05161476,-0.048591614,0.039600372,2,125.3097,-1.2631519
33.874943,39.342476,19.88632,1,-1,1,-0.00022799287,-0.0023812808,-0.02385491,-0.017956667,-0.1838486,-1.2412822,36.00448,74.63283,61.258644,-0.35273895,1.2553381,1.7907659,1.0249472,1.4007256,-2.038291,0.0,0.0,1.1602025,0.004525757,-6.4697265e-06,-0.34920233,0.072639465,-0.09677887,-0.012874603,1,32.63483,-2.3908355
51.375973,28.425993,14.245991,1,1,-1,-0.016361287,-0.0061421287,0.034741048,-0.9497012,-0.3576167,1.9690174,100.02134,68.14006,21.091072,-1.2857134,-1.520751,0.94476664,-2.7631989,-0.028091097,1.5560389,0.0,0.0,0.0,-0.9664883,2.5978599,-0.3890011,0.031368256,-0.044015884,0.02357483,1,28.9888,-2.1284423
59.33254,35.868114,78.15667,1,-1,1,0.0016941101,0.04228684,0.00044549702,0.08207952,2.904644,0.0366772,124.74674,45.33164,78.156975,1.3742126,0.7113271,-0.0024456247,-2.8809726,1.5485859,-0.30951408,2.3500197,0.0,0.0,4.7428627,0.3277115,0.33016792,-0.006214142,-0.08638382,0.072250366,1,49.667645,1.5926602
40.701546,25.038012,20.334139,-1,1,1,-0.0015245782,0.0040389076,-0.01945133,-0.084049195,0.26075447,-1.344494,116.00403,46.017044,93.67817,-1.7082032,-1.2178487,-2.2087176,2.529509,-2.4635618,0.1596754,0.0,0.0,0.0,-1.1284858,-0.09521155,-0.31508932,0.05260086,-0.11382294,0.003829956,0,25.247295,-2.4735024
70.42769,46.322453,33.8274,1,-1,-1,-0.0021084766,-0.0011257193,0.044207707,-0.090818055,-0.065656744,1.3261203,149.17195,163.49103,137.15442,-1.3825996,1.9335765,-2.077417,-0.28979492,2.574892,-2.4151108,0.0,0.0,0.0,-0.4721327,3.4216173,-0.1702763,-0.031665802,-0.020999908,0.0018501282,1,27.006018,0.45802578
153.48058,104.32716,91.76694,-1,-1,1,-0.012326646,-0.004209754,-0.01300161,-0.94060564,-0.361719,-1.0792955,205.31154,122.28966,93.29406,0.8003025,0.578703,-0.18217961,1.3871298,0.35362485,0.697007,0.0,5.4688916,0.0,-0.4854408,1.9902104,2.5803115,-0.01777649,0.012052536,0.013576508,1,40.295288,-2.05405
33.62455,19.089558,7.4925575,1,1,-1,0.0026720283,0.029620126,-0.020044724,0.15272543,1.5530362,-0.603467,33.681835,26.83548,11.443089,-0.058363214,0.8728765,0.98641783,-2.5364647,-0.44949877,0.3033923,0.0,0.0,0.0,-0.0882865,-0.48470515,1.1402113,-0.0016059875,-0.022388458,0.01833725,1,48.3607,1.0442771
71.559715,120.175835,19.275528,-1,-1,1,-0.025130015,-0.0031161096,-0.015942099,-1.6044595,-0.24884889,-0.9719317,74.15109,332.4028,70.747375,0.26831427,1.6761324,1.9743282,1.9524406,-2.8333826,0.9742193,0.0,0.0,0.0,1.8206245,0.23533487,-0.20778811,0.06869888,0.028621674,-0.005504608,4,40.29903,1.4477055
40.90983,31.57684,19.773655,-1,-1,1,-0.015709275,-0.0004468185,-0.0002825574,-1.0325361,-0.030889133,-0.017234214,47.74077,74.97417,106.431305,0.5701319,-1.5102404,-2.3675528,1.6146777,-0.14189628,-2.8258336,0.0,0.0,0.0,-0.09516153,0.45315593,0.037231263,0.033581734,0.011281967,-0.00603199,2,41.314922,1.8497655
59.503635,36.78764,31.263262,-1,1,-1,0.013112625,-0.004109195,0.0100696115,0.7643156,-0.31258002,0.46517953,60.46849,37.081482,80.10778,-0.1798412,0.12630853,-1.5936204,0.45327923,3.1386487,1.5194317,0.0,0.0,0.0,0.274155,0.22479697,-0.09092519,-0.05457115,0.075798035,0.01951027,3,50.55673,-2.2242424
91.204414,16.746002,28.423485,1,-1,-1,-0.020757543,-0.021380924,-0.0041370606,-1.5902411,-0.92534995,-0.26820564,137.05971,17.802277,108.030106,-0.9649011,-0.35328674,-2.0105672,-0.6733761,0.05459174,0.8712453,0.0,0.0,0.0,2.8586206,3.963085,-0.32771984,-0.039030075,0.0295372,0.022946358,0,152.77733,2.875208
177.48976,68.3377,28.716034,-1,-1,1,-0.0013179164,-0.0002780292,-0.0030187347,-0.093051344,-0.019052045,-0.14100757,345.08932,216.1733,76.814575,-1.2841716,-1.8187903,-1.64016,-1.2660968,1.9036558,-1.1818063,0.0,0.0,0.0,2.6593308,0.46529698,1.8364401,-0.01796341,0.027694702,0.056186676,3,68.26638,-0.75287354
81.98032,29.982136,10.916795,-1,1,1,-0.009829681,-0.03209197,-0.072387025,-0.73970234,-1.5807077,-2.66214,85.97942,54.12185,65.161224,-0.31109408,-1.1963357,-2.472616,0.81853825,2.805148,2.1588368,0.0,4.130421,0.0,0.03883667,0.044080995,-0.46940833,-0.037366867,0.0035934448,1.1695919,0,81.052,-1.9104891
125.38511,18.640778,97.645836,1,-1,-1,-0.018927652,0.009989021,0.007914795,-1.2095937,0.5292137,0.61895657,238.39415,22.140886,263.0502,-1.2579974,-0.6036022,-1.6477665,2.0870495,-0.20899026,-1.5919586,0.0,30.189404,0.0,0.19195263,7.9507084,0.096673764,-0.007024765,-0.056043625,-0.028217316,1,62.911266,2.1970506
28.49199,36.11177,32.081444,-1,1,-1,0.01854588,-0.01432015,0.008675205,0.8981497,-1.0522698,0.65479106,75.74456,43.24374,49.300274,-1.6334772,-0.61857086,0.9945673,0.49058664,-0.9778718,1.3529661,0.0,0.0,0.0,-0.05929016,-0.014824249,-0.017241241,-0.0037326813,0.008060455,-0.0538826,2,102.24093,1.8426061
13.777371,20.948404,71.79709,-1,1,1,-0.016770696,0.01779455,-0.0010529484,-0.79929274,1.0890265,-0.08034375,18.128744,25.912352,185.4276,-0.77521855,-0.67548877,1.6021851,0.62679607,0.25113207,2.9669511,0.0,0.0,0.0,0.8502787,-0.5399531,1.0928613,0.0045843124,0.005800247,0.009766579,0,37.257217,-0.34638038
82.29906,12.849906,28.93937,-1,-1,-1,0.050826304,0.0029823298,-0.019809734,1.8230026,0.16379514,-1.182033,339.58853,15.621468,66.40951,-2.0955045,-0.6455246,-1.4725214,1.9263653,-2.0486047,0.25943062,0.0,0.0,2.9866986,-0.69386154,-0.0054797363,-0.24986035,-0.1785016,0.012735367,-0.01799059,1,66.17287,1.6890409
60.90632,55.65673,23.7746,-1,1,1,0.0116444,-0.031175701,0.032164596,0.83903885,-1.3371726,2.276952,72.65359,101.5252,85.60617,0.611514,1.2088803,1.9544209,-2.1635134,-0.6195639,2.3511486,0.0,0.0,0.0,0.3911233,-0.38315496,0.101302795,-0.028938293,-0.04811859,0.038108826,1,89.39715,-1.0795677
32.586082,60.801464,49.48671,-1,-1,1,-0.02598244,-1.983779e-05,0.009695999,-1.8965975,-0.0014295203,0.7119995,43.18376,64.68921,181.47403,-0.78609765,-0.35572505,-1.9734241,0.9319096,-0.09612997,-2.8321228,0.0,0.0,0.0,0.83276963,-1.1064562,0.27408245,0.011107445,0.048462868,-0.01678276,1,40.297768,-1.998995
18.710054,36.631203,7.1216035,1,1,-1,0.05168723,-0.005073224,0.0130246775,2.7363784,-0.3425184,0.6896338,31.88278,43.1148,7.7139497,1.1261681,0.5865239,0.40484306,0.14150466,3.0029655,-1.7491453,1.1586348,0.0,0.0,0.3987817,-0.69564605,0.7305754,0.016233206,0.023682356,0.041446686,1,68.208725,-0.4455074
79.42614,27.173956,39.487244,1,1,-1,0.0008388299,-0.016390044,0.0069535924,0.067831114,-1.1392916,0.4376392,119.06855,99.87166,198.49953,-0.961627,-1.9757295,-2.2979128,2.6846385,-0.38002434,0.018131241,0.0,0.0,0.0,2.3700426,0.37593085,-0.019062119,-0.029283524,0.0013504028,-0.12030411,1,55.387726,-0.84168214
16.649385,59.3934,61.60931,1,-1,1,-0.045609087,-0.0057418924,0.0022057283,-1.0472407,-0.46094492,0.16255784,81.05984,138.25887,177.73102,-2.2652438,-1.4883908,-1.7211131,0.3460987,-3.02328,-0.56955063,0.0,0.0,0.0,0.24629354,-0.66308486,0.07256384,0.013382077,-0.020695806,-0.037343383,0,53.28696,2.1742995
306.77554,176.1535,132.7768,1,-1,-1,0.019159216,0.015919441,0.0005987728,1.4289799,1.2606456,0.037027385,309.47543,178.01813,312.52042,0.1325747,-0.14537263,-1.5006188,1.0574262,0.80891794,0.8125692,0.0,0.0,0.0,4.0488224,-0.46940473,12.752628,0.037139893,0.029382706,0.06478119,3,118.48651,-2.4783013
131.17297,83.74081,32.0864,1,-1,1,-0.029090676,0.012334176,-0.0008742982,-1.4411283,0.82080746,-0.04046824,183.0804,302.8889,130.58617,0.86263007,1.9591051,2.0813012,-0.20484401,-0.28457233,-3.0708532,0.0,0.0,0.0,-1.7336165,0.44652954,1.2277031,-0.008415222,-0.063150406,0.074941635,1,56.450127,-0.37632155
61.4371,71.72002,31.20222,1,-1,1,-0.026864303,-0.015570733,0.011296448,-1.1043192,-1.2645606,0.7847136,144.77022,414.78284,160.37466,-1.5018709,-2.4405727,-2.32057,-0.16050489,2.6097236,-0.8106789,0.0,0.0,0.0,0.07272757,-0.4603874,0.17193449,0.035541534,0.040161133,-0.048461914,0,23.52341,-1.2407231
88.19834,36.06843,23.357553,1,-1,1,-0.030406559,0.015701987,0.01312737,-2.0400918,1.0770965,0.36954468,88.50378,40.334312,111.14063,-0.08319868,0.48168722,2.2417936,-2.5705826,0.2337841,-0.9801023,0.0,0.0,0.0,0.85635877,0.38150266,-0.29826313,-0.09372711,-0.019897461,0.19055939,0,59.299393,1.1990982
12.81668,7.9930177,20.40663,1,-1,-1,-0.010229021,0.0055116704,0.0001311529,-0.60864276,0.28862256,0.0073798043,16.142908,8.172588,32.439537,0.705678,0.21117522,1.0386356,2.3830762,2.5814102,2.677447,0.0,0.0,0.0,-0.43776578,1.3082848,-0.43776578,0.047878265,0.008169174,0.0606308,1,25.430729,0.106715836
22.628723,36.506344,51.056416,1,-1,1,0.01004682,0.0051406086,-0.016301733,0.6519492,0.39923167,-1.348601,23.208738,44.26147,53.990505,-0.22593415,-0.6407915,0.33741233,2.6633487,2.0006275,-0.67490196,1.4145327,0.0,0.0,-0.2931965,-0.44721004,-0.44721004,0.0049972534,-0.04987526,0.0043296814,0,35.367176,2.9705434
26.987946,20.12308,31.8355,-1,1,-1,-0.026693389,-0.00078958226,-0.004742952,-1.7885423,-0.03840663,-0.34535354,36.682068,20.123081,32.519863,-0.8240708,0.00021667877,0.20695388,0.9487525,1.0943949,0.363588,0.0,0.0,0.0,0.31628674,-0.07044086,0.02696466,0.040714264,0.0029850006,-0.05508423,3,67.61525,0.089340836
65.39558,7.7694497,48.836357,1,-1,1,0.010460259,-0.0182884,-0.0034346383,0.8578414,-0.9173986,-0.25863606,91.414894,7.984425,50.71054,0.86484236,0.23432249,-0.27615812,-2.5148585,2.2396212,2.2165966,0.0,0.0,0.0,-0.77640086,1.7217067,3.1483922,0.022212982,0.058937073,-0.10259247,2,27.261372,-0.5566647
139.3319,80.658844,26.698309,-1,-1,1,-0.025268836,0.015300196,-0.01110714,-1.4877065,1.1725329,-0.76958406,631.67267,117.072075,105.50687,-2.1922681,-0.9176674,-2.0509155,2.7149708,0.3406594,-2.6841629,0.0,0.0,0.0,-0.45915604,0.6492066,-0.013394989,-0.010925293,-0.010311127,0.052188873,2,55.456234,1.585743
28.704159,117.19098,17.584332,1,1,-1,-0.033233512,0.013024185,-0.025623266,-1.9218206,1.0886959,-1.6178296,33.083298,127.16873,21.103327,-0.5455766,-0.4097784,-0.62252235,-1.1228305,-2.9952788,0.10948208,1.7854619,0.0,0.0,0.009416076,-0.7326413,1.483383,-0.0730629,-0.0003681183,0.006511688,2,125.49972,-2.1086502
52.80804,38.96664,13.380819,-1,1,1,-0.012590578,0.016660307,-0.0012369311,-0.5915229,0.7811709,-0.07251938,59.085327,42.218796,13.978718,0.48288065,0.40576893,-0.2978402,2.6544318,-0.38409242,1.3989664,0.0,0.0,0.0,0.47616315,-0.98960245,2.4589362,0.08092499,0.05348587,0.0075416565,2,83.549835,-1.7782768
172.05312,37.262535,154.36906,1,-1,1,0.00026415227,0.008888411,0.0052561834,0.017707521,0.6429597,0.46149933,317.97495,50.96243,167.17593,-1.224459,0.8331926,0.40457404,-1.0506837,2.8977363,1.779054,0.0,0.0,0.0,-0.12683155,-0.6885868,-0.7688955,0.030617654,-0.00032538176,0.03972572,0,54.790775,-1.7860204
21.144373,29.086733,61.766605,1,1,-1,0.005584091,0.022016691,0.014829838,0.37058342,1.5336827,1.138543,21.301577,34.3327,74.63923,0.12176363,0.59190524,0.63489306,1.3833498,-0.7031095,0.15905923,0.0,0.0,0.0,-0.5224575,-0.5224575,0.39840168,-0.04194641,0.00868988,-0.038448334,2,68.04009,0.117851876
60.88929,10.531881,58.9878,-1,1,-1,-0.046152838,-0.023683645,0.01289161,-3.1196568,-0.9561489,1.0563824,123.22492,10.977142,84.76206,-1.3305647,0.28976858,0.9037454,2.1168585,-1.5067122,2.0280428,0.0,116.5129,0.0,-0.9277806,119.5156,1.0520264,0.033367157,-0.06787872,-0.0118637085,1,32.24566,1.7367032
67.05971,27.391201,41.863155,1,-1,1,0.0032927096,0.0034243187,0.017086655,0.24833958,0.17137682,1.1938868,81.46817,75.29722,124.437004,-0.6443268,-1.6695116,-1.7529631,2.286513,0.0053669424,-2.5962245,0.0,0.0,0.0,1.5719641,0.22573751,0.77821994,0.007840395,-0.025707364,-0.061407924,2,68.3494,-1.0059223
57.50295,85.83562,22.629295,-1,1,-1,0.0005690125,-0.017849756,0.019266576,0.035952218,-1.374612,1.3797828,89.113716,180.61537,29.625141,1.0056323,1.3751309,0.76734483,1.5473334,-2.7042992,-0.026032476,0.0,0.0,1.2349002,-1.2023294,-0.77610266,-1.0660135,-0.057660103,0.00037050247,-0.06577563,0,33.69994,-0.97423464
47.258873,38.844944,22.616217,1,-1,1,-0.012014497,0.001131913,-0.016080389,-0.753713,0.07278218,-1.0065519,50.045742,42.283077,77.15058,0.3417593,-0.41769236,1.8980274,-0.95199436,1.9803147,-0.40661246,0.0,0.0,0.0,1.5360748,0.31540716,-0.39765343,-0.022956848,-0.02143097,0.06850815,1,37.761505,-2.5347595
337.8366,113.40738,36.076424,-1,1,-1,0.0017115427,0.0011923446,-0.01483564,0.13834588,0.09296751,-1.0012192,901.7134,146.5956,36.095238,1.6377828,0.74751765,0.032296743,-0.1890033,1.9062349,0.603737,0.0,0.0,0.0,7.009755,4.2051797,1.5057794,-0.061862946,0.0047836304,-0.05498123,2,10.618501,-2.752068
7.4068613,11.643898,34.24231,1,-1,1,0.007399574,0.03771903,0.011253387,0.32947382,2.1820223,0.81414044,18.362947,12.188283,85.41639,1.5576495,0.30448046,-1.5643815,0.117096886,-0.7314072,0.06448923,0.0,0.0,0.0,0.90599257,2.270348,-0.23995374,-0.04478836,-0.011455536,0.11306381,0,92.91271,-3.1394565
37.23536,30.63232,31.454567,-1,-1,1,0.014452694,-0.011851795,0.0036266644,1.0426959,-0.87998945,0.2601766,81.0316,35.94345,35.924164,1.4131871,0.58066803,-0.52697057,-3.0434077,1.2874775,2.3462527,0.0,0.0,0.0,4.8228765,-0.7117612,1.3529013,0.068590164,-0.11496782,0.035773754,0,111.349655,-1.0463907
207.69208,25.779446,80.720055,1,-1,1,0.0033540742,0.00065400696,-0.009898916,0.2656124,0.04760394,-0.7753891,224.36124,29.48203,106.97562,0.39801458,-0.52972883,0.78615427,-2.7862356,-2.1014721,2.5461237,0.0,0.0,0.0,0.6909158,2.9860294,1.6374677,0.018753052,-0.0024719238,-0.014404297,1,98.62586,2.6709893
63.98361,29.815382,56.65164,-1,1,-1,-0.0040381327,-0.0081231855,-0.009066187,-0.30126745,-0.45844692,-0.6696897,74.32811,47.030888,74.52001,0.5612422,1.0286626,0.77471757,2.3298361,-0.08926114,-2.8379314,0.0,0.0,0.0,1.3842866,-0.00891687,0.39923695,-0.0458225,-0.008333921,0.022025824,0,76.35265,-0.35622266
89.02152,93.20168,29.108877,-1,1,-1,-0.0069508324,0.0017693036,-0.010055078,-0.5789242,0.13460474,-0.6789125,167.40633,503.25076,152.54591,-1.2450483,-2.3707829,-2.3403394,2.4624822,-1.0265138,3.0876155,0.0,0.0,0.0,-0.6696384,-0.24007206,-0.056420412,-0.06845856,-0.052742004,-0.012393951,0,53.275223,-0.7457546
53.68194,31.485706,10.341332,1,-1,1,0.009304815,0.022114078,-0.04183576,0.49816707,1.3635569,-1.9961131,84.56322,39.85253,10.490141,-1.0269067,-0.7137643,0.1691396,1.2830188,-1.0087229,-2.936463,0.0,0.0,0.0,-0.25233224,-0.6698966,-0.6296219,-0.029506683,0.12678146,0.025657654,1,66.590096,-2.4682097
11.770372,48.588814,113.84967,1,1,-1,0.007344244,0.0051574153,0.005307285,0.23460348,0.3862948,0.43915716,22.767206,83.32954,118.77698,-1.2781553,1.134064,0.29315528,-0.26519543,1.8829329,2.1704836,0.0,0.0,0.0,1.7256472,0.93450266,-0.46879345,-0.064575195,-0.1267395,-0.0013198853,1,72.5942,-0.20460209
7.5611963,11.183412,15.36112,-1,-1,1,-0.01997638,-0.0011234854,0.008991631,-0.83769643,-0.05725585,0.47119176,38.596676,52.37193,81.577385,-2.3135445,-2.2254846,-2.3538742,-2.6189773,2.6825888,2.3213558,0.0,0.0,0.0,-0.08328006,-0.11565344,-0.0079190675,0.011831284,0.03154564,0.17916298,0,30.193228,-0.4777533
27.042517,23.295813,75.84833,1,-1,1,0.018138614,0.014495883,-0.021574525,1.1603628,0.91174394,-1.5278205,33.099464,25.404425,89.3684,-0.6573944,0.42232975,0.588546,-1.5798706,-1.8465754,1.176107,0.0,0.0,0.0,-0.4088214,-0.20520031,0.30047712,0.0075912476,0.019264221,-0.06639099,0,57.806564,-2.2150288
174.39584,13.9859295,27.193216,-1,1,1,-0.011065778,0.005833696,0.011210828,-0.9008635,0.35274717,0.8163458,189.40868,22.193144,28.00405,0.41201252,1.0363282,0.24357018,-0.10964444,1.9788523,2.2769248,0.0,0.0,0.0,-0.60284275,-1.2056941,-1.160935,-0.013515472,0.069934845,0.047080994,2,75.923615,1.914944
112.31368,86.71363,73.98544,1,1,-1,-0.008020517,-0.00038542025,-0.01822363,-0.61266565,-0.029695101,-1.5608507,218.85907,253.17464,125.36532,1.2867846,1.7339067,1.1191901,-2.8142798,1.572016,2.3803635,0.0,0.0,0.0,0.6649185,-0.6039265,-0.76742285,0.016542912,0.017700672,0.035460472,1,84.5613,-0.9574067
73.89396,24.690458,31.287825,-1,-1,1,-0.004184986,-0.0024285156,-0.0012011214,-0.32145026,-0.11379695,-0.06492317,94.94852,74.89607,70.92184,-0.7380259,-1.7744831,-1.4588491,-1.6351138,2.4216514,0.94752795,0.0,0.0,0.0,-0.47934082,0.31261474,-0.84325653,-0.004501343,-0.012477875,-0.01958847,0,31.745796,1.4486666
10.649676,14.031829,7.2264442,-1,1,1,-0.0008715167,0.026971778,0.057292774,-0.04505281,1.7014605,2.1557562,15.0100975,23.81794,28.915318,0.8765503,1.1213416,2.063771,-0.6836078,-0.9091925,0.6690918,0.0,0.0,0.0,0.44792145,-0.35879126,-0.096525066,0.02999115,-0.008232117,0.029685974,0,41.78792,2.8509693
41.9773,20.072605,115.194626,-1,1,-1,0.017968463,-0.010454097,1.0542184e-05,0.69420904,-0.7333127,0.00089935825,91.76665,20.144224,151.03336,-1.4182962,0.08428637,0.76967525,2.5825872,0.06419478,-2.1418722,0.0,0.0,0.0,0.4186924,-0.119935244,2.1964986,0.012748718,-0.08367157,-0.018737793,1,122.70863,1.2052406
55.022987,63.985092,34.23646,1,-1,1,-0.014972409,-0.01399634,0.010042693,-0.84505796,-1.1517549,0.7316627,71.54966,76.17086,58.20265,0.7568654,-0.6077669,-1.1232431,-2.5594275,-2.5062513,1.260243,0.0,0.0,0.0,2.6835232,-0.7367409,1.9197712,0.08979988,0.016191483,-0.07552338,2,41.797794,0.11629548
248.87828,74.25823,90.89612,-1,-1,1,0.00041985878,-0.025603337,-0.012855647,0.02885351,-2.125849,-1.0730654,312.4701,168.11185,109.837326,-0.70045424,-1.4574351,-0.634858,-0.43008226,-2.6014264,3.0164187,0.0,0.0,0.0,-2.1670117,-0.01568463,3.8294542,0.0016937256,0.04504013,-0.024711609,5,70.131165,-0.18881443
158.88113,46.187878,67.514946,1,-1,1,-0.017249305,-0.024866037,-0.013395122,-1.1662117,-1.3832748,-1.1177123,206.12634,47.403126,89.3379,-0.7532491,0.22889471,0.7838093,-2.5035977,-2.4079251,-0.31259724,0.0,0.0,0.0,-1.2819514,1.7012196,-0.23359075,0.11298561,-0.0076999664,0.029016495,2,60.397625,1.4178231
70.61211,49.103703,46.658764,1,-1,1,-0.018907823,-0.0074783145,0.030711556,-1.0386899,-0.5620692,2.091299,83.30542,114.62496,141.73099,0.5909646,-1.4914753,-1.7759501,-0.6255597,-2.1838913,1.5336487,0.0,0.0,0.0,-0.31712562,0.84931946,0.7311095,0.09389973,0.002398491,0.008255482,1,23.79499,-2.5401988
72.69595,46.12422,21.387589,1,-1,1,-0.012247085,0.014925806,0.023523415,-0.81081563,0.52761275,1.4555266,107.68652,145.89476,23.96237,0.94553196,1.818715,0.4858712,-0.29472575,-1.6712747,2.8620346,0.0,0.0,0.0,0.78556263,-1.1260647,2.3536997,-0.063964844,-0.042744637,0.011274338,4,86.266136,0.55657035
25.50805,51.93534,31.173601,1,1,-1,-0.0027532896,0.00021433282,-0.011240535,-0.16417871,0.017851407,-0.73667395,43.944847,52.027653,36.307568,1.1396364,-0.059579223,-0.5663091,-2.5909765,0.25324798,-2.530139,1.2494195,0.0,0.0,2.668488,-0.22263354,3.2944963,0.048687935,0.048214912,0.028779984,1,57.59783,1.6244783
70.62488,23.312696,70.00777,1,-1,-1,0.009680546,-0.0012017239,-0.0045326618,0.7162745,-0.07141278,-0.34449583,134.18686,25.348076,291.80945,1.2571923,-0.4148881,2.105932,-2.0784063,-0.7838966,1.002711,0.0,0.0,0.0,1.2584064,0.63971573,-0.61655897,0.009029865,-0.06342745,0.09713411,1,6.830113,0.3626128
160.96016,38.834694,31.644434,-1,1,1,-0.011668475,-0.01873968,0.032138407,-0.9209265,-1.3945512,1.2673155,284.1567,48.71155,67.21136,-1.1694541,-0.6988939,1.385737,-0.13427392,0.1580764,2.7956085,0.0,0.0,0.0,5.584124,-0.59795934,4.623868,-0.035396576,-0.07168388,0.031002045,4,146.3875,1.8322036
80.7283,33.5522,279.31567,1,1,-1,0.002025304,-0.007803317,0.013147154,0.16764823,-0.5781022,1.1533629,205.96881,96.87011,696.544,1.5889548,1.7219764,1.5640682,-1.1891954,-2.0786233,-1.7798355,0.0,0.0,0.0,0.16729166,0.086871855,-0.45826986,-0.0041122437,0.011451721,0.074588776,4,25.957592,-2.2048767
10.907503,10.309233,19.279987,1,1,-1,-0.007015925,-0.032279775,-0.005684221,-0.2534264,-1.5244259,-0.36217654,14.313701,25.940119,36.186462,-0.7710489,-1.5738345,-1.2427657,2.77968,-0.8349179,-0.8724284,0.0,0.0,0.0,2.6641264,0.57741463,-0.12091504,-0.0014476776,-0.011414528,0.011259079,1,22.515778,2.3025074
188.9643,51.968735,12.766568,-1,1,1,0.004603875,0.0034557246,-0.06451187,0.37783113,0.23294245,-1.6778251,189.58449,116.96531,21.321863,0.08099655,1.4509149,1.1012076,-1.2650546,-2.7121737,1.6624274,0.0,0.0,50.117935,0.6414536,0.3560777,24.937908,-0.10719299,-0.009304047,0.050369263,0,11.921374,-3.013368
133.20901,24.185963,11.237011,-1,-1,1,0.01098296,-0.013048914,-0.05572863,0.7207104,-0.81227225,-1.7640868,147.80777,29.216341,23.197823,-0.46399906,0.63427544,1.3533726,-0.5419809,0.53615665,-1.2558773,0.0,0.0,0.0,1.1908765,-0.49535638,0.5747937,-0.075603485,0.058647156,0.024429321,3,42.021015,-2.549888
61.773792,43.02359,82.58218,1,1,1,-0.082791835,0.032312576,-0.0042691105,-1.7585043,2.317143,-0.35222813,63.772587,47.062565,268.86752,0.25370723,0.42998832,-1.849106,-2.3938386,2.358976,0.3436453,0.0,0.0,0.0,2.927313,14.241483,-0.14339954,0.04412985,-0.13773918,0.062809944,2,139.75078,0.7827368
8.751925,12.407086,25.633554,1,1,-1,-0.006947421,-0.009237373,0.006379389,-0.31325898,-0.59202963,0.4174615,9.992913,20.773926,41.271694,0.5263178,1.1043453,1.0549811,2.643563,-2.8219652,-2.368483,0.0,0.0,0.0,-0.7903173,0.66337216,-0.7903173,0.12483406,0.08865929,0.085134506,0,34.9944,0.52245706
57.353714,36.455067,13.454941,-1,1,1,-0.0011600088,0.011033769,-0.016904928,-0.07273848,0.6293822,-0.4421439,114.13171,47.630836,56.723415,1.3111429,0.7642854,2.1176152,0.93257135,-2.7160048,-3.0476367,0.0,0.0,1.0615791,-0.9092813,-0.5209955,-0.16085766,0.04053116,-0.019144058,0.043287277,1,57.54951,1.7713724
30.817827,72.97191,33.2592,-1,1,1,-0.007191811,-0.0040314216,0.014234254,-0.47624937,-0.3315943,0.86670905,75.0848,129.92496,200.75119,1.5386146,1.1797639,2.4839482,-2.4502733,1.3899586,-1.9342794,0.0,1.3720504,0.0,1.5586172,0.9176371,2.2149792,-0.009682655,-0.014953613,-0.0024929047,1,33.485447,0.31938305
10.130521,14.67797,136.44167,1,-1,-1,-0.07198645,-0.0066886,0.010523404,-1.2854753,-0.26419523,0.8306288,47.315887,34.349785,256.6536,-2.2227783,-1.4942604,-1.2453841,1.1873299,2.1643856,-2.1923425,0.0,0.0,0.0,0.065856814,0.05171173,-0.26798797,-0.07890701,0.047534943,0.04378128,0,28.193798,-0.755826
86.848495,33.58576,87.90795,-1,1,1,-0.0013684621,-0.09952269,-0.0037503624,-0.075935245,-1.184306,-0.30944905,486.34198,134.20685,419.5427,-2.4078248,-2.0623896,-2.244861,-1.4882592,2.9641368,1.489565,0.0,0.0,0.0,-0.3403594,-0.8291548,0.7830754,-0.04689789,-0.14595032,0.12974548,0,25.498512,-0.018919397
7.143583,21.269377,11.381769,1,1,-1,0.02620057,-0.020633455,0.0064840512,1.1262009,-1.4168856,0.38988343,8.718922,21.502295,20.716293,-0.65235186,0.14777528,-1.2062372,-2.0515125,-1.067243,-2.5833027,0.0,0.0,0.0,0.14021899,0.23600854,-0.7479807,0.015938759,-0.037036657,0.033410072,0,74.78977,2.5148435
70.12166,42.067997,29.842524,-1,1,1,0.008630917,0.0009418185,-0.0048725153,0.6913643,0.071098275,-0.34313387,107.968475,67.6763,34.67866,-0.99714357,-1.0539297,-0.56187713,-0.81167156,0.7738324,2.6989274,0.0,0.0,0.0,1.1072958,-1.1538209,-0.59513074,-0.018600464,0.08615875,0.017845154,3,83.83867,2.418837
116.84918,23.981108,43.00201,1,-1,1,-0.011923998,-0.0015189887,-0.00591455,-0.7375711,-0.089761026,-0.45291322,295.7279,72.08781,75.03297,1.580166,1.7648749,-1.15523,0.27159074,1.9221758,2.4540806,0.0,0.0,0.0,1.7636421,2.6809633,1.3133857,-0.051085472,0.05856991,-0.056378365,1,24.626806,-0.14892286
37.286827,63.036236,19.315582,1,-1,1,0.00031629697,0.010345602,-0.011053171,0.023321806,0.7623556,-0.76997334,37.990265,73.93445,19.434513,-0.19392073,-0.57986706,-0.11078027,2.5083227,-0.3789756,1.9357035,0.0,0.0,0.0,0.61834794,-0.70913786,1.4345335,-0.033929348,0.053509712,-0.03203535,3,17.700031,-2.4283829
13.081897,17.889196,23.462318,-1,1,-1,-0.007352028,-0.009998117,0.01407554,-0.28809175,-0.62403095,0.9327255,24.545137,54.266975,96.84984,1.2423772,-1.7745173,-2.095907,0.7446179,1.8709533,-2.8028328,0.0,0.0,0.0,0.26108947,-0.15692614,0.10587634,-0.027515411,-0.03832817,-0.008869171,0,24.53019,-0.8967279
242.74089,103.9841,8.486282,1,-1,-1,-0.009447451,-0.018160494,0.016088415,-0.7947376,-1.5055017,0.7886955,1273.0941,138.02068,29.636938,2.341143,0.78851664,1.9225526,1.3367217,2.019448,-2.1634245,0.0,0.0,0.0,-0.12757547,1.4297196,-0.32033327,-0.17385101,-0.03639984,-0.0048980713,3,33.84209,1.5057365
71.93733,64.108986,26.023123,-1,-1,-1,0.023112988,0.043414343,-0.0004544827,1.0574282,0.26445776,-0.030419858,144.1851,245.10757,33.0318,-1.3194457,-2.016701,-0.7183722,2.464295,-2.5455673,-0.22661486,0.0,0.0,0.0,0.40971807,0.8250698,-0.82374364,0.0035896301,0.117126465,-0.016456604,3,93.84222,2.6490686
90.421326,25.689352,53.738823,-1,1,1,-0.02543052,0.025031142,0.031194538,-2.1639965,1.6354237,2.2100205,107.13877,41.380955,205.4365,-0.5990852,-1.05558,-2.0165854,-1.591521,2.2692142,2.0755956,0.0,1.1823161,0.0,0.3550177,1.4271479,-0.013115051,0.07836914,0.048225403,0.037082672,0,84.74183,0.7393266
15.769847,42.165634,136.82137,-1,1,-1,0.046341106,0.007660442,-0.012311332,2.9872255,0.5945764,-1.0535369,28.586397,42.893097,182.34746,-1.2013618,-0.18547305,-0.79469347,0.8065764,1.3826097,2.3882227,0.0,0.0,0.0,-0.69992083,-0.69992083,-0.69992083,0.1849556,0.0072612762,0.025764465,0,114.4427,-2.3798845
114.7851,18.39861,18.143341,1,-1,1,-0.023650272,0.02637711,-0.012917404,-1.7455267,0.7606649,-0.8819538,226.58784,54.297512,19.172237,1.3018255,1.7453247,-0.33515805,2.1088133,-1.6546305,2.8296309,0.0,0.0,0.0,-1.0628366,2.1348672,2.4916778,-0.06887436,0.02532196,0.0668602,2,63.564655,0.045627978
68.57029,28.097387,79.024895,1,-1,1,-0.014545092,-0.007831551,0.006524439,-0.7617827,-0.5737377,0.54168755,276.2816,36.143826,79.36359,2.0709405,0.7398172,-0.09254073,2.4900987,1.0299938,-0.7859724,0.0,0.0,0.0,0.025178833,0.973807,1.0379897,-0.064050674,0.00097465515,-0.048145294,1,56.25658,2.2666821
12.292422,7.847911,47.125595,-1,1,1,0.058154527,-0.045743898,-0.015926572,0.8355817,-0.91059256,-1.2444274,37.65873,34.100494,122.844055,-1.78496,-2.1486995,-1.6122406,-0.25622258,0.24335729,-0.69727767,0.0,0.0,0.0,5.2285786,1.2411637,1.1386672,-0.018321991,-0.03856659,0.0573349,2,152.92133,-0.745432
13.965115,8.003839,13.997123,-1,-1,1,0.010905329,0.038577557,-0.030393608,0.6274167,1.8672311,-1.5713911,14.595132,20.594149,23.283806,-0.29926077,-1.5981188,-1.0961989,2.7165692,0.54643273,-0.15756492,4.81156,0.0,0.0,2.834262,0.28576642,1.2291127,0.06311798,-0.079273224,-0.02249527,0,8.734292,-0.9965447
39.580772,33.20938,26.722925,-1,1,-1,-0.0035786792,0.008937056,-0.0055501587,-0.26468223,0.7250428,-0.40373573,77.59541,33.63635,38.994083,1.2938048,0.16015196,-0.92499477,-2.6130497,-0.035111893,-3.0509264,0.0,4.843945,2.2417517,-0.4307554,6.683677,0.3417369,-0.033460617,0.08875847,0.026901245,2,71.32334,0.93334854
126.39029,43.77511,47.071754,1,-1,1,0.014928349,-0.008196791,0.015081125,1.0213175,-0.58430886,1.1800888,328.60333,47.376125,61.65823,-1.6094003,-0.4028781,-0.7682128,1.2198964,2.5060687,-0.06637526,0.0,0.0,0.0,-0.9009592,-0.74377584,0.9568502,0.046286106,0.04217899,-0.031210542,1,38.714336,-0.6839067
49.37223,38.995876,31.28571,1,1,-1,-0.0049782684,0.024138968,0.016179485,-0.37359312,1.2102268,0.5635071,63.458244,158.16737,45.799072,0.738488,-2.07779,-0.9294073,0.41337168,-2.2491395,0.43146104,0.0,0.0,4.141996,0.86162466,-1.2080768,0.4868025,0.033103943,-0.020072937,0.035057068,1,36.487526,2.5780215
35.03313,40.87703,53.073,-1,-1,1,0.0431031,-0.0038085345,-0.017082274,2.1070778,-0.29201594,-1.3507985,35.369003,67.428825,58.168,-0.13836242,-1.0856712,-0.4347418,0.06471673,2.3326194,-1.6041001,0.0,0.0,0.0,1.6636215,-0.3075251,-0.3075251,0.048116684,0.030316353,-0.05013466,0,23.965868,0.37531325
56.534466,58.09197,99.0205,-1,1,-1,-0.012486749,-0.023242442,0.025298337,-0.6929134,-1.5364281,2.0367422,93.187805,133.22491,189.63365,1.0847447,1.4718258,1.2664882,3.0124583,-1.4547276,0.8636017,0.0,1.6790937,0.0,-0.46066517,0.5397875,1.9111831,0.004173279,0.015987396,-0.015522003,1,41.51074,-1.566789
36.749657,38.439297,31.40736,-1,1,1,-0.0065175705,-0.059036627,-0.03246834,-0.463561,-0.8007343,-1.960342,42.89098,137.04651,154.2839,-0.5703594,-1.9441125,-2.2743742,-3.0118399,0.8308296,-1.1395178,0.0,0.0,0.0,0.118483886,-0.6798524,-0.33644024,0.045383453,0.021083832,-0.14989853,0,41.52839,1.8273165
37.412296,55.49605,59.96204,-1,-1,1,0.0008657948,0.0012873122,-0.0059432387,0.030600704,0.09871662,-0.41617167,133.6429,62.284096,221.6222,-1.9461249,0.48969173,1.981585,-1.5654292,1.111851,1.1386685,0.0,0.0,0.0,-0.03774507,1.183407,-0.063981526,0.023143768,-0.012786865,-0.057998657,0,156.77298,-2.5561383
219.42946,8.443388,232.96107,1,-1,1,0.015572338,0.0056892685,0.0008913706,1.1977075,0.2074126,0.07210973,222.32472,26.184214,270.55453,0.16226918,1.7978399,0.560731,0.2538885,2.0686152,0.33535898,0.0,0.0,0.0,0.7478675,-0.07349369,0.62594604,-0.030827522,0.018997192,0.072989464,0,71.25599,0.61877096
90.58284,84.23676,17.252989,-1,1,1,-0.021537421,-0.011167423,-0.021915572,-1.5550226,-0.7757551,-1.165179,164.98512,115.745056,29.678574,1.20707,0.840006,1.137792,-2.8604481,-2.1689434,2.8932106,0.0,0.0,0.0,-1.0140004,2.007362,0.47289222,0.03683853,0.015222549,-0.079904556,2,96.219986,-1.6659032
73.14994,26.203146,17.195374,-1,1,-1,-0.014890082,0.0035421734,3.866807e-05,-1.0449463,0.22733042,0.0014263756,73.20616,42.105083,32.92543,0.03920458,-1.0524501,-1.2662982,-0.11384974,-2.1818602,0.32375532,0.0,0.0,0.0,0.33653113,-0.4623397,-0.8936598,-0.0035705566,-0.06357956,-0.06181717,1,70.34198,-3.1239853
49.243427,13.572858,8.073246,1,-1,-1,-0.21209627,-0.015760032,-0.020022057,-3.9981096,-0.5627028,-0.9285747,59.485416,45.15356,11.262734,-0.63427466,1.8717489,-0.86196375,1.8278458,1.1635962,-0.3794686,0.0,0.0,0.0,-1.2021077,0.35696772,-0.084098294,0.08536911,-0.0467968,11.886164,2,13.468243,1.0050889
32.088978,20.521664,11.665268,1,1,-1,-0.006846806,-0.0060816556,0.012017505,-0.3776272,-0.4041882,0.67492425,38.165512,21.5029,12.853396,0.60609126,0.30798018,-0.44750947,-2.9423833,-1.3341587,-1.4643381,0.0,0.0,0.0,-0.0018045654,3.0898604,0.06334912,0.07227898,-0.09651375,-0.04863739,3,114.62432,2.1242185
24.371857,44.740532,85.74943,1,-1,-1,0.0010211911,-0.0046597505,-0.0059194355,0.06800811,-0.3599337,-0.4771972,35.210823,45.47284,435.03845,-0.91125065,0.18066931,-2.3072946,-0.46569765,-1.8860034,-1.9738067,0.0,0.0,0.0,-0.7232484,0.9684148,-0.16859058,-0.05703354,0.09114647,0.12062645,5,29.705254,1.1486702
55.88646,52.395733,19.506468,1,-1,1,-0.011901934,0.00040375162,-0.002472213,-0.81876135,0.016411774,-0.13825871,57.314693,53.49721,113.09297,-0.22560075,0.20468993,2.443089,0.49692237,1.2846425,0.67713183,0.0,0.0,0.0,0.8551872,1.2909467,0.21074858,0.0031878948,0.028877497,-0.0035028458,1,85.88393,-1.4454322
18.299835,7.5525312,17.792704,-1,1,1,0.028499097,-0.0034939328,-0.0019102598,1.6576701,-0.13469048,-0.12212417,19.018988,26.417002,21.802397,0.2794406,-1.9241816,0.6593224,-1.5595143,-2.5422885,-2.7977653,0.0,0.0,1.0159057,-0.08317419,-0.066759035,0.51464456,-0.09415054,-110.37796,0.0746994,1,220.54745,-0.80426246
44.637157,93.28706,82.03585,1,-1,-1,-0.008625236,-0.0028216783,-0.0020665799,-0.6779333,-0.23636277,-0.16584004,97.77695,100.423546,83.803696,-1.4205465,0.38869956,-0.20722881,-1.3849535,1.8246665,-0.50434434,0.0,0.0,0.0,-1.2898208,-1.1365198,2.2356558,0.046271324,-0.00074875355,-0.028854012,1,53.990585,2.9177632
15.0917,15.086459,7.9749403,1,-1,1,-0.030313855,0.01013046,0.023058493,-1.218224,0.43129238,1.076563,56.190968,31.16811,42.733315,-1.9892163,-1.3542324,-2.3629959,0.529952,2.7716916,2.992125,0.0,0.0,0.0,-0.4075785,0.2641911,-1.0099308,-0.0038490295,0.063819885,-0.4092903,0,65.64015,0.46340436
97.965,43.278175,237.49625,1,-1,1,-0.018485596,0.00089269655,0.0061635333,-1.0424585,0.067804925,0.5406467,100.4139,107.41077,1196.0526,0.2231336,-1.5588514,-2.299771,-2.2365983,0.8339175,1.3063083,0.0,0.0,0.0,-0.4880589,0.26316112,0.1086292,-0.15610504,0.043922424,-0.05499649,3,41.909306,-1.1989192
177.22086,46.43175,78.74772,-1,1,1,0.014653299,-0.0063595264,-0.00019482923,1.2391611,-0.5029915,-0.015413949,223.9913,52.316128,94.21515,-0.7114152,0.49827632,-0.61693394,1.4953004,-0.89475274,2.2533858,0.0,0.0,0.0,0.7893027,1.0565064,-0.30920458,-0.019134521,-0.060539246,0.04321289,1,219.79762,-1.2976606
23.611183,34.424213,30.796211,-1,1,1,-0.03609185,-0.006694232,0.007872322,-2.3436956,-0.47693196,0.5996258,58.50981,133.14494,37.292557,1.5571694,2.0286782,-0.63861763,1.374014,0.663175,-1.2273086,0.0,0.0,0.0,0.5489072,-0.7170244,-1.1268121,-0.038604736,-0.04534149,0.040607452,2,52.478386,-2.13061
107.47655,47.340103,16.590176,1,-1,1,-0.024333347,-0.007673255,0.015700815,-2.0336199,-0.62983966,1.0763057,109.89829,47.441757,17.274115,0.21188767,0.06548462,0.2860982,-0.9352848,0.4692258,1.0176661,0.0,0.0,0.0,-0.36016932,0.033959594,-0.36016932,0.078884125,0.075592995,-0.0013217926,4,103.777214,-1.1727071
91.82546,34.70689,53.56323,1,1,-1,-0.0084493,-0.011105619,-0.0072348113,-0.7168037,-0.7936655,-0.55097556,136.6283,70.624695,55.447933,-0.95153296,-1.33687,0.2645002,2.901066,-3.0669115,3.0016117,0.0,0.0,0.0,0.2673379,-0.54791856,1.4661771,0.013664246,-0.05939865,0.034832,3,90.945496,-0.95599866
34.72171,73.30733,9.619296,-1,-1,1,0.2858396,0.00094046077,-0.012188112,7.186133,0.0729193,-0.5471033,117.50898,77.57588,21.387564,1.889718,0.33961967,1.4372663,3.113135,0.40503544,-2.4661412,0.0,0.0,0.0,0.6595276,0.7175796,-0.39113113,-0.10946846,-0.009930611,0.066345215,0,35.895565,-2.4893818
32.668636,12.238061,7.298238,-1,1,-1,0.0039608763,0.0048885853,-0.037823103,0.26333237,0.26639992,-1.5303252,33.301506,12.832823,7.8887053,0.19652075,0.31051815,-0.39959353,-0.68728566,-0.29046658,0.69278955,0.0,0.0,0.0,0.025512666,0.91360235,-0.43919,-0.013973236,0.015342712,-0.058927536,1,14.921647,2.796177
79.25202,19.238493,59.851078,1,1,-1,-0.026123721,-0.011002168,0.0037400483,-1.4831539,-0.3053299,0.21865705,351.43497,108.17058,136.01874,-2.1695757,-2.41194,-1.4617274,2.7989373,-1.4620112,-2.4415638,0.0,0.0,0.0,-0.6996375,0.29305568,-0.449399,0.021865845,0.2396698,0.008232117,0,129.9059,0.23203455
38.562515,46.20595,23.22129,1,-1,-1,-0.018468464,-0.008701296,0.013917034,-1.3001553,-0.5602883,1.0025457,41.130966,106.24558,25.675209,-0.36298296,-1.474751,-0.455754,1.1238357,-1.1883919,2.8232203,0.0,0.0,0.0,1.0574641,-0.48839733,-0.83494765,0.06950569,0.055376053,-0.05850792,1,57.789104,-0.1025007
57.01363,33.160557,51.724613,1,1,-1,-0.02031015,0.005106795,0.014300241,-1.6768575,0.32989177,1.0217149,57.01451,174.19333,251.08344,-0.005561543,-2.342766,-2.262216,1.9313928,-2.0431952,0.12585928,0.0,0.0,1.6140085,0.5368224,-0.20843634,0.51440275,0.12629318,-0.16627693,0.120355606,0,6.006786,-1.0581472
40.875835,39.97455,349.1571,-1,1,1,0.002491949,-0.01213879,-0.005804049,0.16964993,-0.80858785,-0.45744768,109.469986,166.72739,515.2086,1.6414236,2.1065729,0.9402522,-1.9890258,0.6460643,-2.2005415,0.0,0.0,0.0,1.3127979,-0.1275989,0.097799286,0.059043884,-0.017033339,-0.0048849583,1,273.34335,0.7417812
142.86082,35.705338,32.683193,1,-1,-1,0.007234268,0.004807121,0.00023933199,0.53177696,0.26968688,0.018427849,202.939,80.12134,40.666378,0.88766825,1.4475727,0.6854383,-1.5258082,-0.33031106,0.8743674,0.0,0.0,0.0,2.2902102,-0.64186096,1.1261834,0.010848999,0.03843689,-0.015777588,1,159.247,1.9889086
66.062,102.05525,55.372833,1,-1,1,-0.0050121644,-0.012857565,-0.01935272,-0.42009395,-1.0473908,-1.3772603,68.76763,205.36766,239.8541,0.28523055,1.3240408,2.1454902,2.8232725,2.4911697,0.2846193,0.0,0.0,0.0,-1.0355936,-0.2065149,-0.43995288,-0.050192833,-0.011814594,-0.05509138,1,97.31213,-0.8605109
48.46794,41.43959,70.50657,-1,1,1,0.010420766,0.0017313088,0.0006710143,0.8015516,0.1151355,0.053556208,49.20802,54.08518,78.469696,0.17453201,-0.7626115,0.47090647,1.9265262,-2.027117,2.2923656,1.7709405,0.0,0.0,2.8075535,-0.39947724,-0.56931734,-0.022120476,-0.03486824,-0.0064439774,0,58.527668,-0.94362366
13.561261,50.664036,34.111202,-1,1,1,0.018754214,-0.022996208,-0.004761713,1.1871471,-1.8377978,-0.36825883,14.667431,55.507915,130.19357,-0.40113756,-0.43386674,2.0149224,0.011735537,-3.01626,1.916024,0.0,0.0,0.0,0.40730572,-0.069687195,-0.015798615,0.018325806,-0.04957199,0.041915894,1,79.10934,-0.66596156
20.94248,22.430574,17.96694,1,-1,1,0.016735794,-0.009492773,-0.02880293,1.0137593,-0.66635203,-1.7626463,21.324642,23.593143,82.652466,-0.19075055,0.32055482,-2.2072291,-1.8448396,-0.30690894,-0.9779074,0.0,0.0,0.0,0.71393895,-0.8249574,-0.5263285,0.0047302246,0.052825928,0.015731812,2,53.82002,0.8025065
87.87558,57.596962,25.145515,-1,1,-1,-0.0012442878,-0.024058722,-0.012558604,-0.10173552,-1.5817007,-0.84808826,94.589096,61.385384,26.548475,-0.38844442,-0.3607382,-0.33248818,0.58337253,1.9873849,2.5584707,0.0,0.0,0.0,2.6294892,-0.44104353,3.55019,-0.036331177,-0.06938553,0.015098572,1,59.292202,-0.8750641
31.473658,11.68399,10.167832,-1,1,-1,0.0035901724,0.0007242858,-0.00390902,0.13862309,0.039048523,-0.17245142,68.34767,33.266087,39.678207,-1.4107962,-1.7070873,-2.03788,-1.8695304,-2.1119437,-1.9369683,1.0654213,0.0,0.0,0.42415145,-0.14733282,0.81729794,-0.03670883,0.052000046,0.13749123,1,59.225704,2.629997
110.03667,76.40653,13.631334,1,-1,1,0.01441609,0.008107854,-0.05154978,0.91125065,0.36451414,-1.7706668,191.62383,80.82,13.641897,-1.1528382,-0.3382759,0.039365634,2.9827595,-0.0005340776,-0.17327082,0.0,0.0,0.0,1.1631327,-0.36231822,0.8172435,0.037189007,0.048107624,0.050154686,4,67.0501,1.6375735
40.364048,36.196358,109.62071,1,-1,-1,-0.0034881341,-0.0021731737,0.005696139,-0.25727615,-0.15251036,0.45500854,40.964684,69.6743,124.03955,0.1722808,-1.2724682,-0.5074388,-0.9988189,-2.898423,1.9747561,0.0,0.0,0.0,-0.43735573,-0.12224707,0.8098076,-0.12371445,-0.066057205,-0.03569603,2,71.480934,-0.44723698
19.573774,31.022532,173.7198,1,-1,1,-0.00074975175,-0.0014334295,0.0034702935,-0.04047041,-0.104726575,0.29831168,27.084362,36.012737,416.46017,-0.8501839,-0.55985034,-1.5208454,1.88511,0.8709805,0.06560506,0.0,0.0,0.0,-0.3254886,1.1133872,0.62213767,-0.049280167,0.046108246,-0.0017795563,3,157.2001,-2.4792986
68.83354,45.74903,31.589306,1,1,-1,-0.006708616,-0.03655731,0.0118009895,-0.35291514,-1.5460701,0.7050135,117.32266,67.78126,54.900352,1.1264545,0.945771,1.1503702,0.17555471,0.25107354,0.31295115,30.919832,85.236404,71.16654,71.9296,68.789116,67.77878,0.008430481,0.04965973,-0.039466858,2,20.574368,-0.5144602
61.406364,29.743881,20.922329,1,1,-1,-0.14603111,-0.013518766,0.018403262,-4.9695973,-0.68364507,0.95016766,75.49454,45.272152,31.815783,0.6650605,0.9819043,-0.98067945,3.127015,-0.50829595,-0.71937275,0.0,0.0,0.0,0.6110445,3.7475164,-2.3749342,-0.027971268,-0.012521744,-0.034184456,1,54.5382,-2.8295376
44.904236,7.1650305,98.10072,1,-1,-1,0.0013198111,0.0036397525,-0.007132927,0.082955904,0.06472086,-0.561579,76.20168,14.016538,214.35165,-1.1210328,-1.2913178,-1.4177372,-0.6106962,-1.0038038,-0.7614163,0.0,102.24308,0.0,0.1603211,0.4259475,-0.8007015,-0.030225039,-0.30923128,-0.009565592,0,36.849068,-0.93188566
19.071754,15.451855,9.263157,1,-1,1,0.018407911,0.011887329,0.034051463,0.770301,0.77414,1.5059148,19.398483,18.789476,10.929918,-0.18483984,0.64595103,0.5911534,-0.10460164,-1.1741672,-0.717374,0.0,0.0,0.0,1.4791192,-0.7069994,-0.7069994,0.032756805,0.022743225,0.024467468,1,46.65997,-0.31411853
19.209923,16.237217,16.359344,1,-1,1,-0.0018024514,-0.027178597,-0.022199947,-0.10803311,-1.055454,-1.1162332,19.23351,17.57354,16.465242,-0.049549498,-0.402977,0.11353999,0.13827053,0.056053285,-0.4286169,0.0,0.0,0.0,1.0358264,3.8924425,0.340693,0.07386017,0.037469864,-0.10030174,0,42.569164,2.8737447
47.141914,24.276417,52.537514,1,1,-1,0.02604641,0.0036488646,-0.00228008,0.9657062,0.2323748,-0.17840728,160.18675,43.61326,60.292263,1.8939338,1.1905841,-0.53685683,3.026366,-2.0694063,0.03421149,0.0,0.0,0.0,-0.23973358,-0.48595214,7.818448,-0.001326561,0.024188042,-0.027897835,2,33.630196,-1.3387207
81.18419,20.486345,30.219135,-1,1,1,0.008777168,0.003485499,0.019063171,0.6572591,0.24700177,1.2818493,98.77073,21.456892,38.61602,-0.6468787,0.3065724,-0.7292047,1.5754315,-1.2253995,1.1429669,0.0,0.0,0.0,0.88491076,-0.723546,0.40018347,0.038942337,0.032075882,-0.043790817,0,33.10903,-0.94796556
114.90409,55.811726,8.760826,-1,1,1,0.0049851383,-0.029845418,-0.042862955,0.38827166,-1.6021872,-2.0057013,142.38297,81.39234,40.405296,0.678497,0.9241882,-2.2098484,-3.0907698,-1.9241213,-2.544913,0.0,0.0,0.0,-0.21433984,0.019723754,-0.39081326,0.034923553,0.08536148,-0.14416504,1,193.84091,0.34454256
66.81606,36.5644,8.075591,-1,1,-1,0.084630065,-0.09611627,-0.058599208,5.3717947,-1.3105029,-0.5116298,208.37936,71.40311,28.398748,1.8038087,1.2892703,-1.9297884,1.6348346,0.07627266,1.938346,0.0,0.0,0.0,-0.84174573,1.5644257,0.85470253,0.0759449,0.24926949,0.05873871,1,26.335424,-1.621697
80.70052,44.939053,36.831604,1,1,-1,-0.13131519,0.00177083,-0.0036567596,-4.3122635,0.12338469,-0.23945718,122.47269,46.30365,133.5818,0.9780192,0.24581759,-1.9619328,2.315321,-2.6965692,-0.026361937,0.0,0.0,0.0,2.6555185,2.9497237,0.031141113,-0.046157837,0.13178253,-0.030227661,1,41.574932,1.3773189
81.361916,54.613205,12.064971,-1,-1,1,-0.02384005,0.047905292,0.011062384,-1.6136796,2.4925497,0.5406791,342.23553,231.8313,13.945042,-2.1153002,-2.1247098,0.5512567,-2.3594618,0.8726324,1.3885285,0.0,0.0,0.0,2.0461385,1.9474243,-1.1403179,0.09799194,-0.20035267,-0.0036153793,2,38.95706,-2.8245506
149.73073,20.325117,53.279556,-1,1,-1,-0.0133475065,-0.02656373,0.008880823,-1.0331893,-1.5230376,0.6806286,186.73312,42.70376,81.070305,0.68930316,1.3734188,-0.98149914,-1.2415985,3.1377301,1.8970532,0.0,4.3266,0.0,0.51348525,2.315364,1.5200616,0.03677368,-0.065556526,0.06269598,3,63.116047,-2.6834157
97.29559,23.394955,25.383326,1,-1,-1,-0.0073029376,-0.0036667965,0.011894809,-0.590743,-0.1724351,0.8111525,98.539925,27.623615,29.238703,0.15976234,-0.59254354,0.54439443,-0.8943672,1.3289696,2.6646976,0.0,0.0,0.0,-0.17861414,1.3617544,-1.5078875,-0.09289169,0.14773941,-0.029083252,4,134.72441,1.9358692
47.273994,24.81994,43.988495,1,-1,1,-0.010379955,-0.017218025,0.0028637305,-0.7088023,-0.762122,0.21106921,48.690365,56.79567,114.39098,-0.24418207,1.469382,1.6096354,-1.9679227,1.5356182,1.0612999,0.0,0.0,0.0,1.5920042,0.35975888,0.07181287,0.053710938,-0.07641983,0.010421753,1,13.361382,-1.4537437
38.12367,12.827672,10.19075,1,-1,1,0.007231874,0.010968382,-0.003269583,0.42763197,0.58423674,-0.169706,40.592247,12.996338,10.805306,-0.3579521,0.16198714,-0.3455684,-0.024168033,0.23774613,0.72532135,0.0,0.0,0.0,1.087264,0.46758804,0.47341084,0.18315792,0.08058834,-0.0052080154,2,40.879536,1.7582723
46.592556,91.32077,114.29673,1,-1,1,-0.027973415,0.012777911,-0.00074491964,-1.6628555,1.0365466,-0.06302129,52.606697,242.04097,500.11316,-0.502781,-1.6302223,-2.1558623,1.9844924,-1.244139,-2.018228,0.0,0.0,0.0,-0.28723663,1.7517768,0.7966182,0.066287994,-0.045232773,-0.13529968,2,52.341213,2.612918
31.618242,9.15687,7.5192437,1,-1,1,0.00136393,0.34923834,0.037504133,0.09265936,10.252183,0.8146501,34.34895,13.146103,21.151957,0.4126733,-0.90249753,-1.6942095,2.5773938,-1.0158371,-1.5783601,0.0,1.4561892,1.0074714,0.09894348,-0.19247279,-0.19917984,0.0643785,-0.41569495,0.026611567,0,59.573463,-0.97176313
24.761528,18.53513,7.4291215,-1,1,-1,-0.01735253,-0.035967305,-0.017196257,-0.866801,-1.7736474,-0.8021804,47.331097,21.76223,9.4797325,-1.2642705,-0.5818544,-0.7268897,3.0015814,2.6674287,2.0436327,0.0,1.4805654,0.0,1.6363838,0.7777773,0.5306499,-0.044002533,-0.1063385,-0.03727722,1,41.059227,0.06683886
7.4821315,87.718285,50.21364,1,-1,1,0.003398406,0.009942292,0.0003226836,0.15707879,0.79302347,0.025201539,7.612538,93.509125,67.57815,0.18643323,0.3613915,0.8093653,2.6763499,1.3573824,0.006978053,13.980721,0.0,0.0,0.54529965,-0.25541967,0.7501538,0.070100784,-0.08854294,0.020412445,2,104.34934,-1.7378664
132.72095,117.22907,65.509445,1,1,-1,-0.0029609276,-0.01034456,-0.011135044,-0.18597852,-0.7853558,-0.84141195,258.41315,119.00652,81.10166,-1.2858275,0.17391986,-0.67694896,1.7324954,-1.8530444,0.92390656,0.0,0.0,0.0,-0.17864792,-0.50940675,0.3019375,-0.046632767,0.01433754,-0.01836586,1,31.555107,-1.8876632
169.58041,107.195175,59.72316,-1,1,-1,0.05916688,0.010751883,0.286139,2.2258742,0.60111517,4.7997622,902.481,161.19708,63.922882,-2.3560214,-0.9657897,-0.372856,1.9554476,-1.1750531,-2.1618037,0.0,0.0,0.0,2.1900253,-0.029108062,0.6616381,-0.12501717,0.009046316,-0.001868248,3,74.24698,0.09802515
110.49283,27.723175,85.376755,1,-1,-1,0.0028353578,-0.02437489,-0.031463556,0.1073942,-1.0756053,-2.360172,110.914665,36.56913,143.7432,-0.08735364,-0.7790038,-1.1112373,0.6903389,-0.92603993,-1.2419451,0.0,0.0,0.0,2.384233,2.0251179,-1.3771311,-0.16802979,0.052597046,0.08937073,2,36.686832,2.1963844
42.666718,21.865005,74.89584,-1,1,-1,0.037731607,0.0051795947,0.010606058,1.8379928,0.35424954,0.8602496,116.30142,46.603027,115.85115,1.6604285,-1.3896971,-1.0031834,-1.7553158,2.2610683,-0.95697886,0.0,0.0,0.0,0.4617423,1.9938022,-0.25032753,0.0629406,0.00806427,-0.004301071,2,34.48613,1.8130331
45.656372,54.726925,75.37396,1,-1,1,-0.0034182407,-0.00091842824,-0.0004059537,-0.26236323,-0.0702686,-0.03112873,73.29639,58.73665,437.0445,-1.051272,-0.38049573,-2.4432,2.3440046,0.8804953,0.04726338,0.0,0.0,0.0,0.57468873,1.9786721,-0.71907043,-0.01084137,0.12541866,-0.19528675,1,63.09544,-2.671922
28.177483,56.921146,33.623924,1,-1,1,-0.01216291,-0.0065146643,-0.022245897,-0.6432688,-0.42283103,-1.5639368,162.20245,206.44113,118.43294,2.435838,1.9619234,1.931467,-0.49709603,-2.6030982,0.40491223,0.0,0.0,0.0,0.5180806,-0.50448185,0.99199396,-0.08268738,0.09257889,-0.05754471,2,95.46683,1.2655135
76.10864,53.2059,25.94181,1,-1,1,-0.01335024,-0.013590299,-0.0013962156,-0.9566794,-0.9734593,-0.059293065,97.42127,57.035786,99.76613,-0.7319231,0.37718704,2.0227711,-2.0781152,-2.979348,0.70615727,0.0,0.0,0.0,0.5231303,1.728173,-0.46350038,-0.08488655,0.02218628,0.012800217,3,80.79965,-2.5491724
53.931156,86.26839,52.8109,-1,-1,1,-0.024717605,-0.00010523372,0.012596016,-1.0874052,-0.008604123,0.9699303,57.87215,162.29305,71.67957,-0.3800039,-1.2455142,-0.8219863,-0.13930629,2.1165261,-2.7877884,1.1080215,0.0,0.0,1.1567962,-0.23881629,-1.0875262,0.041612625,-0.01848793,-0.021575928,4,149.51616,-0.7661934
32.326847,42.348427,17.17075,1,1,-1,-0.010989441,-0.009195264,0.007604342,-0.6418155,-0.75141054,0.38384977,146.2208,42.445145,97.95073,2.1899173,-0.06752698,2.4266312,-0.079544984,1.7265062,0.71185917,0.0,0.0,0.0,-0.17298384,0.66717327,-0.1766841,-0.04945326,0.055837154,0.03473711,1,60.74797,-2.814158
64.27666,95.856094,23.022873,1,1,-1,-0.0076302076,0.0072115143,-0.0073480885,-0.47382253,0.6137626,-0.4735859,233.52065,113.84569,27.651232,1.9637184,0.6034557,0.6239046,0.5829405,3.0140138,-0.6521883,0.0,0.0,1.6535764,-0.4492382,-1.252439,-0.78921336,0.14565277,0.07818985,0.0020561218,1,124.958725,0.54001135
23.418163,43.768116,37.8079,-1,1,1,-0.025950853,0.032631226,0.009307983,-1.856849,2.5246596,0.66289335,38.229485,46.664986,144.92227,-1.0725392,0.36184683,-2.0193598,-0.5527613,2.5204039,2.4808054,0.0,0.0,0.0,-0.62434465,0.70016557,-0.27973044,-0.009140015,0.024822235,-0.04792404,0,120.30899,-0.6344376
128.2423,26.539059,17.126083,-1,1,1,0.00065131986,0.014602812,-0.004955534,0.043536905,0.92278546,-0.33547762,135.39893,31.618607,23.833128,0.33254796,0.6092406,-0.8584026,-2.7614276,1.7944663,-0.07412956,0.0,0.0,0.0,0.08849988,0.103531376,2.4998326,0.07855034,-5.9127808e-05,-0.01869154,2,87.91198,2.9394228
63.218353,183.58426,41.898857,1,1,-1,0.028561106,-0.0059758252,-0.0068521183,1.9046558,-0.5253249,-0.4587175,333.63507,562.5636,142.40706,2.347501,1.785223,1.8941984,-0.82200974,2.2371855,-3.0051236,0.0,0.0,0.0,4.452155,-0.12700109,-0.15718926,-0.04927063,0.12250519,-0.06665039,1,52.04911,-1.0916106
15.412719,9.297464,20.924982,-1,-1,1,-0.08296888,0.026190467,-0.0018344065,-1.881812,1.0836225,-0.10389918,15.425107,39.905968,114.78989,-0.040091086,-2.1360724,-2.3868935,-1.3477424,-1.5486181,-0.3478636,0.0,0.0,0.0,1.8692948,-0.8931184,0.8810807,-98.614174,-0.10644531,-0.060264587,2,42.420498,-2.9943218
13.949891,8.0704565,47.27422,1,1,-1,0.012007251,0.038954668,-0.02165227,0.4254074,1.0744313,-1.5498717,59.12997,13.863423,224.32968,2.1231992,1.1360756,2.2390068,2.6713307,-1.5353904,1.4156065,0.0,6.783797,0.0,-0.07532465,2.5912557,-0.24254496,0.012565613,0.0049552917,-0.13179779,0,76.119225,-1.2303683
73.6936,26.696718,18.9537,1,-1,-1,0.016747745,0.009854493,0.01523257,0.87266886,0.40141633,1.0307544,153.07393,42.102917,23.29801,1.3604066,1.0283991,0.6647368,0.20179985,2.8963478,-0.0044732844,1.2469752,0.0,0.0,-0.81743824,0.34030035,3.906067,-0.029697418,0.013801575,-0.08433533,0,113.176315,-2.043271
50.15337,48.224815,33.06524,1,-1,1,-0.012081606,0.0039425516,-0.0027086486,-0.8391814,0.27121928,-0.1453908,59.329166,51.30621,57.24075,-0.5960421,0.35560453,-1.1455756,-2.5902593,-0.77296203,0.25285015,0.0,0.0,0.0,1.605674,-0.7381743,1.0445015,-0.022705078,-0.059009552,-0.015262604,1,30.22438,3.0572698
340.4654,36.71653,26.225409,-1,-1,1,0.020836094,-0.025301239,0.020866545,1.5442959,-1.3025513,1.0388006,463.14545,37.729206,102.088486,-0.8252956,0.234329,-2.0353365,0.13179496,1.9609865,1.126351,0.0,0.0,0.0,-0.24061316,0.46648487,0.82717556,0.019682884,0.037402153,0.052862167,1,42.191647,0.40442222
221.26642,70.908104,54.75218,-1,1,-1,0.015967505,0.009622492,0.002567881,1.0167384,0.66327137,0.103391886,294.83447,119.791084,54.93145,-0.79440427,-1.1154726,0.080900624,-2.1811006,-1.5838115,0.5620534,0.0,0.0,0.0,0.0653855,-1.1569971,0.27720013,-0.0045986176,0.016674042,-0.034902573,3,52.70779,1.7820683
61.017097,32.59574,24.446747,1,-1,1,-0.01671044,-0.0035903507,0.037533753,-1.2500919,-0.23088835,2.63692,97.37328,81.11486,81.45427,-1.0436269,-1.5617713,-1.8733705,0.7001653,-3.0172052,-0.2855415,0.0,0.0,0.0,0.13033082,-0.8802153,-0.0039728396,-0.013004303,0.015666962,-0.25168228,2,135.25682,-1.2862377
65.60374,77.81033,24.96193,1,1,-1,-0.0029645024,-0.012612594,0.0071598184,-0.14756851,-1.0523325,0.45909777,66.96125,187.52701,75.36726,0.20308441,1.5266752,1.769541,-1.2552601,1.4670836,-1.2839005,0.0,0.0,1.5694284,-0.20384888,1.1503664,3.3252153,-0.015368462,0.053372383,-0.063049555,1,30.710674,-2.38892
48.75788,92.418076,112.006325,-1,1,-1,-0.027800893,-0.0070575783,-0.0067161284,-1.6707914,-0.5386514,-0.51911616,61.77951,232.54996,147.05774,-0.71548563,1.5738778,0.771826,-2.9791148,-0.54722124,-0.969218,0.0,0.0,0.0,0.44603837,-0.2580965,-0.17626682,0.022102356,-0.04735565,0.0009384155,2,95.198524,1.7117201
58.969593,23.140335,13.576617,1,-1,-1,-0.0068487036,-0.013402233,0.015939515,-0.4143395,-0.8054786,0.81769514,150.73668,25.319992,14.037727,-1.5909948,0.43069777,-0.25989634,-2.2940798,-1.5240787,-0.9913217,0.0,0.0,0.0,0.57101756,-0.24601279,1.5461633,-0.032051086,0.0059547424,0.07891846,1,136.57478,-1.0510685
14.273748,23.71113,80.067986,1,-1,1,0.0054183193,0.016459871,-0.0013710721,0.33924916,1.0724299,-0.111890785,14.815231,126.50188,414.72714,-0.2745838,2.3585582,2.3284407,-2.556139,-0.2689879,2.696358,0.0,0.0,0.0,0.4244662,-0.024908416,-0.5224786,0.023067474,0.07945633,-0.06775284,1,87.906204,-2.4190676
75.269295,64.092415,44.131824,1,-1,1,-0.022670655,-0.0030190898,-0.019765325,-1.5321785,-0.23032418,-0.81789774,87.295876,70.19468,58.22567,-0.55802894,-0.43298203,-0.779325,-1.1646161,0.29782677,-1.6413186,0.0,0.0,0.0,1.5399734,0.5037141,1.1865454,0.01897049,-0.004940033,-0.024482727,2,145.01453,-0.758441
143.1285,31.187119,19.097387,-1,-1,1,-0.00044106971,-0.012959941,0.0064646504,-0.034452304,-0.82258075,0.39713296,159.89388,53.24499,25.94655,-0.47941053,1.1285056,0.8234645,-1.9172755,1.8299057,-2.7588773,0.0,0.0,0.0,0.82209325,-0.34668916,-0.5060811,-0.01210022,0.136837,0.028640747,2,127.01812,0.876732
74.248695,34.913334,45.317005,-1,1,-1,0.02215108,0.011980139,0.019885328,1.6293831,0.6306472,1.5848222,74.257904,91.38206,58.726673,-0.015749434,-1.6166584,-0.75148517,0.3031987,0.5584181,-0.3480486,0.0,0.0,0.0,-0.42976773,-0.23782636,-0.7235769,0.012248993,-0.031499863,-0.047239304,0,67.46193,1.2178211
28.655077,14.300852,12.501581,-1,1,-1,-0.013679583,-0.0013266002,-0.011948337,-0.8086422,-0.079272024,-0.29755536,37.587025,18.507414,25.57647,0.77037233,0.74934834,1.3430388,0.002516717,0.8768772,0.65318274,1.3593155,0.0,0.0,-0.32058686,-0.26595426,0.35466236,-0.002216339,0.1160202,0.09939194,2,40.158333,-3.025693
95.80707,63.628563,53.117416,-1,1,1,0.044360593,0.0089173615,-0.030552901,2.735456,0.6177675,-1.2573359,234.27263,78.171234,84.260155,-1.5425887,-0.66384333,-1.0359211,-2.944468,2.3133938,-0.37803695,0.0,0.0,0.0,-0.8977355,-0.9479984,0.8323541,0.057056427,-0.1552124,0.0027389526,2,138.77826,0.71592885
80.39814,112.36575,28.92998,1,-1,-1,-0.0055788197,-0.017086552,0.02078779,-0.44633606,-1.3188788,1.3166605,140.23386,291.60797,63.875443,-1.1547912,-1.6074222,-1.4294543,-2.0481586,-0.7181982,-2.7603598,0.0,0.0,0.0,1.0037929,-0.54101855,2.410379,0.041067123,0.025403976,0.08560467,2,36.94151,1.3418722
83.74613,24.937563,14.592077,-1,1,1,0.0028406465,0.02770979,0.028980339,0.23488013,1.7457387,1.6756486,175.55115,35.053528,54.2565,-1.3708149,-0.87275296,-1.9877951,1.7746952,-0.7547641,-2.3198867,0.0,0.0,0.0,0.4982848,1.5688646,0.9180918,0.034683228,-0.041618347,0.10413933,1,58.13226,-2.1032953
25.120525,20.81343,32.806942,-1,1,-1,-0.00908785,-0.0153313195,-0.0027844524,-0.46561742,-0.92241526,-0.13663973,25.859104,20.813713,94.66504,-0.24190274,0.005194047,-1.7213758,3.021882,-3.0583286,2.5884297,0.0,0.0,0.0,1.6998515,1.3173969,-0.34734464,0.068595886,0.05128479,0.07600975,1,50.34418,-1.2874426
65.33635,42.068462,166.63,-1,1,-1,0.0036173062,-0.004828492,-0.021178281,0.2262582,-0.25494242,-1.674972,212.46008,100.275345,166.64967,1.8478247,1.5145417,-0.015351108,1.8560454,-0.32766518,-1.9353894,0.0,0.0,0.0,0.1987926,-21.330034,-1.6280367,0.012374878,0.09666252,0.023803711,2,35.076893,1.8395681
45.85679,24.664675,20.877068,-1,1,-1,0.018156514,-0.00503524,-0.0067589316,1.0150415,-0.2616469,-0.3300362,50.559082,60.050808,45.40675,0.44908106,1.5378417,1.4125452,-3.1041214,0.007965394,-1.5493896,0.0,0.0,0.0,-1.0097234,0.05716168,-0.26353642,-0.025780678,0.0032377243,0.004590988,0,32.831287,0.77244276
32.68816,24.997189,10.943045,1,-1,1,0.005711344,-0.028666629,0.020620951,0.29832685,-1.280794,0.54708016,33.019413,80.291954,49.72953,-0.14224397,-1.8348904,-2.1947105,-1.4327183,2.0496264,1.8458232,0.0,0.0,0.0,3.0261176,0.5094874,0.124000855,0.05791855,-0.034290314,-0.12452698,2,36.252335,1.7939644
26.606747,12.5241165,9.278089,-1,1,1,0.01572254,-0.06281554,-0.023469562,0.8625969,-1.7490702,-0.47315982,44.528664,26.499825,30.100378,-1.1037847,-1.3814297,-1.8453827,-0.6057644,-0.65665656,0.7528968,7.960212,22.33217,0.0,1.460326,-0.6213457,0.920718,-0.010541916,0.04330635,0.04273033,1,34.398216,1.5454962
52.082306,24.80279,34.816288,-1,1,1,0.020758754,-0.029985879,-0.00039655916,1.503383,-1.4729686,-0.027426967,54.547127,49.527027,201.29898,0.30645356,1.3151275,2.440289,-2.7574637,0.86851424,1.5107077,0.0,0.0,1.7113975,-0.24248362,4.283502,-0.2398311,0.039991558,-0.037439197,0.25744152,0,43.62374,-0.82334024
65.44972,25.745424,18.469038,-1,1,-1,-0.010808815,-0.0041593104,0.0035520182,-0.7842424,-0.14031617,0.23995988,79.271576,78.74756,24.08622,0.638971,1.7832762,-0.76138324,-2.914667,0.91228884,0.49419096,0.0,0.0,1.2755251,0.68429154,0.15900931,-0.38628045,0.0066490173,-0.13100243,-0.002500534,1,9.873671,2.8025382
107.4922,21.982458,65.18161,1,-1,1,-0.000456607,-0.003746848,-0.014076602,-0.032789566,-0.12728359,-1.18353,208.59404,101.274124,82.63426,1.2819335,2.208741,0.7163667,-2.561087,-0.6360612,0.82509726,0.0,0.0,0.0,-0.94813037,0.63056165,-0.16014838,0.047447205,0.04547882,-0.005537033,0,19.655622,-1.2173743
64.67425,33.34115,43.889168,1,-1,1,-0.0019885248,0.0031185981,-0.0027153045,-0.118418835,0.18366048,-0.1959995,115.933365,34.106327,153.77953,-1.187934,-0.21383503,-1.9259838,2.0524364,-0.5898047,-0.8714881,0.0,0.0,0.0,-1.2712575,-0.17623389,-0.02848639,0.012861252,0.07151413,-0.081352234,0,22.259996,-2.7723503
45.69426,37.578697,58.10855,1,-1,-1,-0.014039584,0.018674362,0.016003149,-1.0294892,0.78883237,1.320255,47.971848,130.34587,58.147003,-0.31443757,-1.9154428,0.03633281,0.94412607,2.4993777,-1.8933439,1.4652102,0.0,0.0,0.48593578,0.23349668,1.9501339,-0.08470917,-0.03907013,-0.066646576,1,43.469006,0.6506462
28.216957,143.29282,14.5500765,1,-1,1,-0.0297344,0.002380983,0.0025357811,-1.2373298,0.20602302,0.1504163,123.84561,144.21982,38.893913,2.1590219,-0.1136849,1.6394042,2.924397,1.0235336,1.3211176,3.3761346,0.0,1.7424113,0.307459,-0.54467124,0.28893226,-0.091085434,0.100883484,0.013706207,1,104.068794,-1.3177284
65.23564,53.265247,114.882996,-1,1,-1,0.008258972,0.010477001,-0.014439063,0.5900201,0.58531576,-1.2356222,78.728745,71.51655,163.20746,0.63257426,-0.8058456,-0.8877714,-1.9877309,-2.1731207,1.075378,0.0,0.0,0.0,-1.1070043,-1.062893,-1.2128491,-0.030033112,0.023139954,-0.034008026,0,37.884098,-1.5760936
73.26269,37.306484,17.931547,1,-1,-1,0.01578502,-8.305338e-05,0.019578591,1.1144068,-0.005436194,1.1465268,82.762215,74.36411,22.792646,0.50389445,1.3130981,-0.7206193,-0.44582692,-2.2015567,0.39152256,0.0,0.0,0.0,-0.2995061,-0.5408077,1.406063,0.1326133,-0.04716611,0.012221813,1,95.24801,-2.8582304
48.458366,50.428204,103.45448,1,-1,-1,-0.010172788,0.016595656,-0.0005739209,-0.82533884,1.2551156,-0.04729629,51.43609,125.385155,136.13342,0.3487913,1.5608481,-0.77526784,-1.5720047,-0.12357052,-0.5114626,0.0,0.0,0.0,0.23793598,-0.21709496,-0.1572724,0.0018615723,-0.0181427,-0.019454956,1,57.124832,2.4072328
68.18651,56.369843,9.101463,-1,1,1,0.018228676,0.007273557,-0.015979826,1.2450314,0.3288037,-0.61642975,73.3455,170.39081,10.075481,-0.38658682,-1.7707493,0.45861015,-1.1984856,-1.067384,-0.42776242,0.0,0.0,0.0,1.742125,0.1822333,0.68409,0.022983551,0.02021408,0.0064811707,1,91.45414,-0.046685163
63.78717,14.395852,35.887104,-1,1,1,-0.022095602,0.027346592,-0.0054597426,-1.0908718,0.93562704,-0.4225804,106.7947,52.685314,36.08736,-1.1042683,-1.971333,-0.10555208,-0.073705316,0.7774871,-0.56401104,0.0,0.0,0.0,-0.5710811,-0.34469104,0.8345442,0.019535065,0.095149994,0.076408386,5,99.38596,-2.0265656
94.54962,18.961891,9.221289,-1,-1,-1,0.011567943,-0.0077554127,-0.022850776,0.29211757,-0.3602392,-1.1606449,94.60608,19.049612,9.309542,-0.034555204,0.09615225,0.13824114,-1.8400484,-0.38874304,-1.7562767,0.0,0.0,16.505228,1.838307,1.2574521,1.1508652,0.03765297,0.080186844,0.11966705,0,67.48462,1.9101548
64.56208,25.441362,60.124535,1,1,-1,-0.0011326178,0.0030406236,-0.006086973,-0.09374825,0.23872119,-0.46610647,70.96124,30.573782,62.87779,0.44163284,-0.6249615,-0.30148226,-3.1151328,-3.0251586,-0.012666743,0.0,0.0,0.0,2.2685113,3.790158,-0.54114574,-0.061651707,-0.0071554184,-0.012460709,1,82.419846,0.22347742
78.53071,19.852543,88.925255,-1,1,1,-0.023107095,0.011298533,-0.008380018,-1.5097308,0.68162286,-0.6897858,87.344574,25.2975,173.6174,-0.4694589,0.7246737,-1.2890272,1.1958011,-1.4488068,-0.73326933,0.0,1.6827036,0.0,2.6776044,1.3704522,-0.7581813,-0.16096878,-0.044345856,0.021308899,0,78.95211,2.9511354
13.639282,52.58017,56.985836,-1,1,-1,-0.0072575514,0.009256892,0.014493352,-0.36182642,0.6554601,0.93087,24.097073,154.90575,313.06717,1.1703734,1.7434903,2.388374,0.7167359,-0.32587138,-1.1166254,0.0,0.0,0.0,0.38839832,1.2537237,-0.40352207,-0.007789612,0.043468475,0.3406868,3,46.433876,2.170978
14.218571,56.95333,45.226917,1,-1,1,0.006135277,-0.013542764,0.01984398,0.21225277,-1.0443665,1.5939375,77.582825,57.2514,65.32496,-2.3814397,-0.10224783,-0.9109189,2.3479295,-2.7740645,-0.29716247,0.0,0.0,2.9299326,-0.11000671,1.9478008,-0.46039698,0.07355881,0.06930256,-0.023360252,0,72.15065,0.38403836
44.588394,22.158262,10.371355,-1,1,-1,-0.011292091,-0.021350926,0.027988393,-0.79216933,-0.73260385,1.2884744,60.21209,37.395496,27.364676,0.8144391,-1.1142008,1.6253281,1.989074,-2.3194976,-0.58356756,0.0,0.0,0.0,-0.051354233,0.5828988,0.36538064,0.045395136,-0.16611958,-0.021841764,1,33.93967,-2.0338204
22.492899,15.699945,10.33625,1,-1,1,0.02327083,0.020501468,-0.08713497,1.1149433,1.2152165,-3.6422656,54.234924,26.942553,10.794586,-1.5271994,1.1348525,0.2967109,-2.6331728,0.5919006,1.3089348,0.0,0.0,0.0,0.5673802,0.49793842,2.9200957,-0.061109543,0.04193878,0.061309814,0,9.608371,-1.687514
73.16181,34.54212,34.00246,-1,1,1,0.007946541,-0.0029802497,-0.00404053,0.65456694,-0.20317344,-0.27694646,170.21207,98.809,56.67533,-1.4877561,-1.7120998,1.0987108,-1.2714759,1.2947919,2.4328325,0.0,1.061703,0.0,0.85576063,0.09146506,0.0012185364,-0.064128876,0.074028015,-0.1421814,0,21.981112,-0.32837504
191.93997,153.48817,10.569366,1,1,1,0.004431187,-0.011044713,-0.025883963,0.33452463,-0.8995685,-0.23922947,284.68924,239.92087,24.91337,0.9472617,1.0168667,-1.5022142,-1.3844591,-0.9415542,1.9527758,0.0,0.0,4.806293,0.6429058,-1.139675,2.3975363,-0.00906992,-0.063863754,-0.2395854,4,13.0868025,0.6462453
172.17752,120.07353,79.738304,-1,1,1,-0.0062809386,0.0020205213,-0.0039635897,-0.5390462,0.164821,-0.32961273,191.27646,120.144295,80.375534,0.46676236,0.03431882,0.1263328,1.0100437,1.8852705,1.7443072,0.0,0.0,0.0,-0.8436052,-0.021465821,4.718363,-0.01017344,-0.055864334,0.014984369,1,188.52928,3.0129325
27.913235,56.196224,42.79488,-1,-1,1,-0.002300902,-0.0020288709,0.0010672767,-0.1647296,-0.15678959,0.0735191,29.197218,205.515,193.18922,0.30213884,1.970577,2.187899,1.9802744,1.3962724,-2.3039072,0.0,0.0,0.0,-0.7880373,0.363248,-0.28297633,-0.007164955,-0.029624462,0.04142332,1,95.56187,-0.1625825
50.06118,18.931349,33.118584,-1,1,-1,-0.00803913,-0.025047354,0.017338607,-0.5853637,-1.6973296,1.2217927,53.502197,21.138512,104.63621,0.36868122,0.47828165,-1.8174999,-0.015747476,1.5788954,-2.680403,0.0,0.0,0.0,10.4058695,-0.9395614,-0.21544214,0.07050896,0.007437706,0.008040428,0,23.714321,-2.94938
112.66645,84.61827,35.153355,-1,1,1,0.0010415224,0.012085775,0.008728665,0.08411173,0.94637555,0.60825515,120.612305,107.50708,35.175453,0.3733945,0.71987516,-0.03545662,2.491536,0.2482831,2.448701,0.0,0.0,0.0,0.031539064,2.4169574,1.8149225,-0.03441429,0.027881622,0.031345367,2,45.53667,1.1938571
47.864807,13.083421,21.48557,-1,1,-1,0.028498944,-0.011365078,0.034035694,1.2988441,-0.60181266,1.9677945,102.57668,17.860136,39.083794,-1.395869,0.8304444,1.2055527,-2.5356355,0.64863515,-1.3966825,0.0,0.0,0.0,4.65456,0.4138382,0.68291456,-0.019946098,0.016994476,-0.044456482,1,64.1007,1.1956602
48.651886,15.704463,13.554832,1,-1,1,-0.004975944,0.004355586,0.007707508,-0.24111468,0.19552298,0.31959412,120.30139,42.920444,28.765081,1.5548052,1.6632628,1.384761,-0.581907,-1.0830041,-0.5826591,9.708866,0.0,15.817711,9.387767,0.33187145,46.3622,-0.042598724,-0.0806427,0.02274704,0,7.322368,-0.8435029
81.85776,17.43959,11.06954,-1,1,-1,0.0028256832,-0.024383962,-0.018089214,0.13245912,-0.7301778,-0.6569465,112.38951,48.25801,11.79019,-0.8388814,-1.6765909,-0.3589085,1.8989518,2.0699103,-2.5771563,0.0,0.0,0.0,0.51013285,-1.3042408,0.18723248,0.037288666,-0.013462067,0.06788254,1,35.278774,-1.8880734
15.345531,52.487526,79.70569,1,1,-1,0.029892283,0.017669791,-0.0016976201,1.7140356,1.2148361,-0.139004,18.533415,141.8439,99.92651,-0.63391036,-1.6511618,-0.6980511,1.3143879,3.00987,2.0548058,0.0,0.0,0.0,0.8342821,3.718996,2.3763022,-0.0020637512,0.013900757,0.0017738342,1,180.08635,0.5792671
17.400833,14.404886,15.190245,-1,1,-1,0.0031656418,0.018104374,0.0066286093,0.16634242,0.90845454,0.48113033,38.56297,39.31529,18.470514,-1.4336238,-1.6618003,-0.6458696,-2.5443199,2.953819,-2.5556345,0.0,0.0,0.0,1.5036775,0.68251,3.859067,0.086200714,0.018144608,-0.0550766,0,42.83087,0.108137816
45.967606,49.0602,34.94707,1,1,-1,0.0016915252,0.0030025698,-0.013945818,0.12941456,0.20120457,-0.95037943,133.97974,251.70544,163.67133,-1.732079,-2.3187227,-2.225575,1.84352,0.6208571,-1.0008992,0.0,0.0,0.0,0.23728442,0.06510022,2.3678553,0.13409424,-0.06689453,-0.2082138,1,70.55426,-2.2306545
126.45021,76.01974,21.056475,1,1,-1,-0.0018521285,-0.011084783,0.01859405,-0.16356379,-0.8920773,1.2526227,210.02353,133.42354,21.843222,-1.0942895,-1.1623653,-0.27247488,2.5252066,-1.2201297,0.7618551,0.0,0.0,0.0,0.63937175,-0.44765413,2.067246,-0.025043488,0.008281708,-0.016944885,2,74.88304,-2.5733562
50.71836,92.54365,30.226402,1,-1,-1,-0.01270332,-0.0049471357,-0.009014393,-0.9931702,-0.39082256,-0.60411686,91.34669,237.13327,34.289566,1.1936163,1.5936339,0.5128568,1.587258,3.0696442,-1.7750329,0.0,0.0,0.0,1.6049292,2.3422968,-0.54150605,0.013408661,-0.050239563,0.18818665,1,136.5239,-0.7041381
17.330458,101.42311,43.513187,-1,1,1,-0.00332599,0.003968022,-0.003067553,-0.2169117,0.32547638,-0.1507788,17.788713,109.59155,259.8973,-0.22938432,0.39869624,2.473287,2.8737624,-0.01778966,0.7802317,0.0,0.0,0.0,-0.2552372,-0.53979176,-0.12516476,-0.034973145,0.052734375,0.23561859,1,48.605286,3.046467
116.39191,73.501,66.57763,-1,-1,1,-0.021012401,-0.015917728,-0.0030445785,-1.6319501,-1.2417839,-0.23474698,134.17303,75.13748,81.53948,0.5459501,0.2106307,-0.6584549,1.4605176,0.46092844,1.4352098,0.0,0.0,0.0,-0.786462,-0.2705448,0.41282672,0.01509285,-0.040224075,-0.050146103,3,56.82295,2.9425945
7.354344,62.94635,13.660952,1,-1,1,0.03306444,0.0036065893,0.01163236,0.33793926,0.29839304,0.67891246,12.183843,63.299065,24.633013,-1.091092,-0.10579925,1.1950148,1.3743609,-2.6231048,-0.6787317,11.028873,0.0,0.0,1.7192422,0.17014147,-0.41810876,-119.70864,0.06178665,-0.060272217,2,73.300735,0.53865796
92.7276,18.76003,161.2356,-1,1,-1,-0.007805657,0.000110465466,0.002352922,-0.6151035,0.0068359976,0.19751781,94.07686,24.948147,183.99432,-0.17038526,0.79141116,0.52526325,-0.7473488,2.0534134,1.2024387,0.0,0.0,0.0,1.0784714,-0.0052721556,1.2447779,0.03721237,-0.050640106,-0.036539078,2,49.103344,-1.6024675
131.81105,110.17892,47.979263,1,-1,1,0.009002983,0.003607153,-0.0063237036,0.68158674,0.22262274,-0.41202885,402.353,240.7189,264.0584,-1.7811279,-1.4176263,-2.3901908,-1.1889495,-0.4209848,-0.11164386,0.0,0.0,0.0,0.033702757,1.4894552,-0.240349,0.1564331,0.0100188255,0.053589344,1,220.54218,-0.80838615
26.141754,36.54917,50.241066,-1,1,-1,0.02626338,-0.026952803,0.010312089,1.2916256,-2.0636287,0.74076915,67.14737,64.40353,278.6214,-1.5962554,-1.1671956,-2.3979385,0.5851144,-2.5798194,1.8569995,0.0,0.0,0.0,-0.7477899,-0.1381001,-0.57148176,0.01197052,0.08629608,0.06764221,2,17.463163,-0.16001247
42.35383,21.701939,13.599158,-1,1,-1,-0.0066419817,-0.032691605,-0.016610445,-0.3240369,-1.4159302,-0.8861003,54.213814,29.862608,18.307384,-0.7319137,0.8421142,0.80981314,-1.9076643,-0.022118518,-0.78858334,0.0,0.0,0.0,0.030203125,-0.09399896,1.2293555,0.04367447,0.034496307,0.12630463,0,44.200047,1.3946235
48.502426,23.801067,13.694618,-1,1,1,-0.0022044142,-0.0037728494,0.0065598534,-0.1867931,-0.25524092,0.3454039,56.076485,39.3268,15.510803,-0.5518213,1.087769,0.50943744,1.9179201,-0.5630018,0.65213645,0.0,0.0,0.0,-1.5071707,-1.3173206,0.13772583,0.0114479065,0.0042800903,-0.059581757,0,61.997585,-1.9501877
14.305328,141.6578,57.187473,1,-1,1,0.011701499,0.013347396,0.011422057,0.7161101,1.0996683,0.9106761,34.105396,183.03523,58.116245,1.514759,-0.7468433,-0.17997457,1.3712318,1.3809906,2.2452536,0.0,0.0,0.0,-0.62517244,1.3362755,-1.6077064,-0.0048732758,-0.035194397,0.0822258,4,83.09529,-2.5990627
46.774715,38.52987,15.17058,1,-1,1,-0.015974497,0.0075148414,-0.015442657,-1.1250882,0.43344358,-0.8582355,62.94297,39.946056,15.996972,0.8092001,-0.27030587,0.3285904,-1.5944803,2.1101627,-0.8235768,0.0,0.0,0.0,-0.2629154,-0.9238463,0.50101566,0.00022125244,0.12297821,-0.06989288,2,58.427223,-0.9339825
82.47646,20.266342,21.639458,1,-1,1,0.0054817838,0.07660615,-0.003374089,0.33027938,2.0561035,-0.22159907,90.13402,43.238808,44.173122,-0.4276521,-1.390831,1.3404905,-3.0617537,0.15872636,-2.9572427,0.0,0.0,0.0,0.43087566,0.7889445,0.77948314,0.10744381,0.05853653,0.083631516,1,139.92542,-0.3877617
52.625324,51.04899,21.22014,1,-1,1,-0.0039955275,0.012978212,0.0070519717,-0.1545488,0.6123164,0.35810024,160.20818,302.81793,25.265938,-1.7782869,-2.4663115,-0.6080959,-1.7526137,-2.5787878,0.33858758,0.0,0.0,0.0,-0.60472316,-0.3320405,1.438372,-0.054092407,-0.14730453,0.028686523,0,48.973766,3.1194463
182.4958,78.84835,62.809566,-1,1,-1,-0.00056082616,-0.006417706,0.0050812927,-0.045462582,-0.48873922,0.23967227,192.0202,79.234535,103.75009,-0.32168922,0.098932765,1.0873989,-0.9193222,1.5519818,0.755129,0.0,0.0,0.0,2.7718384,1.4594009,-0.45570225,0.104400635,0.10177231,0.07223129,3,18.84534,0.64258796
32.604794,26.976517,45.522842,-1,1,-1,-0.015526409,0.010233689,-0.0015386401,-1.0069721,0.6387787,-0.11636752,32.676605,27.928608,52.501755,-0.066358134,0.26487845,0.54688025,0.33990982,-0.6404032,-0.46217498,0.0,0.0,0.0,-0.5265355,0.27927095,-0.47120503,0.12386227,0.061647892,-0.022480011,2,53.79564,-1.4208367
74.09112,48.32263,26.919783,-1,1,1,0.014927151,-0.006739831,-0.029512128,0.9387238,-0.1900575,-1.0820068,79.518196,171.824,30.322947,-0.3804513,1.9413311,0.4976774,0.2868248,-1.5873781,2.8508637,0.0,0.0,0.0,-1.2207048,-0.22347504,0.8996327,-0.106910706,0.0060863495,-0.013175964,0,51.177155,2.7686884
48.155445,16.924295,81.368,-1,1,-1,0.00996688,-0.013759633,0.005914518,0.49415258,-0.6477508,0.46676952,66.96456,17.919083,90.30855,0.8573458,0.34120873,-0.4645901,1.3698146,1.5725315,0.64003944,0.0,0.0,0.0,1.0327088,0.42304754,-1.1743712,0.05223763,0.03940344,-0.0013184547,2,162.88712,0.059520543
54.636112,35.685963,40.855442,1,-1,1,0.025307214,0.011170645,-0.015332687,1.4837528,0.5112787,-0.9308097,91.60076,40.462982,147.1965,-1.1059986,-0.51181716,-1.9550346,-2.8004625,0.40243745,1.4402913,0.0,0.0,0.0,1.1734403,-0.75178176,0.3330501,-0.124168396,0.048210144,0.003753662,2,41.55127,0.33893558
86.13371,72.477554,19.375586,1,1,-1,-0.022606771,-0.006224046,0.010641918,-1.1943446,-0.45282245,0.6502956,125.28371,100.587555,72.2262,0.92058825,0.8544959,1.990438,2.53846,-0.6709496,1.8033102,0.0,0.0,0.0,0.961541,0.23559044,0.0,-0.026923656,0.06270075,-0.077147484,3,23.304382,2.361633
9.036581,11.405639,12.476324,1,-1,1,-0.011050937,0.00650733,-0.017201561,-0.48878485,0.42211178,-0.91549194,40.164272,11.472823,13.895881,-2.1719382,-0.108093254,-0.47255588,-1.7875084,-1.5634091,-0.51144326,0.0,0.0,0.0,-0.37091902,-0.2535025,0.099410586,0.05291748,0.044672012,0.055322647,0,28.682531,2.0044036
150.4562,170.07419,9.980823,1,-1,1,-0.0016390695,-0.018851392,0.009159134,-0.1281336,-1.5891528,0.57431287,219.87166,460.8577,10.338003,-0.92703605,-1.654071,-0.26654014,-1.7927358,2.4344294,0.3898881,0.0,0.0,0.0,-0.14216122,-0.23957175,-0.2505494,-0.040649414,0.01689148,-0.0022659302,0,39.19215,-1.1740787
19.69628,82.26272,20.601816,1,-1,1,0.0014783656,-0.0060035517,-0.00484706,0.09532541,-0.5069494,-0.30678588,36.219357,90.50685,78.07195,1.2184957,0.44404006,2.0075164,2.6237142,-2.6585155,2.0283072,0.0,0.0,0.0,-0.99740297,-0.11395764,-0.45047253,-0.023963928,0.16813469,0.03284836,1,93.936005,0.12527959
9.300498,39.82283,43.988766,1,-1,1,-0.0044842134,0.00734888,-0.020633,-0.26692468,0.5421823,-1.5080054,12.410469,44.157677,49.57395,-0.7965051,0.46245152,0.49873155,-1.7800071,0.37641457,-2.1639717,0.0,0.0,0.0,1.4199985,2.295073,-0.4676746,-0.018692017,0.0038452148,0.14866257,0,41.750443,1.9905654
47.66315,37.717884,59.807495,1,-1,1,-0.00024198156,0.006225143,0.012549526,-0.015421564,0.3760534,0.9572596,141.34225,54.37738,59.914055,1.7504487,0.9083299,-0.05965912,-1.98622,1.2643291,0.63887525,0.0,0.0,0.0,-0.4034623,-0.317108,-0.5354138,0.0008728504,0.05820036,0.00075888634,1,61.901237,-2.8834267
129.03232,19.545889,84.252556,1,-1,1,0.009533285,0.009447564,-0.0052011814,0.8227923,0.5571153,-0.4236815,209.15466,22.390526,259.15497,1.0635623,0.5331509,1.7892177,0.9734013,1.9376538,-0.34750783,0.0,0.0,0.0,-0.8027364,1.8741714,0.37744242,-0.023311138,0.03577876,0.12723517,2,71.811775,-2.2363582
34.16211,10.603323,30.204002,-1,1,1,0.018480767,0.02086981,-0.009061181,1.3940148,1.1709118,-0.6725876,41.917507,11.149215,40.902958,-0.6616786,-0.3193771,-0.81863564,0.5747019,0.93443793,-0.3973915,0.0,0.0,0.0,3.8601186,2.0157394,0.2787959,0.03480339,0.014242172,-0.06362152,3,72.04892,0.9653372
57.817776,56.57678,31.209442,1,-1,-1,0.0035813479,0.00031628634,0.043254845,0.22929484,0.02428395,1.6484653,58.26778,57.444427,63.543266,-0.12468409,-0.17491019,1.3375127,2.2661552,-2.137565,-0.9912347,0.0,0.0,0.0,-0.8794623,1.284025,11.7932825,0.072280884,0.0759964,-129.0587,3,63.809017,0.47760755
35.578953,9.732569,7.284811,1,-1,1,-0.0074506393,0.001406691,0.077867895,-0.42182362,0.053596962,3.4368286,92.386894,13.681337,7.7305946,1.6080505,0.87283593,-0.34807894,1.9000059,-3.0125408,1.0192599,0.0,18.03856,0.0,-0.82396877,1.661552,-0.2028454,-0.019821167,0.024150848,-54.91946,2,265.28198,2.9813848
143.3197,67.985634,16.608166,-1,1,1,-0.005550921,-0.014737071,-0.0048907795,-0.34770757,-1.0598773,-0.3266965,243.8997,102.44406,18.141428,1.1245303,0.96852434,-0.42641592,0.40424052,-0.5248755,-1.823004,0.0,0.0,0.0,2.7253945,-0.7056449,2.2758617,-0.015359879,-0.03388405,-0.056913376,2,192.24101,2.99534
89.31689,17.496096,133.15633,1,1,-1,-0.017250804,0.0017269552,0.009915583,-1.3479283,0.09778124,0.8292788,95.97978,36.55787,403.5197,0.3838965,1.3671429,1.7734417,-1.5202999,-1.0332247,3.0560153,0.0,0.0,0.0,-0.20881543,0.4638347,2.3547173,-0.041176796,-0.02756548,0.0339756,1,45.997826,-0.12929285
61.491856,47.97109,33.45716,-1,-1,1,-0.010883814,0.018820783,0.0030571346,-0.80676126,1.361271,0.20228899,80.29816,83.161545,43.13913,-0.7634181,-1.1472929,0.74351805,1.263141,-1.9413339,-2.5232673,0.0,0.0,0.0,0.29997876,-2.061037,0.94498533,-0.086429596,0.03560257,0.22509193,2,96.75746,0.90213954
37.30306,22.608318,69.358116,-1,-1,1,-0.0029119153,-0.021899542,0.008666429,-0.09602018,-1.3006934,0.7090484,107.906265,69.10522,106.628555,1.7240224,-1.7825575,-0.9951179,0.45472783,-2.784669,0.48110902,0.0,2.6349478,0.0,2.1252162,0.5511747,1.0769092,0.019096375,0.08350992,-0.018376827,1,45.564716,-0.3070485
38.00527,16.08168,12.147191,1,-1,1,-0.076821834,-0.04044328,-0.07148225,-2.3312917,-1.4901391,-1.2248915,139.61816,60.07966,63.448685,-1.9752723,-1.9927242,-2.336989,-1.8800609,-2.0703154,-2.0063477,13.548206,91.8076,0.0,14.870021,36.73756,0.90572387,0.017593384,0.13240814,0.11847687,0,97.77234,-2.2618616
52.44292,30.54308,74.18366,1,-1,1,-0.0028584374,0.0038279453,-0.012603227,-0.1836851,0.2955162,-1.0004815,69.574,51.413044,269.20468,-0.7877564,1.1109856,1.9625263,2.0935774,-2.354554,-0.23398897,0.0,0.0,0.0,-0.34707326,-0.38693446,0.049210694,-0.07067299,0.0436306,0.028726578,1,63.117176,2.0398574
54.70335,32.304153,8.440451,1,-1,-1,-0.014590519,0.00029724807,0.22322392,-0.9131297,0.017037742,1.8361793,203.70638,46.290443,38.477085,1.9893653,0.89987344,2.1979213,1.518425,-1.0849394,-0.187888,0.0,0.0,0.0,1.0661957,-0.5992108,0.027340515,0.028032303,-0.024333954,-0.08200073,1,28.586998,-1.8633235
158.37196,23.931429,136.43808,1,-1,-1,0.009506941,-0.021365192,-0.023457663,0.73425895,-0.9952261,-1.997354,365.6235,101.06181,593.55554,-1.4792055,-2.119364,-2.1499279,0.86981505,-0.636669,-1.1216613,0.0,0.0,0.0,1.7061797,1.6890537,0.41904125,-0.086416245,-0.06620216,0.015972137,3,36.680317,-0.42076895
32.858925,56.205307,36.913433,1,-1,1,-0.009051534,-0.0075385193,0.02171681,-0.4163491,-0.5878154,1.6900101,140.04276,90.42981,50.0076,2.128815,1.0540758,0.81918806,-0.24473329,2.7930737,0.117710344,0.0,0.0,0.0,-0.2568583,-1.1303207,-0.057502564,-0.014932632,-0.06695557,-0.010753632,1,22.385672,2.4795437
34.79007,25.112585,84.672264,1,1,-1,0.08281412,-0.008905808,0.0019562396,5.533324,-0.6217733,0.15584165,34.792732,36.304863,129.40097,0.012370381,-0.9121626,-0.98727983,-2.2175386,-1.7713449,1.2190008,0.0,0.0,0.0,2.2454333,-0.5009055,-0.5009055,-0.17292786,-0.0018005371,-0.045707703,0,50.202496,-1.7428185
44.005066,77.25413,33.5005,1,-1,1,0.01503056,0.01595791,-0.0127792,1.09551,1.2931846,-0.9677256,44.968513,80.14214,33.902637,0.20887582,0.27258706,-0.15475875,-2.024396,-0.2048152,1.9709101,0.0,0.0,0.0,1.8782489,0.81259495,-1.0169818,0.09426308,-0.07504845,0.048448563,0,13.4267645,0.6267957
45.801113,120.956436,65.87054,-1,1,-1,0.025898214,-0.01854239,0.004788086,1.2469144,-1.4778675,0.3695285,46.213398,280.62936,191.8205,0.13407591,1.4846907,1.7311392,-1.4363804,2.9064484,1.8862983,0.0,0.0,0.0,1.0251397,0.78458995,0.8568839,-0.07601929,0.007286072,0.009056091,1,129.64288,-0.8119722
80.0243,38.20572,36.308624,-1,1,1,-0.04107685,-0.0018529202,-0.002994702,-2.8527396,-0.13326558,-0.24023221,141.2265,97.59944,36.392765,1.1690484,1.590314,-0.068003476,1.5784829,2.8341649,-1.3339612,0.0,0.0,0.0,-1.163133,0.56144166,-0.6385052,-0.15828323,-0.019420624,-0.02794075,1,65.75968,-0.8478833
32.62622,216.80847,13.231123,1,-1,1,-0.014177338,0.017205084,-0.006397217,-0.8874527,1.5099866,-0.39662927,77.61183,362.85092,13.988881,1.5123172,1.1037964,-0.3367576,-0.24801134,0.7771205,2.7462292,0.0,0.0,0.0,1.3876935,0.11043161,1.0587505,-0.03303528,-0.014480591,-0.033676147,0,110.4617,2.271903
26.13944,7.5457687,11.184476,1,-1,1,-0.003978237,0.012329521,-0.047822542,-0.21273631,0.5051987,-1.5948694,28.922852,8.292068,11.199257,-0.45748287,-0.44116735,-0.051406525,-0.18640955,-0.6165605,2.5149171,0.0,2.0015178,0.0,-0.4794254,1.621789,1.7060605,0.02356863,0.050519943,-0.015025139,1,24.79979,3.0446727
131.46562,36.668507,31.524174,1,-1,1,-0.0057174973,0.008037552,-0.0038838114,-0.48899305,0.6245991,-0.26107284,137.21712,37.898376,39.33465,0.29473186,-0.25826475,0.69014895,-0.31118807,-1.632817,1.7914314,0.0,0.0,1.0894363,0.24780884,-0.69652075,2.0636497,0.0046625137,0.052513123,-0.06700325,2,62.970898,-1.6792266
45.313107,44.05504,95.659584,-1,-1,1,0.005788121,0.017375845,0.020648621,0.38407117,1.0548381,1.5718634,47.919895,270.02548,585.37823,-0.3375947,2.4995017,2.4978654,-1.6071181,1.8290755,0.7617329,0.0,0.0,0.0,-0.060388092,0.0035099946,0.23545818,0.08001995,0.04496956,-0.13253927,3,87.62652,-2.8807676
18.6505,11.151295,29.673018,-1,1,-1,-0.009601582,-0.0083456375,0.003561978,-0.4786769,-0.39512625,0.26117316,32.36328,19.2118,48.49989,1.1484749,1.1396705,1.0740945,0.30994737,0.601647,-1.1179577,0.0,1.1186755,0.0,3.7607012,3.588513,-0.43061653,0.05659771,-0.0069084167,-0.05626011,0,24.745274,-0.603945
161.48961,59.839005,21.264017,-1,1,1,0.0040961215,-0.006230655,-0.0044073295,0.24392445,-0.3770259,-0.25371522,336.9699,69.503006,21.26821,-1.3655918,0.56094736,-0.019856492,1.790708,-0.015395881,1.9944394,0.0,0.0,0.0,2.250395,-0.9864791,-0.7576437,0.030836105,-0.021402359,-0.083768845,1,70.86168,-1.6389341
58.00346,14.225247,20.14141,-1,1,1,-0.018787228,0.014211241,-0.025561333,-1.1468146,0.7122297,-1.3879316,171.3916,15.652029,31.46238,1.746648,-0.4442208,-1.0159861,-0.5576593,-2.8952117,-1.5961174,0.0,0.0,0.0,0.7318211,1.7462547,-0.73355883,-0.031024933,-0.03989029,0.046726227,1,46.724224,2.3150706
31.045906,15.071294,21.783276,-1,1,1,-0.0082851825,-0.004663047,0.043821163,-0.5164714,-0.20339605,2.0097702,51.066437,32.45794,48.49182,1.082094,1.4014314,-1.4386392,0.22044389,-2.0830746,-2.3356614,0.0,0.0,0.0,-0.75808483,1.1366067,-0.3994543,0.023643494,-0.015712738,-0.054527283,1,47.32592,2.0370088
48.42923,31.18053,42.60739,-1,1,-1,-0.0062342375,0.005764882,0.007365169,-0.4184241,0.23943475,0.5746544,50.871056,77.507286,43.011265,-0.3162353,1.5605627,0.13755697,1.9960232,2.8769553,-1.868103,0.0,0.0,0.0,-0.31401744,-0.004002319,-0.6449868,0.09328079,0.01392746,0.04735565,1,106.715454,1.217015
50.788548,18.659239,14.873918,-1,1,1,-0.003487409,-0.03659515,-0.015232657,-0.18382049,-1.2260058,-0.79157853,52.176144,69.85876,28.174744,-0.2332276,1.9949487,1.2536136,2.4509706,1.5015359,2.5480216,0.0,0.0,0.0,-0.65163153,1.190369,-0.299807,0.07457924,0.061380386,0.025936127,3,23.73067,2.3975406
88.765045,99.590164,19.82414,-1,-1,1,0.03304472,0.01978449,-0.009287989,2.0263264,1.6550497,-0.59419304,454.438,214.12605,25.98648,-2.3165379,-1.3995659,-0.7693512,1.706159,-1.3491217,1.4684815,0.0,0.0,0.0,0.14199135,-0.4002939,-0.4002939,-0.17378998,-0.10624695,0.07325745,0,27.72808,-1.8402836
41.85272,11.169849,11.053578,-1,1,-1,-0.0897846,-0.024970626,-0.039434686,-3.5962129,-0.8203223,-1.2767346,247.5226,61.08366,47.124817,-2.4632668,-2.383707,-2.1291454,-3.000354,3.0853674,-2.723178,8.551796,13.607955,0.0,1.2673632,0.7709721,1.9513196,0.09609985,0.033180237,0.1386013,1,37.5334,1.7670336
11.342418,15.893262,8.21885,-1,1,-1,-0.008092082,-0.013284487,1.895271e-05,-0.45687804,-0.81436956,0.0010565602,11.407455,18.578568,10.174206,-0.10663483,-0.573387,0.6767153,0.1847907,-0.33057973,-0.45240393,0.0,0.0,0.0,-0.3963351,-0.92658335,0.6478711,0.06480408,0.015144348,-0.008483887,0,35.630203,2.9682462
29.668877,80.03086,26.468046,-1,1,1,0.004038319,-0.01962061,-0.011897658,0.24621029,-1.6617519,-0.78468925,74.47724,236.73581,34.839176,1.5712745,1.7477999,-0.77572364,-0.25363335,1.9217597,2.906711,0.0,0.0,0.0,0.40088147,-0.47498986,-0.64740086,0.026901245,0.007633209,0.025865555,0,40.986076,-0.67550945
22.369926,44.868042,27.888672,1,-1,1,-5.8544498e-05,-0.025007337,0.014283177,-0.00162846,-1.6205331,0.96538645,67.79689,85.14847,29.282637,1.7735449,1.255803,-0.31485093,0.5267974,-0.591807,-2.929811,0.0,0.0,0.0,-0.61290526,-0.77382314,2.9018214,-0.06765747,-0.02828598,0.04466629,0,32.435886,2.4783463
213.60083,187.35466,158.69928,-1,1,1,0.006966349,0.0054974803,0.0019661454,0.5612838,0.40557024,0.13713616,223.63515,246.26346,165.99284,-0.30533162,0.7735668,-0.30202857,2.8457344,-2.7672021,-2.9482057,0.0,0.0,0.0,-1.0701413,0.07434998,2.0789669,0.048419952,0.0124053955,0.029239655,4,89.03495,-2.1351888
15.931171,25.931505,76.58586,1,-1,1,-0.04106099,0.01833522,0.015057971,-1.3717861,1.3143805,1.2749622,40.69422,60.59964,80.01235,1.5902297,-1.4926904,0.29802656,-1.9618616,2.8281264,-2.8817186,0.0,2.1589098,0.0,0.042035125,0.31214496,0.9665924,-0.06607866,-0.028817177,-0.005613804,0,132.89774,0.23098418
8.425016,83.91662,24.369392,1,1,-1,-0.0016979714,0.012513161,-0.008077497,-0.061838284,0.9894798,-0.52452844,17.555965,175.25227,43.442345,1.3640368,1.3665599,1.1812398,0.13717523,0.2865854,2.8931527,50.067215,0.0,0.0,32.61132,23.052313,0.1375996,-0.02122879,0.034786224,-0.046552658,5,109.031166,2.9580088
26.88825,60.70562,38.76104,-1,1,-1,0.0043043285,-0.0019791124,0.020024316,0.29918596,-0.1482687,1.2818629,58.059155,226.13101,214.76457,1.4043865,-1.9897012,-2.3970292,-1.4885057,-2.7304575,1.0804558,0.0,0.0,0.0,1.235746,-0.16963914,-0.16963914,-0.008636475,0.018188477,-0.12097931,0,32.792652,0.56571877
63.17142,63.05548,9.441565,-1,1,-1,0.00399896,0.006053941,0.0027821588,0.32483855,0.4893508,0.17155418,121.65676,135.99487,10.345951,-1.2730292,-1.4030669,-0.43414533,0.1438603,0.6472002,0.34652022,0.0,0.0,0.0,-0.9207019,-0.9514989,-0.34111878,-0.047286987,0.01823616,-0.04096794,1,37.742664,-2.81566
74.99385,30.956625,45.23874,1,-1,1,-0.008275542,-0.0036543799,-0.001593445,-0.36523825,-0.28354073,-0.116300136,227.36632,37.36527,187.3128,1.7739235,0.63283896,2.0990613,-1.8694707,1.113707,-1.131127,0.0,2.2634628,0.0,0.11254162,3.0056827,-1.1438789,-0.03125763,-0.02142334,-0.08294678,3,176.92102,-1.9674459
34.343822,21.0819,33.68379,-1,-1,1,0.013674393,-0.01026672,-0.006716855,0.68501014,-0.70843637,-0.50979334,73.52201,50.57392,52.83985,1.3946619,-1.5215846,1.0214946,-2.9888418,-1.4262263,0.011829315,0.0,0.0,0.0,0.36677778,-0.8496398,-1.2145344,-0.024975777,0.041100502,-0.034516335,1,40.375076,1.4057726
74.10821,25.709213,47.011345,1,-1,1,-0.021381637,-0.008213691,-0.019382067,-1.7180864,-0.46513274,-1.4239725,81.01572,48.958668,138.26155,0.42847484,1.259868,1.7416619,-0.7059347,2.2015018,1.8557335,0.0,0.0,0.0,0.64918286,2.5186434,3.8927908,0.027042389,0.12022781,0.08320618,0,49.356873,-2.6837955
56.655415,54.2424,32.03069,-1,1,1,0.00968175,-0.010976743,-0.014642903,0.45328575,-0.7847524,-0.9124933,117.35791,71.752144,180.81389,1.3572515,0.78331846,-2.4159815,0.679848,-2.10077,-2.7456362,0.0,0.0,0.0,-0.08878274,-0.17680004,0.75627035,0.038532257,0.03194809,0.0028915405,0,36.565647,1.053329
23.652016,71.48435,24.182068,-1,1,-1,0.05416556,0.0111382045,-0.017324312,2.2166815,0.84634346,-1.1311778,27.60986,147.23726,28.302895,0.57073146,-1.3507665,-0.57579404,2.587997,0.7792254,-2.8486419,0.0,0.0,0.0,-0.13564822,0.4779305,-0.56878585,-0.013767242,-0.010415316,0.050369978,0,85.229,-1.7055384
19.10983,48.28832,49.39222,-1,1,1,-0.010175783,0.019477125,0.018857973,-0.65694094,1.4843624,1.4265361,47.203876,72.7769,51.30945,1.5536691,0.9687747,-0.27772528,2.508262,-2.1680367,-0.8442987,0.0,0.0,0.0,-0.09712575,0.58648884,1.637509,0.008264065,-0.010903358,0.05503416,1,3.9711387,3.0553362
29.047781,9.6832905,13.485425,1,-1,1,-0.007220496,-0.04171632,-0.014579779,-0.19681923,-2.3206515,-0.86203164,94.23449,20.812193,40.324707,1.8453428,1.3991401,1.7592878,-0.46936736,-1.2686858,-2.1557102,0.0,0.0,0.0,-0.54076314,-0.9963833,-0.39988324,-0.101493835,0.006931305,-0.05455017,0,33.412186,-3.0522375
51.266945,22.17468,42.587364,1,-1,1,0.0015008433,0.00021014916,0.0022690387,0.1247362,0.01340374,0.1454993,52.15734,54.05256,173.88643,0.18609534,-1.539141,-2.084647,1.162187,-0.8481112,2.1532679,0.0,0.0,0.0,3.7781332,-0.40084723,-0.45079815,0.104478836,0.082574844,-0.067085266,0,72.91146,-2.2834618
190.04327,83.197556,113.91692,1,-1,-1,-0.029056707,-0.012286733,0.029362217,-1.7680979,-0.8328247,2.3215942,200.58209,88.40993,181.6012,-0.3315108,0.35215646,1.0422736,-1.8102723,-1.936267,1.2250922,0.0,0.0,0.0,2.4889073,0.6974249,-0.41546184,-0.014846802,-0.07110214,-0.062351227,3,116.303345,2.010092
70.45358,67.55526,40.437782,-1,1,1,0.02094514,-0.034598693,0.003423975,1.2871219,-1.1436919,0.23021168,145.42078,241.93657,43.80732,1.3531803,1.948789,0.40544876,-0.42122415,3.007215,-3.0519414,0.0,0.0,0.0,-0.070324466,1.8007805,0.08091772,-0.12789631,-0.008024216,0.027072906,0,48.878952,0.4986698
18.827015,38.514874,56.342514,1,-1,-1,-0.03212341,0.0006495862,0.01473169,-2.1663065,0.03758794,1.132286,22.31998,63.130898,278.21426,0.6000799,1.0776861,2.2796748,3.0245206,-2.8259418,-0.4852652,0.0,1.426639,0.0,0.52076393,-0.030465454,-0.1645669,0.03699875,0.035003662,0.08276367,1,22.283285,-0.0816109
169.30386,16.04362,31.715218,-1,-1,1,-0.004381261,0.017695244,-0.006361341,-0.37027833,1.0083711,-0.4834129,169.3207,49.261387,44.146267,-0.014099513,1.787335,-0.85875475,-2.118512,2.4096634,-0.4410562,0.0,0.0,0.0,0.73744124,-0.055646736,0.755348,0.027580261,0.09778595,-0.0010986328,3,58.69748,-1.3459146
96.64458,39.95952,11.883114,1,1,-1,-0.015155812,0.027370391,0.0022475389,-0.34005278,1.402492,0.07025884,443.66815,228.30789,54.23047,-2.2051046,-2.4282274,-2.199046,-1.5664324,2.132503,1.4458039,0.0,0.0,0.0,0.717133,0.84308666,-0.61856973,-0.029729843,-0.17694473,0.06250763,2,39.440945,-2.7817864
9.571517,23.824009,32.6272,1,-1,-1,0.01842424,0.030560942,-0.013891738,1.0053887,2.0831726,-1.0193543,15.224939,44.159073,60.546368,-1.0394154,-1.2279438,-1.2293211,0.054243177,0.43330088,-2.985314,0.0,0.0,0.0,-0.048818573,-0.083744355,0.52460766,-0.14682198,-0.020864487,0.039905548,0,13.940811,-0.06302514
53.21873,18.748716,84.21211,1,-1,1,-0.027221534,0.015162303,-0.020871175,-1.3795813,0.6620033,-1.657065,59.972473,42.59018,93.28134,0.49861506,-1.4612432,-0.4600326,2.581036,-0.7080767,2.36621,0.0,78.22493,0.0,1.105255,16.962463,1.0909202,-0.041757584,-0.04954052,-0.0095386505,2,54.479324,-2.098455
40.34674,18.478735,11.041483,-1,-1,1,0.011837135,-0.012748729,-0.06312826,0.797953,-0.4969479,-0.9857531,46.00014,53.51831,29.742281,0.5233833,1.7253178,-1.6476722,-1.0398327,-2.166684,3.1300535,0.0,0.0,0.0,-0.29963452,-0.52760166,0.7628901,0.042388916,-0.062496185,-0.017246246,0,47.012794,1.6569575
291.32913,176.84286,33.44997,-1,-1,-1,0.004401807,0.0055341725,0.06390639,0.3473338,0.44048345,3.9831939,316.60962,218.84465,35.190495,0.41364145,0.67625564,-0.32121223,2.379957,2.6843588,1.4798077,0.0,0.0,0.0,0.55383265,1.4651041,0.14516883,0.0007147789,-0.03507638,0.014345884,2,6.6250997,-2.6939337
57.54584,36.33969,107.03256,1,1,-1,-0.0028832362,0.010403677,0.0075118025,-0.24445789,0.76923656,0.62159175,72.145836,38.813396,399.98834,-0.6980728,-0.36690387,-1.9930477,2.8162897,2.5457404,-2.9574316,0.0,0.0,0.0,1.0081193,0.5299177,1.328275,0.0012998581,0.037597656,-0.029121399,3,109.2784,-0.21795689
24.126972,93.866135,85.229614,-1,1,1,-0.014802407,0.014687102,-0.0136172855,-1.0528072,1.2059237,-1.0108218,49.89472,393.97598,85.332016,-1.3553575,-2.1130643,-0.048999157,2.8179271,-2.760303,1.2701056,0.0,0.0,0.0,-0.23367219,0.8453471,0.061316345,-0.028088018,0.021650344,-0.038283706,2,83.06094,-0.3527985
30.126068,17.063782,92.093704,1,-1,1,0.018487737,-0.023548543,-0.006337203,1.2168959,-1.4514338,-0.5268301,48.545074,37.052086,238.09888,-1.0560374,-1.4106901,-1.6033335,-0.02816434,2.1545115,0.07981492,0.0,0.0,0.0,-0.9647161,-1.50118,-0.06493622,0.024539292,0.0263713,-0.048142016,1,91.46426,2.522459
60.249733,28.297249,67.70651,-1,-1,1,-0.02231125,0.0075272364,-0.02634543,-1.798207,0.51415783,-2.144453,64.10768,47.766228,69.57451,0.35597548,-1.114464,0.23436058,2.560879,-0.6735931,0.99838024,0.0,0.0,0.0,0.23878205,-0.38764715,-0.55689055,-0.14128876,0.018608093,-0.044914246,0,137.90533,-1.6756691
55.561188,53.797127,32.73924,-1,-1,1,0.003229649,-0.01419067,0.0012720823,0.22822326,-0.6866512,0.09003329,77.52986,54.42423,32.843822,0.8622999,-0.15254034,0.0799092,1.5195895,2.6793692,-0.9856153,0.0,6.199508,1.601684,-0.70880365,6.9989944,-0.15899102,0.014184952,-0.10704517,-0.09778881,3,52.67105,-0.54968995
12.174071,37.729557,30.771637,-1,1,1,-0.013197697,0.00084280287,-0.015572191,-0.84909,0.060918745,-0.9653828,13.697549,39.13042,45.81045,-0.49514186,-0.27165335,-0.9522648,0.22384238,-0.47719347,-0.121980436,0.0,0.0,0.0,0.702983,-0.3099912,0.058140382,0.010246277,-0.0979538,0.08454895,0,45.548454,2.754094
43.421185,31.603561,45.520992,-1,1,1,-0.0027833933,-0.010142397,-0.007703082,-0.21540706,-0.6881549,-0.5398144,72.73521,32.767166,59.16368,1.1049176,-0.27051708,-0.75607044,-0.8362083,3.0603907,2.0882642,0.0,0.0,0.0,-0.56158286,2.4441798,0.75702846,0.027578354,-0.05907631,-0.0125255585,2,73.41774,0.2250288
64.57106,50.931866,33.091576,-1,1,1,-0.01252899,0.018217703,0.020948708,-0.6458955,1.1371874,1.2919779,87.379814,51.3764,51.738194,0.81755763,-0.13202535,1.0171684,-0.16733374,2.9053638,2.9168966,0.0,0.0,0.0,1.1002743,-0.66985595,-0.54912,-0.025522232,-0.02153778,0.01281929,1,38.727318,0.25848675
93.938774,50.247864,22.438433,-1,-1,1,0.021233177,0.00551382,-0.007933937,1.334095,0.42285228,-0.5003592,93.94159,111.43548,24.163305,-0.0077440757,1.4344114,-0.3896052,2.880868,-2.8434663,-0.6307609,0.0,0.0,0.0,-0.8252425,-0.7945028,1.1326271,0.018548965,0.02627182,-0.09536123,3,28.070896,1.5634948
13.218475,33.948616,118.28985,1,1,-1,-0.06379475,0.0023689654,-0.012329263,-0.7356944,0.18538523,-1.015614,17.595547,35.57258,246.33443,-0.7928655,-0.30807373,-1.3633114,1.8731687,-1.2806513,-2.425456,2.8798258,0.0,0.0,0.56313694,1.9391617,1.4550695,0.25401306,-0.10148811,0.02983284,4,82.34648,0.27110377
51.387905,79.938324,56.01904,-1,-1,1,-0.008301841,0.007313261,-0.0068768365,-0.55096567,0.6164881,-0.4704769,152.82115,102.9181,63.496246,-1.7534643,-0.7411645,-0.5110904,-0.93637514,0.6593439,-2.3023355,0.0,0.0,0.0,0.4314319,-1.0014758,4.1158414,-0.006248474,-0.01658535,-0.06628895,6,132.30019,1.5956482
140.41263,36.823956,13.186445,-1,-1,1,0.013589134,0.010162263,0.029565867,1.0876873,0.58647186,0.8416128,141.70477,55.808743,39.505688,-0.13556162,-0.9762088,1.7613077,-0.66519326,-1.7230589,-1.2717952,0.0,3.436287,0.0,0.3331024,0.32735857,0.3942948,-0.009101868,0.070697784,-0.10359192,1,103.154915,-2.3072228
93.76298,53.20243,18.00234,1,-1,-1,0.00891263,-0.0018805352,-0.03615344,0.6953671,-0.11764185,-2.117058,99.50351,229.57974,18.866524,-0.3481642,2.1415892,0.30862504,-2.7489212,-0.43830812,0.59339714,0.0,0.0,0.0,2.3580458,-0.056539763,1.7978929,-0.008613586,-0.023105621,-0.16625977,1,22.497349,2.856182
33.64848,74.96502,37.203022,1,1,-1,0.012268247,-0.007371123,0.010237806,0.5617779,-0.58561516,0.6995253,54.62508,79.755844,47.52226,1.0654855,0.35563254,0.7285903,-1.9654255,1.7442831,-0.18564919,1.9043984,0.0,0.0,1.8068357,1.0592659,0.7609519,-0.030067444,0.05781555,0.004547119,0,84.04921,-1.9002424
24.36379,137.55005,75.004875,1,-1,1,-0.015791032,0.010364744,0.00069821504,-0.7132204,0.7755361,0.054794658,24.409203,156.00146,95.406746,0.06104653,-0.51234144,-0.72180104,-2.8369625,2.0774221,1.1555461,0.0,0.0,0.0,1.2073152,2.6689882,1.4131731,0.07292938,0.027896881,-0.005340576,2,207.09457,-1.4485172
64.09897,39.395477,44.40366,1,-1,-1,-0.008589071,0.00835334,-0.01578482,-0.47392198,0.4851798,-1.2151389,164.90744,81.28987,55.92514,-1.5979924,-1.3528295,-0.70564234,-1.1823083,0.8810815,0.7043428,0.0,0.0,0.0,0.18768023,0.32278362,-1.0380859,-0.025428772,-0.07186127,0.0016860962,2,100.45656,2.036235
131.68584,112.54631,24.089758,1,-1,-1,-0.015843568,-0.0028170615,-0.025900384,-1.0625039,-0.21597317,-1.1943381,645.6005,117.73321,124.28951,2.2723415,0.30244684,2.3244474,-2.6926372,0.38227415,1.8260498,0.0,0.0,0.0,0.3879267,0.3245884,-0.0975271,-0.012226105,0.0017471313,0.016059875,2,12.436508,0.09209293
120.39758,81.38521,60.097656,1,-1,-1,0.003021874,0.01572396,0.008235163,0.20425388,1.0813951,0.5378959,592.54443,199.08029,165.58884,-2.2762887,-1.5429894,-1.6719971,-1.6742746,-1.1951789,-2.9195602,0.0,0.0,0.0,-0.41239893,-0.6102609,0.41549972,0.08722687,0.017902374,-0.03904915,1,104.26639,-2.1509504
9.235296,91.772705,75.69536,-1,1,-1,0.18354069,-0.019457988,-0.008063138,2.428291,-1.5822297,-0.5850072,23.91369,232.55728,107.862175,1.6050023,1.5815438,0.89202976,-0.8048925,-0.76684433,-1.4930824,0.0,4.3884854,0.0,3.4944317,0.8650129,1.1190096,-0.013856888,-0.036409378,0.037602425,2,40.58223,-2.9787173
50.068775,18.318172,58.84197,-1,1,1,0.060661517,0.041243497,-0.019169368,2.0956137,1.6750807,-1.501355,203.54997,18.660639,88.5529,-2.0801797,-0.19306758,-0.96681714,2.249451,-1.8028349,-0.41288674,0.0,0.0,0.0,-0.58341277,0.7377712,1.731886,0.01863861,-0.04396057,0.041259766,0,63.879566,2.9038663
103.62296,45.16982,94.4319,-1,1,-1,0.018431945,0.0109358495,-0.0033281094,0.6668496,0.6080247,-0.2695006,365.02036,164.61371,420.89487,-1.9315563,-1.966941,-2.1748226,-0.06728721,1.3536679,1.8280313,0.0,0.0,0.0,2.4150875,-0.54650795,0.21427484,0.06212616,0.07277489,0.10898781,2,43.159607,-0.518452
167.98892,33.807846,126.31865,-1,1,-1,-0.005131414,0.021654766,-0.004333121,-0.38418823,0.809629,-0.3591192,246.88658,65.90008,545.7699,0.9347774,1.287151,2.1428673,2.0870945,-2.8606715,1.140383,0.0,0.0,0.0,-0.11214776,0.36396134,0.4491857,-0.044286728,-0.019996643,-0.03042221,1,64.495514,-2.8872218
129.7834,39.176258,24.57033,1,1,-1,-0.016127191,0.038473655,0.11730563,-1.161768,2.3412943,2.3243706,170.32954,166.57594,29.560575,-0.77120626,2.1264036,-0.62701696,-0.23900868,0.00062912976,-0.16913538,0.0,0.0,104.80741,23.634787,1.5103773,129.8263,-0.03388214,-0.12963104,0.07041931,2,55.009056,0.46866134
34.35329,56.271584,62.133053,1,1,-1,0.0179684,0.0064035812,0.01193321,0.9539354,0.5044936,0.94611764,117.2443,131.43956,254.364,-1.8985201,-1.4921685,-2.0873733,-2.163672,-1.1378876,-3.0785303,0.0,0.0,0.0,-0.75567174,-0.51179856,-0.30859205,0.061576843,0.0616436,-0.06836319,0,59.9609,2.179912
63.70797,9.712965,11.68686,1,-1,1,0.009428036,-0.022032274,0.021366198,0.6519836,-1.1567272,1.1934922,109.84988,22.616325,12.7016945,-1.1406969,-1.4886733,-0.4136919,-1.6835977,-1.9821444,-2.4602966,0.0,0.0,0.0,0.5256013,-0.19018872,-1.5076135,0.0652256,0.12001419,0.07785034,3,94.76704,2.018219
62.011044,48.148243,15.462829,-1,1,-1,-0.020556299,-0.0112708965,0.061783437,-1.5177785,-0.48958442,0.7612598,113.60439,123.70476,64.23607,1.2140237,1.5965346,2.1024613,0.49299943,2.5405662,-3.0427516,0.0,1.2389215,0.0,-1.2964321,-0.1332689,0.08631964,-0.070675015,0.054279894,0.02568221,2,21.590124,1.0080032
134.36131,40.2377,32.161236,-1,1,1,-0.013635537,-0.037842073,-0.018737882,-0.86014676,-2.1027126,-1.3286349,216.5557,41.955055,35.24074,-1.0563126,-0.2911357,0.43419346,-0.54870313,0.49787843,-1.1892396,0.0,0.0,0.0,-1.2371055,1.0451428,0.68925476,0.02112484,-0.026855469,0.06191635,5,46.580196,3.111396
13.797474,13.52964,20.282536,-1,1,1,0.015455801,-0.011557602,0.013155483,0.4012928,-0.29731765,0.82039875,17.751585,47.19503,38.409176,-0.7400712,-1.9213434,-1.2532871,-1.7062588,2.2054474,-2.1978292,6.6479955,0.0,0.0,14.917236,-0.07429779,-0.9111347,0.23723888,-0.028209686,0.09650421,2,96.01063,1.6824912
64.502495,7.658504,17.136507,-1,-1,1,0.009821131,0.044610668,0.010403478,0.55621934,1.7547575,0.64022684,227.9296,16.949736,19.035395,-1.9348292,-1.4321016,0.4664865,0.6498456,1.7353312,0.7012929,0.0,0.0,0.0,-0.41024324,-0.71153206,-0.011306091,0.09284496,-0.046117783,-0.03887558,2,16.796812,1.6169131
77.06246,29.603575,30.22989,1,-1,-1,0.0018130807,-0.020464577,0.010260951,0.14073457,-1.306682,0.7615015,80.88622,45.154015,69.48492,-0.31373248,-0.98470813,-1.4743432,-1.9245404,0.4185038,0.60391575,0.0,2.2789834,2.2789834,-1.6060989,-0.43003657,0.6901522,0.055383682,0.007680893,-0.020030975,5,58.173214,2.823067
30.179415,38.471684,42.356873,1,-1,1,-0.014491316,-0.009788974,0.0001590503,-0.921609,-0.740831,0.012629245,41.056404,76.44904,45.353733,-0.8253829,1.3095064,0.37398112,-3.0610492,0.4211368,-2.636679,0.0,0.0,1.3909165,0.24318506,-0.05195703,0.22143616,0.042312622,-0.007259369,-0.06599045,0,13.612296,-0.20395721
78.37145,34.503956,41.80458,-1,1,1,-0.0015495045,-0.0018089634,-0.008034124,-0.11652091,-0.1281069,-0.61948895,246.59256,65.48699,230.32214,-1.8131588,-1.2559282,-2.3912804,-2.433827,-0.2716517,0.5836714,0.0,0.0,0.0,0.6794162,2.4260507,-0.65402484,0.012512207,0.085933685,4.196167e-05,1,72.59114,1.1817546
136.08447,182.11131,221.90547,-1,-1,1,-0.008546828,-0.0006666296,-0.0055359714,-0.5986644,-0.0564549,-0.46868086,312.59906,378.24487,431.9864,1.4736415,1.3603138,1.2856314,-3.0872622,1.0932249,0.6886204,0.0,0.0,0.0,2.0456226,4.114606,4.0395265,-0.015007019,-0.049419403,-0.07336044,3,31.634075,-2.7117434
91.93747,48.98304,13.3562355,-1,1,1,-0.011362026,0.0057463185,0.01803327,-0.9163471,0.25059745,1.0051128,294.0098,230.29202,13.379784,-1.8302575,-2.2295141,0.058845315,1.9293673,0.528653,-0.09153674,0.0,0.0,0.0,3.9502468,1.7587034,-1.6445357,-0.0012245178,0.4054718,-0.12829971,6,58.581936,0.8216784
72.4054,25.774397,14.285833,1,1,-1,-0.017745579,0.01062406,-0.04322375,-0.9078545,0.73749065,-2.7745311,101.64572,29.104362,16.1385,0.87092465,0.5029903,0.5038897,2.808482,0.00017270591,-0.76142913,0.0,1.7871715,0.0,3.5494678,3.290719,-0.5660735,0.02658081,0.008155823,0.014457703,1,7.710352,-2.6316032
45.66734,14.456743,9.270182,-1,-1,1,0.22474386,-0.0060558324,0.0010000907,4.8755364,-0.3583715,0.047198277,51.154305,14.88026,10.75635,0.4854254,0.24146864,-0.5589411,-3.0717494,-0.6713596,-0.8703441,0.0,0.0,0.0,2.5650594,0.16024698,0.9407658,-0.02558136,-0.07046509,0.013191223,0,28.489202,0.57339084
41.195896,197.185,10.946356,1,-1,1,0.004398325,0.008062409,0.00848807,0.3236056,0.6922727,0.4764035,72.39515,221.96323,14.692791,-1.1639034,-0.49621105,-0.8053656,0.83364886,-1.369287,1.321466,0.0,0.0,0.0,1.021736,0.3982877,0.18119702,-0.021427155,-0.035315514,0.029140472,0,187.40666,2.065626
35.452644,44.175312,50.175632,1,1,-1,-0.0135121485,-0.0075841104,0.0015693347,-0.69263804,-0.56427795,0.114322625,35.486458,132.73973,78.63573,-0.04367122,-1.7644564,-1.0202596,2.3169925,-1.1077154,2.8694553,0.0,0.0,0.0,0.17991364,-0.38169652,1.0901817,0.079042435,0.020272255,0.017085075,1,57.86639,-0.33076108
59.896553,52.276985,26.707321,1,-1,-1,0.016924497,-0.022565281,-0.010060348,0.98895264,-1.7142519,-0.63745785,175.5402,77.130936,31.416327,1.7379299,-0.94011384,0.5854368,2.1136143,-0.015231799,-1.3580185,0.0,0.0,2.0530598,0.17431498,1.3836205,0.2507411,0.05631447,-0.010437012,0.0074481964,0,30.535404,2.7589424
48.98466,39.09728,8.78187,1,-1,-1,-0.0017378668,-0.0062859934,-0.0018000521,-0.12510358,-0.43978447,-0.06463967,49.547043,47.88171,16.030066,0.1513861,0.6583893,1.2096844,0.99954003,-2.422289,-2.8791432,0.0,0.0,0.0,0.6101307,-0.30857003,-0.12027454,-0.024475098,-0.0047187805,-0.015010834,1,43.604168,-1.8585978
21.14688,63.944893,24.33328,1,-1,-1,0.0013208637,0.01698653,-0.02334529,0.09399709,1.232117,-1.6894884,27.643755,77.13113,31.095226,-0.76506245,0.6316482,0.72922945,-2.398122,0.7447508,-2.635851,0.0,0.0,0.0,1.2379968,1.0221651,-0.40524963,-0.004333496,0.053771973,-0.047912598,0,54.03531,-1.3315096
30.724514,145.65422,45.843464,1,-1,1,0.0138891125,-0.001550651,0.02167711,0.9893709,-0.12998131,1.7429662,34.10126,186.0837,49.989716,0.46463472,0.72883976,-0.4221609,2.4997022,1.1008795,1.8856293,3.0864263,0.0,0.0,-0.5110038,-1.4587034,-1.4851629,0.018836975,0.06559181,0.005722046,4,57.947113,0.16199546
154.94583,129.72273,15.410994,1,1,-1,0.009107074,-0.01550029,-0.01845124,0.6548781,-1.0322123,-1.0278206,561.32855,152.35223,20.072746,1.9607607,0.5824032,0.7594298,-0.6680658,3.0420136,-0.53073263,0.0,0.0,0.0,2.4979918,-0.6226858,1.0155884,0.11556244,0.016647339,0.12633514,3,24.741583,1.4228752
584.2882,175.30844,42.68317,1,-1,-1,-0.0007464684,-0.011519486,0.012101782,-0.064202,-0.87589645,0.85742,584.77747,175.95514,82.64527,0.04092007,0.08586862,-1.2793425,0.16352995,0.43323895,0.047460213,0.0,0.0,0.0,24.108181,-2.0392094,-0.6286281,0.06854987,-0.11524725,0.0363369,4,199.95158,0.81853706
70.98243,37.037125,64.88242,-1,1,1,0.006811475,-0.40290472,-0.004118074,0.51858985,-2.2087123,-0.3253355,84.39922,56.711315,93.394936,-0.60554814,-0.98982435,-0.90617067,0.45886406,-1.6010829,2.9136214,0.0,0.0,0.0,0.122012876,-0.5003835,-0.7356556,0.03050232,-0.30904388,0.051143646,2,50.54332,-0.78741515
44.212086,158.31454,55.59299,-1,1,-1,0.0026805988,-0.005315803,0.0029804963,0.20474409,-0.43366084,0.23780116,86.887276,160.31583,71.65334,1.2966505,-0.15883575,-0.74291575,-0.4638926,1.7117215,-1.8932085,0.0,0.0,0.0,-0.50209874,-0.15259144,-0.32642028,-0.084198,0.12641907,0.03186798,3,224.82518,-1.0852188
19.193441,13.044456,22.479818,-1,-1,1,0.069681436,-0.013110965,-0.006049211,3.1921742,-0.69807225,-0.38130048,20.361378,22.511448,41.689304,-0.34711248,-1.1417336,-1.2285634,2.2895315,2.9447744,2.6313646,3.7211833,1.1397319,0.0,2.6786842,1.3861011,2.5260768,0.0061187744,0.039066315,-0.007068634,1,45.143257,-0.69352406
22.237246,33.493713,53.42018,1,-1,1,-0.017321004,-0.0018045931,0.01214853,-1.0507112,-0.11638922,0.95959914,62.150288,59.15934,70.6669,1.6872717,1.1700681,0.7833687,-2.7588603,2.0337243,-1.1662642,0.0,0.0,0.0,0.8541648,-0.43245924,-2.186133,0.16026688,-0.10564041,0.016569138,2,110.34695,1.1256012
115.68349,67.6758,56.39736,-1,1,-1,-0.030342892,0.013211866,0.027310707,-2.3714514,0.3675932,1.6599036,124.94768,147.37083,119.40828,0.3975818,1.413912,1.3821604,-0.32612398,2.0515695,-2.63633,0.0,0.0,0.0,1.5972346,3.9120429,2.4266083,0.019613266,0.01725483,-0.08117771,0,22.749065,2.9247816
55.686707,34.30451,67.72762,-1,1,-1,-0.011122909,0.009185022,0.0032217328,-0.82109654,0.51261187,0.24960479,65.683075,64.3854,271.2884,-0.5905647,-1.2427621,-2.0648766,-0.48339498,-2.9658964,1.2299144,0.0,0.0,0.0,0.24075906,1.6102133,-0.19633377,0.045106888,0.009326935,-0.13789368,0,16.808794,3.1145937
62.256584,40.177982,15.948696,-1,-1,1,0.018788641,0.0058442946,0.007574678,1.3036814,0.38820666,0.31450367,64.736015,50.46983,53.31931,0.28129852,-0.7013003,-1.8769108,-1.6642764,2.7768054,0.26792696,1.162754,0.0,0.0,0.30646583,4.1648326,0.76564246,-0.033374786,-0.044273376,0.13677979,4,22.96662,-0.3541603
41.375614,31.435835,55.124577,1,-1,-1,-0.047516853,0.07079513,-0.007305604,-1.4471353,2.1135902,-0.5821846,125.992966,162.11443,95.42012,-1.7785599,-2.3239653,-1.145465,1.1495807,2.9064429,0.85885054,0.0,3.6897295,0.0,1.0134474,0.2268935,1.2372391,-0.08007431,0.1023407,-0.0062732697,4,63.720566,-2.0080626
109.93544,76.361,73.27337,1,-1,1,-0.0027501022,0.020030873,-0.038543694,-0.18609822,0.9597826,-1.2283708,114.662254,275.0902,282.82404,0.29220423,1.954929,2.0265558,1.6723413,-2.197445,-0.9895005,0.0,0.0,0.0,-0.2710755,0.29271686,0.53269076,-0.036930084,-0.09245062,-0.037534714,1,18.875288,0.018644553
44.03905,44.909115,30.547592,-1,1,1,-0.023140313,-0.006952658,0.008156484,-1.7955083,-0.4009893,0.58481884,58.312252,98.14216,71.97755,0.7848156,1.4179096,1.5017973,-2.5527184,0.677685,0.9818385,0.0,0.0,0.0,6.3175144,0.15548266,2.7360432,-0.1131022,-0.07519317,-0.04960227,2,39.241413,-3.0631964
29.856255,16.348717,7.287069,1,1,1,-0.0154026775,0.033818606,0.030428415,-0.7935336,1.0359874,0.5396572,40.16858,16.395014,10.970793,-0.80890775,0.07523981,0.96734035,1.5071886,1.4859544,-2.351526,0.0,0.0,3.7082326,2.6708186,-0.09687121,5.0226917,-0.008747101,0.07223511,0.07511139,2,55.65409,-2.3829687
17.657038,76.701065,44.757626,1,-1,1,0.015572139,-0.008317034,0.0037555173,0.90919745,-0.7095722,0.27658245,37.92085,167.39262,46.65885,1.3982795,1.4163911,0.29044187,-1.930244,-1.1929529,-2.7762413,1.4189085,0.0,0.0,-1.4256217,0.22950488,1.6049916,0.028223038,0.017594337,0.028709412,4,62.41766,0.7836446
61.164394,19.002546,58.726097,-1,-1,1,0.022618204,0.006682343,-0.0050913254,1.7506236,0.41621467,-0.40198618,63.556816,23.235146,93.87252,-0.27879116,-0.65561646,1.0457495,-2.6796749,-1.8154799,1.5897036,0.0,1.1008272,0.0,-0.94941264,-0.6395126,-0.040866088,0.03271866,0.016355515,0.00036239624,2,71.30125,-1.2897512
55.421547,42.328976,28.637823,1,-1,1,-0.04962526,0.02157728,-0.030466026,-1.7613313,1.575428,-2.0563838,254.00882,45.870255,117.64183,-2.203428,-0.40624335,-2.0909078,1.950219,-0.55498093,1.558932,0.0,0.0,0.0,0.4022196,2.5681036,0.11184771,-0.069767,-0.023090363,0.07792282,2,64.74954,1.4293516
22.764862,37.665813,187.99998,1,1,-1,-0.027567431,0.006305029,0.0031873963,-0.8142968,0.42272618,0.27604905,74.27467,74.031136,901.8421,-1.8513408,-1.296789,-2.2500992,-2.904021,-1.5268978,-1.1329437,0.0,0.0,0.0,0.002195923,-0.4338912,-0.09041621,0.12878609,-0.03843212,-0.087581635,1,108.55147,1.2777063
9.799439,51.225372,261.43378,1,1,-1,0.018843362,-0.016222848,-0.03354484,0.8783203,-1.1979785,-2.7867036,12.524443,169.8733,874.42554,0.7294759,-1.8684149,-1.8773978,2.873157,-0.0820285,0.7540465,0.0,0.0,0.0,0.716638,1.1670015,0.0028340148,0.0018157959,-0.014541626,0.054740906,0,75.49207,2.88367
34.03609,32.531155,26.356691,1,-1,1,-0.016294792,-0.010480648,-0.0041936394,-0.29292977,-0.7879288,-0.26437598,73.79631,33.030346,131.32088,-1.4090279,-0.17493309,-2.2888422,-0.9714076,-2.4169824,0.95706445,0.0,0.0,0.0,-0.02751168,0.33112213,0.0,-0.23810959,-0.108177185,0.25360107,0,45.0727,1.3048183
62.97449,42.808826,76.25373,-1,1,-1,0.034885265,-0.0036087485,0.015906584,1.6658194,-0.21831767,1.2704035,63.17607,44.540295,162.35098,-0.079990484,-0.28346676,-1.3884722,0.007283902,-2.3702722,-0.0033245392,0.0,0.0,0.0,0.24110273,1.8761233,0.32786024,0.042282104,0.0079422,0.013477325,3,51.83548,1.7354102
57.624,13.90183,28.38959,-1,1,-1,0.019764768,0.01809644,0.0042820936,0.77400553,1.1665806,0.29709357,143.5393,19.88033,127.342285,-1.562847,-0.8970174,2.1813393,1.2134981,1.8448522,2.4015608,0.0,0.0,0.0,0.19915985,-0.04924414,-0.43208745,0.04034853,0.0943501,-0.18791962,2,54.172337,-1.1312889
65.48758,42.447964,22.415958,-1,1,1,-0.01635789,-0.0151117435,0.024467465,-1.1694599,-0.68445724,1.6669188,78.900246,49.676212,24.345104,0.62957025,0.5756044,0.41195723,2.4777455,-1.7100325,0.76071626,0.0,0.0,0.0,2.555448,1.6544826,-0.06955383,0.031269073,0.065322876,-0.03482437,0,40.933903,-0.33321142
76.75479,27.329233,15.379894,1,-1,1,-0.009432989,0.014894732,-0.0059485817,-0.49183688,0.7517175,-0.22545053,118.78206,38.819855,36.958206,1.0037956,0.88758445,1.5234629,-1.9162966,1.4460706,1.6629363,0.0,0.0,0.0,0.3481825,0.17165986,5.304263,-0.0010075569,0.11524916,0.14944506,1,51.23583,-0.27369797
82.06171,28.39497,19.164312,-1,1,-1,0.01364662,-0.0031909768,-0.003394332,0.6498175,-0.19807982,-0.19409871,258.19086,30.148664,19.43794,1.8131061,0.34967196,0.1687846,0.9770639,-2.0896719,1.3229365,0.0,105.10344,3.310185,1.1154491,267.6673,0.55042434,-0.019096375,-0.0775938,0.05309391,2,81.73076,-2.3025963
26.032602,11.390468,10.025373,1,-1,1,0.0014885351,0.01275499,-0.024057474,0.103661336,0.661682,-0.983378,28.223988,24.161156,59.532963,0.40748823,1.3842403,2.4673903,2.132374,0.16577727,-1.8798978,0.0,0.0,0.0,0.8303702,0.6333618,0.0,-0.018571854,-0.02560234,0.04086685,0,25.086071,-0.94211346
12.930755,12.784555,20.305466,1,1,-1,-0.010502376,0.0027348136,0.023073426,-0.514769,0.14857024,1.4253728,26.57419,61.597103,88.383644,-1.3482006,-2.254575,-2.1504788,-1.0521289,-2.8025672,-1.6720381,0.0,0.0,0.0,0.7946144,0.10798207,0.12785417,-0.054454803,-0.09794998,0.2156601,1,30.813963,1.3143717
63.321354,33.313534,11.4596615,1,-1,1,-0.010576036,0.038734753,-0.025117744,-0.52280915,1.5900822,-1.4016806,124.010254,38.82403,25.114822,-1.292616,-0.56752795,-1.4211024,0.6229891,-2.4800687,0.95820326,0.0,0.0,0.0,0.14456122,0.23155932,-0.541665,0.014510751,0.027856946,0.054404736,2,35.691998,0.43746665
31.99977,9.187782,11.133863,-1,-1,1,0.029626112,0.02086969,-0.010536132,1.0464172,1.0082693,-0.4253247,108.24569,10.955156,22.49561,1.8892211,0.6107245,1.328695,2.3077447,-3.1190403,-2.0319457,0.0,0.0,0.0,0.43732154,-0.09257544,-0.5379609,-0.0033607483,-0.0055503845,0.117614746,1,56.720764,-0.94049037
25.488104,55.07568,10.854005,1,1,-1,-0.011542015,0.019473298,0.009227596,-0.89725155,1.5851085,0.56679714,29.139599,55.08584,13.955257,0.5290744,-0.019110337,0.7389647,-2.1015742,1.9407103,-0.8160577,0.0,0.0,0.0,1.848866,1.3820349,1.1744485,0.009288788,0.08962631,0.029312134,6,56.411114,-2.9526546
13.236519,8.544622,18.241209,1,-1,1,-0.009642112,-0.02521831,-0.002721832,-0.39313594,-1.3512121,-0.19136669,17.646286,8.585013,19.370714,-0.79515934,0.09640939,0.35007527,-3.0619998,0.5340193,0.7993703,0.0,0.0,0.0,0.11936542,2.4444969,0.13797973,0.07204628,-0.021608353,-0.015525818,0,38.912514,-2.0622108
52.311333,39.040913,48.133183,1,-1,1,-0.008594201,0.0032681448,-0.007487347,-0.6621259,0.23319109,-0.5191612,54.03223,155.37462,264.61703,-0.25579855,-2.0582044,-2.3890827,-0.5008858,-0.40260297,2.4276044,0.0,0.0,0.0,-0.3596128,-0.31768265,0.030822692,-0.008283138,-0.103284836,0.17196417,1,59.565845,2.5201113
7.0901523,276.02347,40.333122,1,1,-1,-0.27203944,-0.00025372542,0.012339461,-2.2447555,-0.022149295,0.83473396,23.78262,945.78815,206.98589,-1.8803966,-1.9026723,-2.318994,3.0038748,2.99972,2.2106361,0.0,0.0,0.0,3.9394202,1.0840181,0.16088074,0.17658234,-0.034973145,0.1592331,4,275.14642,1.798619
71.79976,40.225597,33.56478,-1,1,1,0.013627137,0.01472359,-0.034221537,1.052149,0.87673336,-1.817523,71.90088,77.27415,34.1343,-0.053066388,-1.270108,0.1839565,-2.1377623,-1.3152841,1.7661371,0.0,0.0,0.0,-0.19869754,-0.092791565,0.046473373,-0.025819063,0.013428211,-0.009401202,1,37.61536,0.65567625
42.76439,18.896313,19.685575,1,1,-1,0.017078634,0.0024460794,-0.038188133,1.2102826,0.11373844,-1.2172045,50.145973,23.23304,38.254223,0.57941586,-0.6651667,-1.2835622,2.5121503,1.7719299,-1.3885117,0.0,0.0,0.0,0.2726797,0.121171206,0.74275666,0.005203247,-0.050354004,0.017505646,0,54.09589,-1.406758
82.60701,76.066284,37.125366,-1,-1,1,0.024362652,-0.0091785975,0.0018288622,0.84930533,-0.6776873,0.13162072,391.61676,82.44518,37.13916,-2.2380223,-0.40672448,0.027109204,-1.4666095,0.9571123,2.60943,0.0,0.0,0.0,2.5608277,1.8351626,2.2649434,0.25983918,0.053525448,0.0056368113,0,58.548412,-1.693221
115.2553,17.168045,11.066016,1,-1,1,-0.005734842,0.015836047,-0.02637709,-0.28544977,0.8178434,-1.0339113,213.38348,50.32664,43.30385,-1.2265652,-1.7381783,-2.0407662,-1.5189289,3.0864193,-1.014155,0.0,1.109397,0.0,0.36623836,0.48688355,-0.68443453,-0.16929245,0.0067710876,0.018726349,1,29.655676,0.557947
16.546452,28.946993,9.8813305,-1,1,-1,-0.019172464,-0.01588281,-0.017087854,-0.7392356,-1.1318467,-1.0589651,54.67317,29.95462,12.081591,-1.8646213,0.2630702,0.6554685,1.5560219,1.8084201,2.1241808,1.0785046,0.0,0.0,0.560978,-0.5477721,-0.5477721,-0.07065964,0.018814087,-0.005645752,0,89.12523,-1.3539071
14.272339,19.989536,9.488961,1,1,-1,0.0036426592,0.0074232733,0.025511859,0.2055943,0.4250912,1.4295142,39.10622,30.59059,11.1860695,-1.6660036,-0.9890642,-0.58942413,-0.41042152,-2.3054209,-1.7917091,0.0,0.0,0.0,-0.27568457,0.27249756,2.8153758,0.055951357,-0.037115693,-0.03720045,1,29.041185,2.8386104
111.356964,16.239302,30.146584,-1,1,1,-0.003926687,-0.055508208,-0.00582221,-0.31371883,-2.1880276,-0.27692166,134.4693,21.923464,70.09932,-0.6336322,-0.8140277,-1.4871693,1.9162717,-2.733668,0.5490555,0.0,1.2644452,1.1649067,-1.0652177,0.79623085,0.14406763,0.053627014,-0.028112411,0.028625488,1,101.08045,-1.5162988
77.837776,11.956131,17.851057,1,-1,1,-0.016831465,-0.0025531,-0.013891234,-1.1849562,-0.15378006,-0.9017474,113.50027,15.607658,17.952839,-0.92402434,0.7628778,0.10657384,-2.3321638,0.7383324,-0.04965778,0.0,0.0,0.0,-0.4631197,-0.18626593,1.2867366,-0.003917694,0.049324036,-0.0013790131,4,75.31339,-2.0667999
56.969196,36.491825,30.678146,1,-1,-1,-0.02632403,0.016859008,0.0020946441,-1.8540764,1.0248715,0.0487485,60.095634,37.238514,67.32035,0.32980224,0.2019526,-1.4225584,1.5654907,-1.2081827,-0.984064,0.0,0.0,0.0,0.6531217,-0.63403225,-1.4281516,0.057044983,0.0024719238,-0.14692688,0,22.712545,1.3994864
97.363686,28.874905,13.034636,-1,1,1,0.008881905,0.0020213095,-0.0027699887,0.3970397,0.11139833,-0.13052616,147.54253,62.285225,13.679813,-0.97605073,-1.4032356,0.31335014,-2.3721442,-2.6345315,0.636608,0.0,0.0,0.0,-0.3158421,0.56407046,1.7217506,0.05823326,-0.014438629,0.066431046,4,74.83586,0.1451216
18.716341,8.229927,43.501602,-1,1,-1,0.01794243,-0.027904637,-0.005662149,0.9050897,-1.2189798,-0.42917466,18.819511,10.506744,48.818027,-0.10494983,0.72768104,0.48948625,0.7603269,0.85238874,1.0476781,0.0,0.0,0.0,2.7803226,0.9559298,-0.02698114,-0.08758843,-0.0010213852,-0.023353934,2,39.126244,-0.5668505
36.80684,14.017791,12.185045,1,1,-1,0.015870582,0.016680365,0.041527282,1.2306612,1.0658871,2.075792,65.13652,14.180173,20.341919,-1.1724027,-0.15187986,-1.1006554,0.21957871,2.065336,-0.07189526,0.0,0.0,0.0,-0.7106428,1.0614698,-0.56048423,-0.012710571,-0.019302368,-0.002494812,1,28.538244,-3.0623245
61.54079,91.382385,110.31455,-1,-1,1,-0.012401885,0.0054583894,0.0051965048,-0.96662116,0.4676197,0.42300054,98.49777,137.6091,384.65884,-1.04739,-0.96764654,-1.9209418,0.09659302,-3.100285,0.092974655,0.0,0.0,0.0,0.31354064,-0.2982619,-0.37807792,-0.08347893,0.04114151,0.04734993,0,182.3362,-3.0331619
11.855493,18.963768,22.428928,1,-1,1,0.042971876,-0.015881069,-0.019236377,1.3647568,-0.841287,-1.3741701,21.81996,20.18326,105.99849,1.2195373,-0.35669184,2.234834,2.0861974,-1.5832863,1.3922106,9.723244,0.0,0.0,2.7225995,1.2146364,-0.2645798,0.026760101,-0.04082489,0.09254837,1,12.499115,2.8116188
176.55193,87.64055,21.13833,-1,1,-1,0.020779466,-0.005878233,-0.007238138,0.9974384,-0.44095546,-0.40932268,398.2882,133.97568,50.22067,1.4535102,0.9876594,1.510924,1.324038,-0.8207199,2.3493764,0.0,0.0,0.0,-1.4386411,-0.67299545,3.5399265,-0.0247612,-0.06305313,0.014190674,2,45.02389,0.990767
86.409615,43.457474,52.83745,1,-1,1,-0.10620142,-0.02526943,0.014851751,-1.8468572,-0.54733384,1.2036042,383.54028,60.98546,94.18599,2.1705549,0.8704118,1.1811757,-2.8786612,0.56626225,1.0061603,0.0,0.0,0.0,-1.4147896,-0.07362226,-0.5043684,0.116075516,0.29253244,0.0374794,1,54.70323,-2.592785
25.244549,42.833313,9.691026,-1,-1,1,-0.007726458,0.008766001,-0.010391827,-0.5308417,0.6613995,-0.5744978,28.048079,146.29213,47.514793,0.46701282,1.8992805,2.2724197,2.9877465,1.4689164,1.4733722,1.2065865,0.0,0.0,-0.6758231,0.522331,-0.22619347,0.04927063,-0.035938263,-0.03268051,1,81.2091,-1.0980754
11.319529,46.194504,11.925913,-1,1,1,-0.00029568654,-0.015940163,-0.027421242,-0.017508393,-1.1239309,-1.4680004,11.433129,46.64712,11.972719,0.14125244,0.13985376,0.08812601,0.40867478,1.6180236,0.8962188,0.0,0.0,0.0,-0.081267335,1.3689023,0.22789039,-0.025503159,0.03020668,0.091970444,2,33.071022,-0.052387293
83.124466,22.574644,15.234526,-1,1,1,0.0054470324,0.015825221,0.0043568467,0.4008452,0.8915144,0.26029938,88.05135,26.369392,15.415115,0.3426214,-0.5719941,-0.15382229,-1.9934212,0.49372062,-1.6368773,0.0,0.0,0.0,0.7407224,0.23831841,0.6200746,0.035993576,-0.023944855,0.010913849,1,99.50842,2.656363
127.14076,68.963715,110.24544,1,-1,1,0.017540505,-0.0007875239,-0.00093507173,0.49196836,-0.054725092,-0.05196022,264.36914,88.95811,261.5519,1.3616004,0.7441886,1.5093638,-2.4106328,1.5505297,0.8986703,0.0,0.0,0.0,6.2764015,1.5621121,20.763031,-0.084038734,0.023548603,-0.073198795,3,50.992447,-2.7026281
78.979065,93.132034,120.96728,1,1,-1,0.006622913,0.015125861,-0.0026750432,0.52347517,1.3006874,-0.22468665,87.60438,107.562416,122.427635,-0.4632008,0.5497292,0.1552269,1.7168047,-0.37632594,-1.158299,0.0,0.0,0.0,-0.61213,0.36459705,0.60475063,-0.023651123,0.009765625,-0.046009064,3,146.96436,2.201821
16.408964,52.22048,18.658236,1,-1,1,-0.014535057,-0.0070966952,-0.0063199643,-0.6416774,-0.5236939,-0.44382665,48.887745,207.38611,18.815569,1.7554113,2.0560126,0.1296508,-0.0069767805,2.1274884,-0.2488275,0.0,0.0,1.4973704,-0.6375579,0.19775333,2.2730532,-0.05033493,0.11487579,-0.0071754456,3,170.85205,1.3128489
64.88333,31.167662,7.573893,1,1,-1,-0.022930609,-0.04341117,0.031601463,-1.4025531,-1.5925783,0.61390436,134.20084,163.72781,10.837095,1.355545,2.3427863,-0.89781684,1.5130556,1.4187592,-1.4526923,0.0,0.0,0.0,-0.99696076,-1.264763,-0.5686586,0.03211212,0.06590271,-29.22522,2,34.777035,-0.5360927
23.727322,21.296349,7.6164765,-1,1,1,-0.029085949,-0.03197518,0.02986624,-1.6674594,-1.4578775,0.9837548,29.60817,30.034277,9.558327,-0.6902754,-0.87745094,0.6997164,0.1393088,0.18387368,-0.932485,28.376123,36.43914,0.0,18.405855,37.266838,5.561354,-0.032146454,0.015041351,44.35785,1,70.567085,-0.29855084
53.811035,34.372963,30.24574,1,-1,1,0.015274969,0.0429211,0.04187234,0.9592559,1.9072893,2.4310372,54.469753,34.837364,136.95016,0.15630993,-0.16419661,-2.1909857,2.9949446,0.11551888,-2.0545774,0.0,0.0,0.0,-0.0061020507,0.86871284,0.041157316,0.014755249,0.044448853,-0.0009803772,1,26.151867,-0.14204086
121.75144,40.196964,106.45986,1,-1,1,-0.005794065,0.022701446,0.005331685,-0.4710827,1.6898953,0.44273537,128.21365,42.88765,106.88156,0.32438764,0.36386973,-0.088972226,2.1136308,0.6779127,-0.9607795,0.0,0.0,0.0,-0.94770277,0.76695764,0.39411438,-0.0698967,0.00283432,0.024208069,0,89.85504,-1.6955475
29.369331,26.848715,8.920396,1,1,-1,-0.046987858,-0.00057391636,-0.037937872,-2.1476912,-0.037729774,-2.0831041,35.1062,32.83394,14.667593,0.615285,0.6558892,1.0816075,-1.0231293,-2.4974678,-0.80907226,0.0,0.0,0.0,0.17152306,-1.3952978,-1.3427861,-0.030639648,-0.041679382,0.03715515,4,60.071182,-0.54775
86.74355,38.348404,155.73639,-1,1,-1,0.001625384,-0.009254503,-0.002279796,0.12663239,-0.49867526,-0.19711107,122.472046,55.22775,265.25626,-0.8790426,-0.9068558,-1.1255833,-1.7783018,-0.0075721946,-0.8023565,0.0,0.0,0.0,4.6420507,-0.56325114,-0.028878784,0.019815445,-0.010341644,0.027620316,2,159.04492,-0.867538
29.031912,128.75117,197.19923,1,-1,1,-0.002910847,-0.01279569,-0.025040604,-0.20658277,-1.0685931,-2.1558292,88.15691,153.19557,288.85086,1.7755818,0.606855,0.9302197,-1.1699706,-2.020499,-1.8381532,0.0,0.0,0.0,0.0321521,1.0029298,-0.45842052,0.09876537,-0.00513649,0.007167816,2,61.439716,0.63255537
169.36824,39.673973,16.42636,1,-1,1,0.009247956,0.014534895,-0.009198404,0.59710187,0.9082849,-0.55196756,272.24567,40.71865,49.732975,-1.0528852,-0.22898385,1.772464,0.69240195,0.96933985,-1.5252246,0.0,0.0,0.0,0.37145302,4.993997,-0.32726458,-0.045719147,0.019882202,0.013118744,0,148.10954,-2.547013
69.39481,64.58866,36.721066,-1,1,-1,0.0050949594,0.011159379,0.008297189,0.35802692,0.75705487,0.49672952,119.560036,80.13787,52.138992,1.1397165,0.6806739,0.88700354,2.7262137,-2.4765222,1.2133838,0.0,0.0,0.0,1.815484,0.62351614,-0.20541088,0.054296494,0.033122778,-0.07908344,1,41.06931,-0.8302102
46.803158,36.782757,58.0733,-1,1,1,-0.0014425776,-0.012012138,0.007047764,-0.08471477,-0.6742445,0.49091527,59.140995,43.065884,255.41011,0.7110281,0.57647914,2.161129,2.3820758,-0.76073647,1.1309376,0.0,0.0,0.0,-0.28190222,1.0019935,1.4586058,0.034751892,-0.06109619,-0.08538818,1,126.09315,0.5780156
49.377464,40.36651,18.711937,1,-1,1,-0.03586193,-0.0065361853,-0.011992894,-1.4928275,-0.5051907,-0.6560455,148.48236,42.808838,65.18484,1.7652497,-0.34612212,1.9199427,-2.4869897,1.4104509,-0.6941391,0.0,0.0,0.0,1.3785837,1.8995049,-0.6236866,-0.01876831,0.03410721,0.013713837,0,21.566406,-0.9030939
54.99427,45.532806,43.77527,1,-1,-1,0.008999337,0.00417712,-0.008048557,0.5824765,0.2535867,-0.4849591,74.10264,48.495262,45.094147,-0.8111947,0.35879946,-0.24486022,-2.7556581,1.2966872,1.3457787,0.0,0.0,0.0,-0.435056,2.4723706,0.6238677,-0.064403534,-0.009157181,0.0051822662,1,35.265644,2.8702903
146.92986,126.41789,17.202675,-1,1,-1,-0.008236874,-0.011240522,0.036045842,-0.6870123,-0.91201836,2.1904104,175.20744,129.91287,24.149044,-0.61087054,0.23460387,-0.87086445,1.3280748,1.748575,-0.07730625,0.0,0.0,0.0,-0.63593423,13.52085,-0.8011505,0.036304593,-0.010088801,0.0029162169,6,60.79119,-1.2410066
79.70584,65.035995,26.552393,-1,1,1,0.015285413,-0.026304452,0.011584399,0.49322653,-1.6357777,0.8466578,99.1901,101.53768,26.829725,-0.6857038,-1.0153092,-0.14440627,2.596104,1.8315786,-0.8221195,1.1698143,0.0,0.0,-0.7636548,0.34499228,2.403558,-0.0102882385,0.041030884,-0.033252716,3,226.9778,1.2211946
43.07846,21.673273,21.788685,-1,1,-1,0.07997072,-0.18598153,-0.012994086,0.9181756,-8.07012,-0.5691385,170.37712,54.161613,46.591976,2.0517588,1.5663648,1.3933892,-0.19626698,-0.12821281,2.9530513,0.0,0.0,0.0,0.5860319,-0.1462509,-0.6576258,0.11437225,0.074645996,-0.06677246,2,49.77426,0.6320181
167.7005,98.757645,29.833712,-1,1,1,0.0070780036,-0.009250658,0.0069887717,0.4532767,-0.6405394,0.33501264,181.92322,107.82338,44.766327,0.4089935,0.42526856,0.96289605,0.61335635,1.3169494,-1.0417981,0.0,0.0,0.0,0.81437856,2.335935,0.56515604,-0.13930893,0.041740417,0.086494446,2,20.549881,2.0591545
28.123943,32.563084,29.870672,1,-1,1,0.004060605,-0.0014099451,-0.0018886257,0.2039164,-0.09781018,-0.12927563,106.45525,106.51208,29.870893,-2.006327,-1.853995,0.0015428826,-2.6296585,-0.610786,2.030129,1.2194663,0.0,2.9787452,-0.32530817,-0.54132843,1.7498633,-0.031330526,0.04905823,0.021720499,4,66.124855,0.42102772
47.014027,26.406322,41.711685,1,1,-1,0.024604274,0.044093795,-0.012606714,1.8242477,2.7478414,-0.91182333,155.54762,28.904453,165.17723,-1.8659897,-0.43160474,-2.053047,0.75900954,0.6745162,-2.0807402,0.0,0.0,0.0,2.4746888,-0.54889184,-0.23186347,-0.014986038,-0.047818184,0.054626465,0,88.25862,-2.4764569
60.975777,75.67216,31.457138,1,1,-1,-0.004149384,0.018191746,-0.0050746934,-0.24873227,1.4751078,-0.37347478,63.34432,214.80754,49.426533,0.2778311,1.7039019,1.0235859,-3.1247277,0.32830387,-2.0083342,0.0,0.0,0.0,1.3140253,-0.11452688,-0.84378135,0.022872925,0.04658127,-0.0321846,1,7.204342,0.2788902
45.184013,41.35455,35.79863,-1,1,1,0.0004492496,-0.023437994,-5.976117e-05,0.022139402,-1.1412215,-0.0043726014,91.83292,67.826965,36.28322,-1.3354769,-1.0784596,-0.16435406,-1.1261196,2.2923846,-3.0484922,0.0,0.0,0.0,-0.48735985,-0.16925775,1.0714527,-0.021270752,-0.070877075,-0.006828308,1,62.242565,0.50493187
24.789032,49.823204,44.33664,-1,-1,1,0.013979571,0.009584076,-0.0071017714,0.9139948,0.71502227,-0.60173887,38.71366,139.56914,44.963276,-1.0156978,1.6897275,-0.1679142,1.7141801,2.0734258,-2.084207,0.0,0.0,0.0,-0.9545193,0.42737624,-0.9545193,0.013118744,-0.0070648193,-0.02709961,3,37.795666,0.18461576
69.40284,32.396397,27.88676,-1,1,1,-0.0022840758,0.03237493,0.008153725,-0.1724905,2.1562288,0.29634523,69.52984,32.661156,87.71747,-0.060488164,0.12776046,1.8128333,0.8100818,-1.9553394,0.7636762,0.0,0.0,0.0,1.8713717,1.0139378,3.4127676,0.06504822,-0.033327103,-0.064502716,1,35.081024,-2.5567272
79.81745,22.519596,122.327194,-1,1,1,0.027256668,0.031615227,-0.0071707754,1.464181,1.9298148,-0.6078708,158.647,25.38816,125.54587,-1.3097824,0.49952936,-0.22889748,-2.3514466,-2.5604875,0.48058635,0.0,1.1326404,0.0,0.17160165,-0.039248474,-0.5177567,-0.01537323,0.05615616,-0.022491455,1,39.267235,3.1395667
137.8624,13.037724,17.401726,1,-1,1,-0.019446235,-0.03423273,-0.0062946547,-1.5937897,-1.7671217,-0.38109943,217.61722,26.726942,22.752787,1.0295693,1.3453302,0.76538414,-1.5266635,-1.1288975,-1.1675382,0.0,0.0,0.0,0.7550806,2.308745,-0.6751812,-0.1277504,-0.056785583,0.09974289,0,129.82628,-2.011732
54.42616,38.26442,74.36268,1,-1,-1,-0.015658904,0.012994418,-0.013445637,-1.2634795,1.0044737,-1.0809269,127.17549,84.07557,93.052444,1.492573,1.4239993,-0.6949203,-0.7455276,2.1490295,-1.739088,0.0,0.0,0.0,0.6741278,-1.0518589,0.020788452,-0.036849976,0.0635376,0.02426529,0,48.56846,-2.702641
12.649582,101.100464,19.045076,1,1,-1,-0.116010316,0.0029781344,0.0003886855,-6.129408,0.24805623,0.023450324,13.045231,159.83258,24.052933,0.2494632,1.0315464,0.7101525,2.7765176,1.0819299,-2.268459,0.0,0.0,0.0,0.2022353,-0.059815675,3.6892724,-0.07814026,-0.058372498,-0.024551392,1,58.713028,-1.9780728
40.12066,68.78961,30.348286,-1,1,-1,0.05479415,0.011205097,-0.018085541,0.62235945,0.9219592,-1.3281331,76.75024,131.02841,31.528526,1.2651958,-1.2601432,-0.2779735,-2.9959373,1.9487902,-2.2583137,0.0,0.0,0.0,2.40425,0.14374927,1.244579,-0.06265831,0.033748627,0.13171959,1,13.901542,-0.28356272
65.34512,62.70251,34.633762,-1,-1,1,0.008256699,-0.009025395,-0.0031557556,0.63570493,-0.48883933,-0.1527576,65.58687,188.56874,51.02434,0.08599186,1.7653441,-0.9381074,-2.2212057,0.83061796,-0.35064107,0.0,0.0,0.0,2.1965606,-1.295708,-2.422277,-0.16080952,0.015361309,0.016852379,1,20.021746,1.6666737
30.080126,39.197617,39.219086,-1,1,-1,0.00867675,0.020506255,-0.005926748,0.51686406,1.5232471,-0.45272863,36.200233,120.03641,40.112347,0.6275546,1.7845336,-0.21301052,-1.9573799,-1.144975,-0.7947322,0.0,0.0,0.0,-0.20833893,0.6390598,-0.73761094,-0.0023107529,0.057538033,0.06335735,1,252.39766,-1.3241416
81.4702,44.681767,100.36547,1,1,-1,-0.031637292,0.020503514,0.0023342492,-1.4916816,1.5115075,0.18410847,95.35641,91.93067,173.75397,-0.57586795,-1.3495106,-1.1456227,-1.4865918,-0.31323123,1.2282832,0.0,0.0,0.0,0.7856146,-0.28991288,-0.28991288,-0.008739471,-0.044158936,0.044410706,2,42.393944,2.8449914
49.707905,38.585243,22.767952,1,-1,1,-0.01753067,0.010579637,0.014183668,-1.0579693,0.65343696,0.73383725,51.453167,63.904484,22.803925,-0.26422265,-1.0907158,0.056206066,1.8177221,-1.7094045,-1.8157938,0.0,0.0,3.7622225,2.2893612,2.1521146,0.6392141,0.019159317,0.032425404,0.016489029,1,25.362598,0.9949382
145.89098,111.11248,109.80208,-1,1,-1,-0.004362932,0.0096817855,0.017268995,-0.20233059,0.84014803,1.4476179,229.03284,147.61671,147.06964,1.0224793,-0.7899008,-0.8022162,1.3115952,-2.5635087,-1.709241,0.0,0.0,0.0,0.8713006,-0.010460693,-1.051974,-0.09862518,0.0032577515,-0.014766693,1,70.9748,0.61949235
116.78751,64.1395,48.45473,-1,1,-1,-0.025031298,-0.17549008,-0.0031085825,-1.1899354,-1.5854157,-0.18043226,124.599335,321.22003,159.39484,-0.3637485,-2.2940931,-1.8599545,1.7593036,-1.3267181,3.1296391,0.0,0.0,0.0,-0.5613877,0.07543494,3.3141518,0.018520355,0.15758896,0.04421234,1,30.63659,1.7570899
154.25868,89.90286,537.3968,-1,1,1,-0.0028903775,-0.0057616495,-0.00052572356,-0.22480948,-0.38183942,-0.04588982,159.26143,104.057495,717.54596,-0.2539963,-0.55403495,0.7975076,-1.9824383,-1.257384,-2.0155935,0.0,0.0,0.0,0.20726293,-0.8933683,1.1197811,-0.0885849,0.037399292,-0.017158508,0,74.67004,-1.3339933
90.21227,16.758158,41.68604,-1,1,-1,0.0054502394,0.0038773988,-0.00795924,0.39935547,0.08118326,-0.60203856,129.79321,74.36628,108.611664,0.90549946,2.1703205,1.6117132,-1.7598711,0.7162204,2.1937792,0.0,2.14507,1.1043032,-0.758276,0.41529036,0.51821923,0.0077381134,-0.36389732,0.05442238,1,28.648876,1.4879643
42.300007,100.814995,32.260464,-1,1,1,-0.004627203,0.0015027202,0.0088225715,-0.3265634,0.12068415,0.56431156,47.874233,207.57788,47.45773,0.5078957,1.3503696,0.93609154,0.75720286,2.0341575,0.75547856,0.0,0.0,0.0,0.22501501,-0.31019884,5.9507856,0.015375376,0.042423487,-0.15159655,4,10.21058,-2.1215112
63.921524,27.876812,21.176613,1,-1,1,-0.0053324047,-0.0021169917,-0.05688557,-0.36858627,-0.13724263,-0.4951012,71.00182,29.001057,74.7515,0.46643126,0.28305754,-1.933723,0.3467559,-2.4385366,0.86160815,0.0,0.0,0.0,-0.17113037,1.0581453,1.1391293,0.016105652,-0.08454132,-0.12211609,3,73.50543,-1.2901224
115.57318,19.291054,42.22456,1,-1,1,-0.005714279,0.009839962,0.016842987,-0.48879507,0.636212,1.2254304,140.98418,20.139805,174.1723,0.6515417,0.29551336,2.0951622,2.6649923,0.40047222,0.38178346,0.0,0.0,0.0,-0.35139856,-1.0341253,0.9965398,0.02504921,0.039743423,-0.0813427,0,114.22894,-1.0548866
30.230425,30.26057,29.436346,1,-1,1,-0.013080174,-0.02139163,0.026929695,-0.8479002,-1.2724146,1.8905425,30.365276,91.76352,38.23443,0.094418384,1.7741483,0.75508326,0.2589307,-1.8427778,0.99539787,0.0,0.0,0.0,3.537837,0.11506073,-1.3071791,-0.0056831837,-0.09493351,0.053786755,2,53.275383,2.81356
34.859024,27.621641,31.427765,1,1,-1,-0.013852077,-0.0144117605,0.0046048085,-1.0057923,-0.95177233,0.31139675,53.49815,136.01672,42.94607,0.9928327,-2.2768521,-0.8319493,0.9114205,2.340956,-1.5876367,0.0,0.0,0.0,-0.42342848,1.6815038,-0.21787475,-0.070316315,0.030479431,0.0034828186,1,31.514877,-1.6619493
50.96081,48.432693,15.090457,1,1,1,0.03381543,-0.122111954,-0.017540477,2.1835506,-1.5150156,-0.5837187,53.08478,78.37835,43.67299,-0.28772256,-1.0614796,1.7245336,-0.63848484,-1.9743255,-2.3413682,3.5020053,0.0,0.0,0.41248977,4.848872,0.18240225,-0.019973755,-0.063560486,-0.21276093,2,19.308594,2.3539584
82.68512,25.01869,71.288734,-1,1,1,0.023180872,-0.023704972,0.016390832,1.6714755,-1.0890809,1.2827393,88.45762,28.463655,96.62651,-0.37152538,-0.51893514,-0.8199542,-1.3305964,2.372229,-1.961253,0.0,0.0,0.0,-0.38995734,-0.12548438,0.7781554,0.056051254,-0.029839516,0.013742447,3,20.771818,-2.4539034
156.32167,135.76686,159.7926,1,-1,-1,-0.0018137491,0.05523714,0.0027442896,-0.13846512,1.7332693,0.23696353,220.6584,270.62228,470.03427,0.8787213,1.3130733,1.7418436,-2.1778886,-2.5971892,1.3795637,0.0,0.0,0.0,1.9684211,1.2880552,1.5684034,-0.01550293,0.030029297,0.020637512,3,8.49999,1.5367581
11.1228075,11.325553,21.144032,1,-1,-1,-0.01589179,0.015541956,0.0074575664,-0.44351047,0.29861087,0.5186501,62.374756,38.270844,32.747063,-2.4092638,-1.888124,-1.0048119,2.4270372,2.7837534,0.9564293,0.0,0.0,0.0,0.17034772,2.6818023,-0.7823533,-0.074962616,0.04867935,-0.019104004,0,42.05522,-1.4051123
53.533966,134.13625,21.318487,1,-1,1,-0.015088878,-0.014194431,0.010407896,-1.0922031,-1.2346056,0.71830565,139.51262,145.3132,25.033714,-1.6119584,0.4054453,0.582106,1.985839,-0.13958384,1.8678753,0.0,0.0,0.0,-0.30644444,0.9772471,0.09624689,0.024368286,-0.05834961,0.05164337,1,196.9811,2.6922438
10.150132,11.162915,11.327015,-1,-1,1,0.04845276,0.02639112,-0.010146791,1.844761,1.6196921,-0.6389855,10.216416,21.001438,15.716361,0.1142221,-1.2455626,-0.85411805,-2.8519673,-2.9362867,-2.883673,0.0,0.0,0.0,-1.4715832,0.86408925,-0.35296986,0.078315735,0.01752472,-0.03866577,1,152.02951,3.1236227
60.07148,29.375214,35.479507,1,1,-1,-0.0038118775,-0.0060317796,0.010404642,-0.23321562,-0.41801733,0.6962087,60.999207,37.080597,199.92795,-0.17552267,-0.70933336,-2.414181,0.017291095,-1.3500797,2.3280172,0.0,1.5801868,0.0,0.15874586,-0.09603412,-0.5527846,-0.08110237,-0.03785324,-0.21926689,1,75.6376,2.326493
11.312231,42.900124,51.277065,1,-1,1,-0.06173873,0.011726713,-0.012193184,-1.9192731,0.8850473,-0.9101226,21.716284,97.41023,169.43483,1.2693137,-1.4607503,-1.8646456,0.16768187,2.470239,-0.46382946,0.0,0.0,0.0,2.412167,-0.06364422,-0.17028889,-0.016635895,0.100128174,-0.028030396,1,62.67687,2.6698794
111.927055,75.056564,47.297977,1,-1,-1,0.0031545188,0.016132774,0.020479593,0.19939923,0.76986194,1.232302,133.2972,96.355194,81.40962,0.6085148,-0.7365846,1.138512,0.84681123,1.5969051,-0.14100803,0.0,0.0,0.0,-0.5339126,-0.5793303,5.9205055,-0.101888776,0.0010704994,-0.08357787,1,14.416482,-2.365257
111.57281,70.82602,58.76909,-1,1,1,0.01615579,0.00818283,-0.004935576,1.2268174,0.5391707,-0.32817268,144.89684,93.93609,60.067635,-0.754836,-0.7873345,0.20983243,1.3500557,0.76332575,0.91379094,0.0,0.0,0.0,-0.81631273,0.42994463,-0.1984812,-0.0725708,-0.06578827,0.07884598,3,14.649326,-0.16002049
58.766796,31.955181,51.65864,1,-1,-1,-0.029605487,-0.022400081,0.027395848,-1.1285341,-1.354139,2.0241852,86.56737,35.273895,159.23035,-0.9379332,0.45189768,-1.7914243,3.0808396,1.3503013,-1.8278096,0.0,0.0,0.0,0.24527764,0.8817353,-0.21484996,0.03281212,0.060209274,0.047843933,2,94.74895,-0.75258976
21.557207,42.706707,62.770832,1,1,-1,-0.0004123555,0.020697054,0.013472311,-0.017488658,1.6496938,0.96297747,26.27158,44.580112,81.177704,0.64985347,-0.29511636,-0.74824023,1.8571689,0.37597194,0.37639344,0.0,0.0,0.0,0.31737316,-0.23558906,1.3395584,0.033058167,0.012004852,-0.031986237,1,59.59595,-1.271035
98.70139,20.789028,70.18176,-1,1,-1,-0.0025226946,-0.0010751889,0.0011071659,-0.09908425,-0.06526669,0.08430789,290.12762,30.164228,405.22614,-1.7410918,-0.9172127,-2.4389193,1.6384431,-2.1945817,-0.41461062,0.0,0.0,0.0,-0.58778054,1.3345821,-0.14652798,-0.0014817715,0.015163183,-0.031990528,1,57.877098,-1.4683174
26.635696,15.024179,17.778313,-1,1,-1,-0.012895287,-0.008768251,-0.009503929,-0.81099576,-0.46064726,-0.6523988,31.661562,15.976878,26.256584,-0.60504,-0.3542654,-0.9414477,-2.1753647,2.5238898,3.1265333,0.0,3.9351354,1.536379,-2.6516864,3.4897597,1.3159707,-0.085380554,0.07521057,0.021148682,2,13.350269,1.0277907
59.973484,7.653618,8.99753,1,-1,1,-0.0036635785,-0.00831292,0.01756909,-0.23545064,-0.42720905,0.779284,60.58648,8.569437,9.54375,-0.14285487,-0.4842798,0.34652406,1.3103868,-0.41448432,-1.3421137,0.0,0.0,0.0,2.8151112,-0.6909219,-0.005470459,0.14774704,0.16249847,0.0792923,1,24.090822,-2.4269874
68.18052,23.27506,24.278725,-1,1,1,0.008429374,-0.01884137,-0.07427036,0.5825258,-1.1052039,-2.3169925,125.42691,27.494772,51.125366,-1.2189779,0.5934134,-1.3759773,-0.14550169,-0.9009697,-3.109964,0.0,0.0,0.0,0.010902649,0.3189898,0.49418053,0.00914669,-0.10915184,0.03814268,1,102.93641,-3.0233006
47.01089,35.022503,22.422487,1,-1,1,-0.0045193858,-0.0061748866,-0.008882348,-0.35253,-0.29102096,-0.4830311,53.990658,36.170174,30.599154,0.53839797,-0.25531173,-0.82997817,-1.7289726,1.2364839,-2.6787953,0.0,0.0,0.0,-0.029013764,1.0674522,-0.16586462,0.026052475,-0.11068916,0.057159424,0,29.412962,1.2675508
103.19742,102.95753,53.472374,-1,1,-1,0.005381064,-0.0048668375,-0.0017369677,0.31160975,-0.38239068,-0.117771655,103.822914,119.33083,60.64297,0.11004559,0.55674917,0.5122592,-1.87758,2.6565797,1.2753859,0.0,0.0,0.0,1.0075063,-0.56460625,1.4919136,0.016151428,0.056137085,-0.0010986328,1,49.428913,-0.78080916
76.68801,22.946222,7.906534,1,-1,1,-0.0008537716,0.020122675,-0.052581485,-0.06294104,1.195837,-1.1862583,77.42039,54.584232,24.462412,0.13809408,-1.5123051,-1.795392,0.5346512,-1.3595097,1.3001615,0.0,1.3499811,0.0,-1.0805308,0.102360226,2.2869256,-0.10220671,-0.24997711,0.018100262,2,90.628456,-0.41218048
36.78915,53.8991,29.775103,1,-1,1,-0.0034787136,0.002443316,-0.007326894,-0.24827689,0.19183415,-0.43748137,110.0073,65.34903,109.41221,-1.7592793,-0.64079463,-1.9755455,0.97343147,2.469868,-1.8439857,0.0,0.0,0.0,0.02031952,-0.3007008,-0.2137328,-0.07032871,0.013510704,-0.06284523,0,35.833485,-0.42426586
91.34285,176.92233,37.81919,-1,1,1,0.012124132,0.011789188,0.00504815,0.9436518,1.0140857,0.38303772,275.18057,389.09766,52.584454,1.7671956,1.4250376,0.8571623,-1.3232409,-0.6454368,-1.3603004,0.0,0.0,0.0,-0.25818577,1.4732424,3.2543797,0.03181076,-0.042669296,-0.038326263,0,64.443794,-2.9758492
78.891495,50.620804,7.954863,1,1,-1,0.00023689431,0.010150374,-0.039372955,0.017069953,0.4935987,-0.7740307,100.63013,223.4224,34.909843,0.72629356,2.1647608,2.1588912,-1.3632083,1.6780179,1.4429507,0.0,0.0,0.0,0.15348169,6.919303,0.6749356,0.04150009,0.015926361,0.2192421,0,41.744133,1.9329253
68.02356,59.297577,210.70685,-1,1,1,-0.00063725456,-0.019261247,0.023948045,-0.033879343,-1.5275863,2.009811,69.60631,60.04351,234.87393,0.21530414,-0.15845007,-0.4744837,-1.7942362,2.9386172,0.4475301,0.0,0.0,0.0,2.5130587,-0.13798608,-0.033487428,-0.0030593872,0.079319,0.04345703,1,22.881475,1.0061147
110.286354,63.5061,26.905369,1,-1,1,-4.804686e-05,0.00893945,0.0009631058,-0.0030784039,0.5127712,0.06314673,116.81096,107.03234,37.820557,-0.34230494,-1.1125308,0.8727906,0.7940497,1.528059,-2.1265397,0.0,0.0,0.0,-0.22684863,1.2232605,1.2475983,0.056152344,0.040473938,-0.07247925,0,47.175713,1.7291567
86.66709,33.210896,56.40001,1,1,-1,-0.07127987,7.311042e-05,-0.009082129,-1.5139583,0.0027341992,-0.5897221,424.65125,129.94244,113.887276,-2.2717614,-2.040615,-1.3280165,-1.4192481,1.0502344,-2.3028314,0.0,0.0,0.0,2.4848657,2.2379434,2.9151082,0.08478165,-0.05883026,0.028301239,0,72.69888,0.9382722
13.017621,30.009996,34.59137,-1,-1,1,0.0008825252,0.008962253,-0.024246346,0.052698247,0.62149334,-1.3107553,38.73332,122.472,176.28728,1.7540243,2.0841384,2.31189,3.0449572,1.5598485,1.2734914,0.0,0.0,0.0,0.7066464,0.0006053467,2.3261757,0.12782669,-0.08829117,0.08078003,0,55.02878,-0.9307295
63.800266,38.87194,22.132019,1,-1,-1,0.006396823,-0.0003013011,-0.0075809467,0.5042794,-0.01689837,-0.44200778,71.054886,38.88102,28.99799,0.4724752,0.02161333,-0.7686292,-1.2103245,1.1693499,1.1294781,12.641951,0.0,0.0,5.7424607,0.69841594,0.82393,-0.05669403,-0.09332657,-0.028961182,2,45.652977,-2.628831
136.97078,20.816912,16.425398,1,-1,1,0.008033745,-0.017829137,-0.029730262,0.37381008,-0.9908091,-1.2748092,149.72208,21.310928,22.5629,-0.42821807,-0.21743132,-0.83959717,0.8713102,-0.89324063,-1.062535,0.0,0.0,0.0,0.66325384,1.0013736,-0.5340387,-0.0779438,0.09494972,-0.05729866,3,34.308735,-1.2859898
19.07467,150.99042,22.33562,-1,-1,1,-0.013073004,-0.00021458176,-0.0012085385,-0.61125207,-0.017998034,-0.08417961,19.90788,158.5471,28.935013,-0.29450688,0.31507203,0.7509393,2.056773,2.4436147,-1.5639775,0.0,0.0,0.0,-0.28507233,3.1392632,0.06924951,-0.025291443,0.038459778,-0.025131226,2,168.35725,-0.060685083
49.24896,31.535742,26.271479,-1,1,1,0.017728187,0.006528456,0.010976056,0.90536124,0.31811577,0.4479175,221.19493,86.17794,61.296818,2.1826732,1.6631439,1.4909368,2.2094293,1.3753147,1.6453538,0.0,0.0,0.0,-0.25934058,-0.98550624,5.4460335,-0.028826118,0.002180934,-0.021998167,2,42.14431,-1.2241666
54.513992,16.358526,29.669374,1,1,-1,-0.016098853,-0.010702392,0.028517537,-1.2641926,-0.62341225,1.9264396,86.68075,55.250267,123.83107,1.0389711,1.8875957,2.107279,1.2467335,-0.1549284,-1.4201761,0.0,0.0,0.0,-0.6983393,1.2180854,-0.016843628,-0.011993408,-0.050331116,-0.034362793,1,39.633446,2.7396302
223.7497,33.83655,62.960842,-1,-1,1,-0.034280654,-0.009190494,0.0023005838,-1.87862,-0.3856487,0.1821571,939.2551,56.302414,64.379005,-2.1132073,-1.0965741,-0.21184447,1.9733908,-1.866915,-1.86555,0.0,0.0,0.0,58.04772,-0.96042675,-0.36291468,-1.8636627,0.0034828186,-0.032154083,1,166.67555,-0.9283628
31.327942,25.016459,91.74939,1,1,-1,0.0021019478,-0.011818396,0.00090969505,0.15869033,-0.73023653,0.07551717,46.616444,30.601587,307.29,-0.9516224,-0.65636224,-1.8788071,1.9981167,-2.8278701,2.0490704,0.0,0.0,0.0,-0.11920935,1.6323327,0.102381684,0.007385254,-0.017402649,0.01335144,4,89.810844,-2.6745718
30.44009,42.742027,13.859416,1,-1,1,0.015316476,0.008337609,0.055130806,0.942597,0.6160044,2.6699774,77.10783,143.45093,46.420013,1.5811322,1.8809853,1.8788408,-1.555787,-1.7081454,-0.9859986,0.0,0.0,0.0,0.08434485,-0.44832423,0.30825794,-0.012050629,0.12337494,-0.013183594,2,84.69231,1.6244731
74.70147,12.1387825,71.29062,-1,1,1,-0.030120624,0.06294252,0.025921274,-2.2255154,1.4094471,2.1115384,80.75067,32.242867,86.95159,0.39977103,-1.6325573,0.651267,1.3940945,-3.0870216,-1.6560881,0.0,0.0,0.0,0.18360034,-0.0912786,0.3482687,0.01930046,-0.051660538,0.06179619,1,67.46095,1.2440003
86.60376,66.08506,36.521854,1,1,-1,0.009671519,0.01757613,-0.016021075,0.7208262,1.1949772,-1.1093206,92.49051,120.33104,36.771484,-0.36665228,1.206727,0.11685311,-1.1071746,1.1963855,-2.8345563,3.4960554,0.0,0.0,-0.76433635,-1.0344332,-0.20028476,0.0068740845,0.005958557,-0.059337616,0,39.238365,2.361503
169.74825,151.80942,29.925358,1,-1,1,-0.00248698,-0.014769935,-0.016393164,-0.19308159,-1.1088784,-1.1504133,271.91293,181.29715,113.614334,1.0484557,0.61361253,2.0094366,-3.078172,-2.7078207,-0.0429727,0.0,0.0,2.9050791,6.162801,1.5705299,-0.482669,-0.006778717,-0.007881165,0.043411255,3,130.34877,-1.0387365
50.061817,51.0302,27.718227,-1,1,-1,-0.013477428,0.009113059,-0.031452958,-1.0587972,0.69599116,-2.2250535,106.605736,147.03725,30.22697,1.3886809,1.7198442,0.42230102,0.13095053,-2.1772077,0.87292725,0.0,0.0,0.0,1.9809655,0.27696088,2.2312822,0.019233704,-0.002067566,0.011436462,0,34.019962,1.6620209
56.51818,15.361112,8.764272,1,-1,1,-0.057312932,0.039402798,-0.11771659,-0.7216849,2.2001324,-4.461587,142.70335,19.277107,10.993537,1.5776072,0.6996838,0.6989303,-2.7451198,0.8889414,0.8955777,0.0,0.0,0.0,-0.11872696,1.9110508,5.2351093,-0.044174194,-0.12737751,-0.10291386,2,34.523174,1.5186996
102.88788,56.813656,45.783703,1,-1,1,-0.015920326,-0.0047621815,-0.00646792,-1.1164671,-0.20656207,-0.4639098,192.52196,209.10121,48.046833,1.2391679,1.9772002,0.31314203,-1.955261,-2.8940709,2.7649817,0.0,0.0,0.0,0.26630285,-0.6262855,-0.073114075,0.0046129227,-0.14464188,-0.109415054,2,54.86873,-0.71733403
67.51552,58.948463,26.319187,1,1,-1,-0.03896633,-0.014077543,0.3121054,-0.76436317,-0.34911722,1.9520767,181.65303,196.41045,156.18004,-1.6464128,-1.8733697,-2.466682,-0.8907325,2.3894475,2.2482321,0.0,0.0,0.0,-0.48677453,0.9933828,0.5003179,0.03321266,0.040117264,-0.073244095,0,16.18748,-0.6001991
40.831924,67.555145,25.623646,1,1,-1,-0.0073215854,-0.016138311,0.0034038336,-0.47044137,-1.3134294,0.24790207,56.381504,118.08915,26.094912,-0.8471579,-1.1574445,-0.19145465,2.5343652,-2.4934711,0.8658653,0.0,0.0,0.0,-1.0058033,1.164103,1.4168692,-0.071863174,-0.08137894,0.06291866,1,35.576427,1.1230984
50.94455,35.18814,10.846928,1,-1,1,-0.019364733,-0.0028204233,-0.023691567,-1.0833075,-0.19457327,-1.3131344,125.54866,52.643192,34.759678,1.5511367,0.9588816,-1.8324335,0.4061411,-3.1138308,1.9460129,0.0,0.0,0.0,-0.23864466,-0.31322712,0.41578963,0.001663208,-0.018791199,0.094810486,0,24.635279,-1.8611643
7.0518317,19.157341,17.539932,-1,1,1,0.47786292,0.001310271,-0.012247849,2.6141655,0.076882616,-0.8824857,14.137298,102.9407,17.589125,1.3197073,2.3658407,0.07463599,-1.6155869,-1.3375019,2.810578,1.3927242,1.4766924,0.0,-1.0298157,-0.46250877,0.48223937,-0.08577824,-0.023583263,0.027549058,2,114.85478,-1.234048
36.755672,122.97512,46.650383,1,1,-1,-0.02502455,-0.007003539,-0.008000464,-1.0707753,-0.57626027,-0.6338446,92.14331,126.22606,48.302925,1.5698118,0.22943293,-0.26538405,2.0085104,2.5316544,-1.5464135,0.0,0.0,0.0,2.6682906,2.7188342,4.157409,-0.048663616,-0.09402013,-0.038831234,0,111.09857,-0.20268248
194.71236,64.7761,27.50027,-1,-1,1,-0.0073196325,0.041408204,0.018036716,-0.5535993,2.5503135,0.3414433,205.13884,64.95324,64.11519,-0.3258125,0.07393778,-1.490097,-2.7208781,1.8690002,-2.6215377,0.0,0.0,0.0,0.1338042,0.21520405,-0.93419,0.002409935,0.021960258,-0.16677952,2,52.315334,-2.0608416
32.439556,47.06901,29.423534,-1,1,1,-0.029189028,-0.021209605,-0.00034755905,-1.7240521,-1.65635,-0.02548971,86.02542,71.03188,34.34687,-1.6308,0.9705182,0.5707058,2.8844934,-2.9115295,-2.2715068,0.0,0.0,0.0,0.40294066,-0.33943447,-0.15029165,0.06736374,0.00065612793,0.06401825,3,59.06706,1.4406506
36.827568,48.317722,52.28988,1,1,-1,-0.0052731275,-0.015094077,-0.0074755023,-0.19842134,-1.0973314,-0.59793526,125.80403,59.416786,52.411766,-1.8994789,-0.6654557,0.06823567,1.819391,1.5311084,-0.4598952,0.0,0.0,0.0,0.6415442,0.28866303,2.2098343,0.03630066,-0.023208618,0.00875473,2,130.00322,-2.8426094
61.875492,26.424212,25.033968,-1,1,1,0.02763245,-0.020090872,-0.0030243495,2.0110219,-1.0643983,-0.123439156,62.81861,40.396214,90.610374,-0.17437668,0.9877135,1.9598287,-2.5462098,1.5427407,0.47706944,0.0,0.0,0.0,-0.5285226,-0.4265122,1.6229367,0.0013072491,-0.06608307,0.024805903,1,30.828249,1.1391021
124.062614,93.56186,65.37089,1,-1,-1,-0.030442737,-0.14267261,-0.017338667,-1.823958,-9.987106,-1.2783213,322.18573,165.36494,90.258224,-1.6081706,-1.1708649,-0.847043,0.34934133,-1.4041677,1.1051699,0.0,0.0,0.0,-0.2518979,0.7591457,-0.17443472,0.05493164,-0.23630524,-0.06380463,1,266.73935,-1.3187832
110.23557,19.167631,31.554838,-1,1,-1,-0.0055900896,-0.010783518,-0.0001905214,-0.36922178,-0.2796165,-0.013522363,157.7308,19.174904,76.18517,0.89782023,-0.027548144,-1.5286428,-0.5530809,1.5319114,3.1008267,0.0,0.0,0.0,-0.72009194,0.12145178,-0.49563104,0.027797699,-0.024427414,-0.013685226,1,103.68796,2.0994802
48.12027,37.387535,7.276548,-1,-1,1,0.00655155,0.00039774732,0.05493359,0.4677641,0.02273943,2.6672528,58.92653,73.30662,9.116978,0.65822834,1.2939787,0.6969248,-1.6255848,-1.3650842,1.4020382,0.0,0.0,0.0,2.1560733,0.7942813,-0.3833783,0.028455734,0.03750801,0.10974121,1,65.05263,1.369513
75.33909,24.519218,39.798565,1,1,-1,-0.0045024413,-0.005721867,-0.03288726,-0.33626038,-0.4082688,-2.3841777,212.85818,39.433056,217.31432,-1.6988728,-1.0535415,-2.3821685,0.7821016,2.7552686,2.6894681,0.0,0.0,0.0,-0.2933932,1.5496155,-0.2933932,-0.01731491,0.038051605,-0.20976257,2,15.572252,-0.8891609
91.15312,20.487448,57.912216,-1,1,-1,0.0210529,-0.010163416,-0.020109823,1.4162724,-0.48409307,-1.6082575,93.51862,43.686226,63.770123,0.22732946,1.390201,0.44607028,-3.1066003,-0.39328074,-0.8062033,0.0,0.0,0.0,-0.11869831,3.8053927,-0.50440294,0.06336975,0.059547424,-0.0019226074,1,6.3719506,0.9039259
100.83405,84.060524,17.85227,1,-1,1,-0.002852138,0.0035681906,-0.4303537,-0.1836544,0.19551559,-2.0758593,124.11485,91.97319,50.781746,-0.6670942,-0.43055743,-1.7061179,-2.6885824,-1.7146267,-0.029474592,0.0,0.0,0.0,-0.88133824,-0.18196143,-1.52291,-0.093681335,0.05722809,0.015357971,4,103.7183,-2.7871222
31.469007,21.157986,7.7456284,1,1,-1,0.017531265,0.04697102,-0.013287408,1.073806,1.2188437,-0.35247028,44.63778,47.71544,21.499493,-0.8856153,-1.4531496,-1.6798953,0.19445494,-0.64428854,-0.105504274,0.0,0.0,0.0,-0.83665764,-2.0132303,-0.28392243,0.028730392,0.07380104,0.034626007,4,44.671425,0.61985576
153.48064,8.31209,23.6165,1,-1,1,0.011845763,-0.016646687,0.0041890377,0.6844235,-0.79939157,0.30862162,212.26787,9.55582,25.74189,-0.84947276,0.5404438,0.42111441,-2.2052484,0.36967927,2.8395152,0.0,2.2682946,0.0,1.0644588,1.1464773,1.0422248,-0.02076006,-0.04191351,0.1484499,3,116.32095,1.0934911
87.77031,25.862223,89.43264,-1,-1,1,-0.009586546,-0.021632493,0.0026650345,-0.592474,-1.5241047,0.19572562,163.9501,50.891064,168.25655,-1.2371185,-1.2981478,-1.2455895,1.6540129,-1.2640053,1.155467,0.0,0.0,0.0,0.1790581,0.7408842,-0.38858387,-0.0047950745,0.028705597,-0.014587402,1,42.286354,1.576472
73.457214,47.87148,44.347477,-1,1,-1,0.0121316435,0.023801968,0.007990085,0.53839946,1.7751186,0.5897778,252.27081,57.802017,60.732388,-1.9050426,-0.63346636,-0.83512855,-0.1361671,1.6509333,-0.7670798,0.0,0.0,0.0,0.83793896,-0.12801126,-0.5900295,-0.096458435,-0.05353546,-0.063949585,3,36.157356,0.66302854
45.223354,12.953297,10.969821,1,1,-1,0.0059306477,-0.042076625,0.033676703,0.33213785,-1.5584239,0.9039508,178.51851,32.01525,51.431828,-2.0497818,-1.5543158,-2.2266843,-2.5462914,2.193099,-2.4599478,9.390179,0.0,29.239397,1.4316888,0.2473462,6.265238,0.014642715,-0.048238754,0.08148575,1,29.142977,0.33966163
70.46662,18.213686,54.81302,1,1,-1,0.019911593,-0.014398837,0.026078904,1.1208767,-0.8358038,2.0083308,82.79723,18.76373,199.57103,0.5832792,-0.2450815,1.9659737,0.38415173,2.5453262,1.7495219,0.0,0.0,0.0,0.70442015,-0.45217273,-0.02748758,0.0038452148,0.035427094,-0.031814575,1,35.83415,-0.9590462
8.608694,9.306052,97.99296,-1,1,-1,-0.05327841,0.047868513,0.020875676,-2.7359366,2.566837,1.7462624,26.194666,18.983376,518.852,-1.7777559,-1.3396736,-2.350831,-1.2796564,2.3444657,-3.0544791,0.0,0.0,0.0,-0.28583154,-0.6276013,1.4419352,0.053146362,0.058776855,0.09302902,0,44.403515,1.5774331
25.31913,129.34998,19.417973,1,1,-1,0.0024319126,0.011634925,0.013214257,0.13877562,0.96811724,0.9184832,56.67513,129.74738,22.319798,1.4448143,0.07836442,0.54008776,2.0747368,-1.4929248,-0.9124112,0.0,0.0,0.0,-0.92321384,-0.52437526,1.4206364,0.005115509,0.013046265,0.069252014,4,31.81342,1.554068
104.55659,83.27153,16.672556,-1,1,1,-0.005911584,0.002886967,-0.0048558265,-0.24844277,0.21907376,-0.19574803,322.08942,142.68309,27.271278,-1.7907969,1.1329685,-1.0750412,1.9170501,-0.801992,-1.3781443,0.0,0.0,0.0,-0.40547892,0.25850084,1.585796,0.062603,0.011444092,-0.075229645,0,4.770572,2.9546635
151.73758,38.14835,35.10592,1,1,-1,-0.0009681052,0.009590437,0.012586633,-0.06361283,0.6786114,0.7069074,284.17776,45.986866,58.294098,-1.2402053,-0.63055485,-1.0939894,0.39066195,1.6917372,1.7805017,0.0,0.0,0.0,2.9330738,1.7615014,-1.0674717,-0.010543823,0.0013198853,-0.021343231,2,38.515938,0.9718873
35.120995,17.231268,8.301241,-1,-1,1,0.004854242,-0.00024002662,0.0059342603,0.08328107,-0.012146621,0.13893795,88.498856,45.348774,27.98098,-1.5754122,-1.6225824,-1.8854992,-2.6504097,2.9816997,-2.6937833,0.0,3.4045513,0.0,-0.019095886,0.9180242,-0.061705995,-0.03982544,-0.008390427,-0.0078125,1,18.91417,-0.955853
77.80446,56.15136,41.988464,-1,1,-1,0.00094296143,-0.0069487165,-0.0057660746,0.06541406,-0.5530243,-0.28779534,128.29518,56.215107,42.64734,-1.0852083,-0.047646463,0.17692342,-1.0858412,1.7914902,-1.9686215,0.0,0.0,0.0,-0.18160984,0.48615494,0.78914285,0.013044357,0.09082985,-0.096494675,0,48.551666,1.7130622
13.0973215,13.60667,16.984343,1,-1,1,-0.009968336,0.01636953,0.008604297,-0.55019265,0.96222615,0.4188561,15.564687,36.1234,62.59739,-0.60452724,1.6320015,-1.978643,1.3603358,0.017812917,1.4564397,0.0,0.0,1.3589222,0.051880736,0.6193202,0.22188991,-0.055223465,0.054249763,0.06963062,0,32.738045,-2.1359723
115.24526,37.288174,20.17356,1,-1,-1,0.020622091,-0.020164233,0.026284613,1.4179705,-1.2685429,0.7744006,149.13211,37.911156,99.78975,-0.7492186,-0.18254308,-2.2814624,3.043685,-0.5400883,-2.2724218,0.0,1.7927275,0.0,-0.4074273,-1.0861446,0.053037047,0.1069746,0.065336585,0.2897278,0,64.57373,0.92859
120.66491,67.326935,31.679708,1,1,-1,0.002219932,-0.012498021,-0.005953443,0.15508534,-0.89052355,-0.27129784,151.39445,74.390495,66.799095,-0.6993398,-0.4541573,-1.3774915,2.064912,-1.622087,0.6780015,0.0,0.0,0.0,-0.19200867,0.7103632,1.1657135,0.02280426,-0.03579712,0.071624756,3,20.840498,-2.959899
45.352016,15.634534,9.251479,-1,1,-1,0.032221023,0.04089487,-0.010500959,1.916276,2.5005724,-0.48957396,50.320114,16.662895,12.312903,0.46390012,0.36068085,0.7925582,1.3720443,2.4008234,1.2730356,0.0,0.0,0.0,-0.7448259,0.6930441,-0.5314228,-0.057557106,0.0036497116,0.08148861,0,243.347,1.4275006
45.751213,7.3092937,9.127675,1,-1,-1,0.000757612,-0.018959844,0.21457174,0.04632029,-0.7607252,1.894057,57.665264,9.43491,16.91407,-0.7068691,-0.7452723,1.2276268,3.0887177,2.8245654,-1.411907,0.0,43.796413,0.0,5.176671,-0.22482105,4.5301437,0.18047714,-0.031223297,-35.493618,3,14.210508,2.3229153
136.3277,127.300446,65.788086,-1,1,-1,0.009759951,0.0055000647,0.012784288,0.7078641,0.37894878,0.7822681,195.45215,267.33957,151.47577,-0.90059125,-1.3728958,-1.4762415,0.04426138,3.0162802,1.8693695,0.0,0.0,0.0,0.75093174,-0.54223675,0.29197785,-0.021242142,0.057739258,0.032857895,3,70.642624,-1.7953203
24.767693,27.994808,25.687593,1,-1,1,-0.013220382,0.0028335238,0.004153343,-0.842885,0.17057198,0.26920792,58.258118,41.12288,49.231136,-1.4998912,0.93411034,1.2673662,-0.06315762,-1.5701026,2.1849425,0.0,0.0,0.0,-0.52532655,-0.5223097,2.0036845,-0.029255867,-0.014499664,-0.03658867,2,83.44203,-0.48790327
25.945068,20.775284,9.699587,-1,1,-1,0.08101654,-0.008492714,-0.01456497,3.7894447,-0.41407356,-0.8899635,36.163452,22.044043,27.283682,0.8607064,0.3477324,-1.6941358,-2.5027544,0.32825053,-0.29869255,0.0,0.0,0.0,-0.16857214,2.5161963,-0.21681446,-0.014986038,0.04822731,0.062173843,0,60.082634,-1.3592286
57.053246,59.503807,24.144104,-1,1,1,-0.019629527,0.00800632,0.018703975,-1.5795975,0.63771206,1.33102,84.74066,62.40348,24.734968,-0.9491485,0.3109298,0.22074395,-0.7363084,0.101385,2.2459354,0.0,0.0,0.0,2.1800833,1.3260568,-0.05189935,0.056419373,0.01889801,0.037750244,0,132.10445,2.745637
70.125694,26.992817,24.287825,-1,1,1,0.015512346,-0.015579402,-0.007015005,0.7995097,-0.8412747,-0.33029538,185.46295,50.74762,101.94872,1.6278865,1.2447512,2.113141,2.5910745,-0.5248747,-0.429522,0.0,0.0,0.0,1.5499398,-0.7276226,-0.40683502,0.0063476562,0.017936707,0.04862976,1,91.75798,2.9229405
46.962273,36.38081,73.956116,1,1,-1,0.011269295,0.009979165,-0.02047811,0.79187757,0.7179541,-1.5486305,56.59516,45.505535,92.695,-0.63002753,-0.69422376,-0.69763386,2.7338166,1.5095867,-0.7155939,0.0,0.0,0.0,-0.49317104,0.53141236,-0.53880054,0.044279575,0.0007162094,0.0027489662,3,57.945942,-2.3411825
330.90097,184.44571,15.418232,-1,1,1,-0.0021455241,-0.003291437,-0.045386687,-0.1593043,-0.19497947,-2.7149925,1426.2036,983.82275,18.905508,2.1403615,2.3583326,0.66047615,2.2759807,1.9472194,-1.198713,0.0,0.0,0.0,-1.2610954,-0.6070682,0.062412232,0.05419731,-0.05896187,-0.023517609,4,329.17538,-1.2786534
87.45594,44.360676,52.573097,-1,-1,1,-0.006993503,0.017176917,-0.02145473,-0.50869846,1.2217804,-1.6026977,100.42297,197.22205,186.11302,-0.5380403,-2.1722288,-1.9367231,2.3446448,-2.347781,0.67124057,0.0,0.0,0.0,-0.704266,0.39530042,-0.48399425,-0.020683289,-0.054267883,0.05026245,1,57.154186,0.72033346
35.226322,53.54344,28.747246,-1,1,-1,-0.0004891454,0.011823229,-0.0060551646,-0.021847788,0.86702794,-0.40989885,35.384575,143.30519,33.708073,-0.094753996,1.6407467,0.57933545,0.35647032,0.8820296,-2.4022896,0.0,0.0,0.0,-0.23887748,-0.42552996,0.12971814,-0.04819703,0.026832819,-0.036306143,2,14.261906,3.0010316
8.436827,7.217345,13.626046,1,-1,1,-0.02086811,-0.029787496,0.0066382866,-0.6822459,-1.3280984,0.3480218,9.140785,10.530235,35.139977,-0.40571806,-0.92475957,-1.600592,1.0998006,1.2624809,1.103004,0.0,0.0,0.0,0.15220386,0.76073253,0.29030347,-0.10727692,-0.028369904,0.016038895,1,32.902634,-1.3908019
71.86567,12.3468075,14.260063,1,-1,-1,-0.004069302,-0.003558805,0.030788658,-0.2724926,-0.09920431,1.4989079,77.19212,32.756336,78.68448,0.38267186,-1.6312699,2.392815,-0.14157958,2.5674233,0.54537976,0.0,0.0,0.0,-0.72785956,0.11742346,-0.6934694,-0.09614754,0.0361557,0.23864365,3,29.323824,-2.2171907
78.21192,20.342363,21.542925,1,-1,1,0.08363667,-0.0012121333,0.017267749,5.2328215,-0.058884777,1.2305349,89.247765,23.134596,31.885872,0.5251723,0.518135,0.9444083,0.05003236,-0.59384894,-0.94859076,0.0,0.0,0.0,0.44182825,0.27776223,3.638606,0.046175957,0.009840965,-0.054517746,3,179.66678,-0.9312686
140.73871,14.634477,24.416014,1,-1,-1,-0.024707826,-0.0024954807,0.019839143,-1.5690901,-0.13145761,0.8981853,145.16788,23.654139,119.56614,0.25022855,1.059934,2.2711854,0.08195802,2.3017113,-2.6584327,0.0,0.0,0.0,-1.5576144,-0.57010597,0.032000367,-0.13436699,0.05030632,-0.37540436,1,162.67091,-2.341553
156.45839,21.294125,81.41474,1,-1,1,0.004499805,0.26608986,-0.015033001,0.08781342,2.764951,-1.2870077,869.87616,56.15346,88.38935,2.4005203,1.6247438,0.41102538,0.75063443,-0.6373501,2.9815552,0.0,0.0,0.0,-1.6894319,-1.4011192,0.078925595,0.2749138,0.07845116,0.02938652,2,50.528507,-0.3442166
151.26773,16.319202,7.4847574,1,-1,1,-0.009960096,-0.026592351,-0.013696716,-0.7929961,-1.5558814,-0.637188,168.06787,27.909246,31.594353,0.46704406,-1.1306143,-2.1189158,-1.4895533,-1.9195421,3.079435,0.0,0.0,0.0,-0.5796018,-0.040294435,0.17908579,-0.11071253,0.033746243,0.028701782,2,88.726395,2.1294894
51.86487,35.862026,52.933136,1,-1,1,0.026185203,0.003183833,0.018185357,1.3508801,0.15734424,1.4402263,151.20206,68.04798,151.08075,1.7323176,1.2556432,-1.7097257,-2.332943,0.695299,2.8485856,0.0,0.0,0.0,-0.40473235,0.4948126,2.6186135,-0.022731781,0.014011383,0.13445282,1,100.45674,0.76617
60.038464,33.552547,30.183609,1,-1,-1,0.0044956305,-0.010190879,0.0064173937,0.29263213,-0.6895427,0.4524062,166.91122,86.80584,40.179203,1.6815842,1.604072,0.79289085,-0.45489714,2.1293502,-2.2442017,0.0,0.0,0.0,-0.07456964,0.34221855,-0.52355677,-0.013112068,0.03632164,0.0102882385,1,77.52564,2.2141783
55.433697,17.669,131.35165,-1,1,-1,0.009061703,-0.0010131886,0.015305461,0.67280996,-0.065876596,1.2206736,157.5765,20.91171,134.60081,-1.7053882,0.5969206,-0.22196703,-1.4523045,-2.2730124,0.7320809,0.0,0.0,0.0,1.1058711,-0.109984495,-1.3427193,-0.1064744,0.03810692,0.031287193,3,16.108215,2.0665052
119.16923,79.39025,19.979115,1,-1,1,0.001223944,-0.0031278394,0.0087134745,0.1035689,-0.26863244,0.59353614,254.37263,103.1824,20.349483,-1.3913728,-0.75605404,0.19218303,0.33492506,-0.65703654,2.3176327,0.0,0.0,0.0,-0.932285,1.9390185,-0.36333692,0.005364418,-0.008378983,0.10315323,3,29.126978,-2.702158
61.837944,47.348576,58.708393,-1,1,-1,0.008458421,9.2874056e-05,0.012053436,0.60720354,0.0064081065,0.9896098,70.83285,68.29488,74.08736,-0.5330359,0.90900034,0.70887864,-1.5755605,0.23710784,-2.277881,0.0,0.0,0.0,-0.47711146,-0.41141808,1.06623,-0.0003376007,-0.049268723,0.053928375,1,83.43902,2.6544645
19.9445,18.74629,7.2310114,1,1,-1,-0.021229263,0.02868508,0.023153992,-0.6694219,1.5539942,0.597036,101.65659,19.621092,30.698492,-2.3120291,-0.30432487,-2.124813,0.12668435,-0.4661537,-0.6888905,0.0,3.3129983,0.0,-0.30093774,-0.2894588,0.33969837,0.14747238,-0.010929108,-0.00838089,0,48.282227,2.7631881
108.063385,55.330593,83.436386,1,-1,1,0.012740198,0.0022022862,0.0014353582,0.7883928,0.15951723,0.11241665,152.75363,142.83205,420.8329,-0.8807156,1.6016674,2.3013232,3.1305435,1.1881746,0.05000822,0.0,0.0,0.0,4.6410184,1.1479808,3.2068212,-0.0017642975,-0.00084257126,-0.00058555603,2,87.123665,-1.9889725
73.42406,22.134493,58.571243,1,-1,1,-0.008298329,-0.00049794617,0.006525016,-0.6229849,-0.035384748,0.45726267,98.50916,22.497345,314.17932,-0.804725,-0.18076125,-2.364063,3.014289,-2.5954807,-0.56563264,0.0,0.0,0.0,-0.19035071,0.682089,-0.15423222,0.01493454,0.045921326,0.04819107,2,40.0812,1.1490494
54.38986,28.11002,66.84036,1,1,-1,0.019417316,0.0060746497,-0.022579255,1.1350281,0.39362624,-1.7584354,221.58215,33.52395,105.4343,2.0823479,-0.6110795,1.028663,0.5552671,-0.66360265,-1.9019886,0.0,0.0,0.0,-0.73594916,4.114957,-0.65613633,0.051197052,-0.027122498,-0.007925034,2,50.722157,1.6533866
45.270508,107.07305,22.07078,1,1,-1,0.017956672,-0.01448516,0.00096229534,1.3584098,-1.2112619,0.06273437,45.386166,265.90796,24.219782,0.071466126,1.5595367,0.43776307,-0.42252523,-3.1100972,1.6195807,0.0,0.0,0.0,0.36501783,13.713501,-0.89215994,-0.044483185,0.063238144,-0.17058945,1,45.782322,-3.1025593
83.976555,34.794903,69.14181,1,1,-1,-0.00066666346,-0.02732058,-0.014905531,-0.039767098,-2.1616604,-0.96527815,485.99484,43.5079,317.2982,-2.4412582,0.6936889,2.2047415,-1.2709793,1.3549396,2.105511,0.0,0.0,0.0,-0.19123393,-0.41651988,-0.1317834,-0.04084778,0.041049957,0.2678337,1,136.3316,-1.2687001
83.7171,72.22293,14.831119,-1,1,-1,-0.012964806,0.004912426,0.010976557,-0.70064664,0.40216362,0.60219276,107.92847,198.53214,16.796879,-0.7433021,-1.6694814,-0.50929916,2.058891,-0.8551958,-1.1474714,0.0,0.0,0.0,0.25887176,0.46397048,2.3617663,-0.13557053,0.01618576,0.034492493,0,63.203285,2.2843928
96.097855,41.395943,16.697659,1,1,-1,-0.0160058,0.014111056,0.0006198674,-1.0489247,0.8976065,0.032068677,185.11545,70.73242,16.726236,-1.2733351,-1.1295203,-0.0584985,3.0650113,-2.1775942,-0.056292884,0.0,0.0,1.1070364,0.72572255,0.15805706,-1.2918746,-0.021648407,0.02715683,0.072216034,2,76.98415,-1.2081242
51.965652,13.770516,97.33865,-1,1,1,0.0053816484,0.0039470536,-0.026058977,0.44574076,0.22260763,-1.3302537,54.089306,15.484155,157.79604,-0.2849182,0.49379906,-1.0636842,2.8875873,0.17821704,-2.3922393,0.0,0.0,0.0,0.571038,-0.23814754,-0.23814754,-0.0066952705,-0.056385994,0.047008753,0,146.91087,0.61488026
71.14496,77.96964,41.43403,-1,-1,1,-0.015235154,-0.019390855,-0.046631955,-0.7208307,-1.2437794,-2.0568478,415.43927,178.95303,96.36806,-2.4503503,-1.4727064,-1.487425,2.4500139,1.7867078,-2.4928896,0.0,0.0,0.0,2.6403618,-1.4159819,-0.25728962,-0.012832642,-0.093070984,-0.035888672,2,6.209129,-1.5031692
247.95776,89.95984,379.32574,-1,1,1,0.004133396,0.0028265782,0.023626858,0.35968637,0.22908442,1.7755119,275.41953,97.91866,440.07578,-0.46640262,0.41760185,-0.5586617,-1.405344,-2.5264301,-1.1052742,0.0,0.0,0.0,-0.6079973,1.6212629,0.045695312,0.034965515,-0.032907486,0.030788422,1,164.5777,1.7548558
75.98605,24.181215,21.106575,-1,1,-1,0.112947956,0.024750816,-0.039562643,1.938045,1.1138828,-1.3220475,169.18727,98.30061,25.669546,1.4388672,2.080118,-0.6462473,0.66484374,-1.9645145,-0.37512282,0.0,0.0,0.0,-2.471749,1.4319823,-2.3682306,0.0007548332,-0.14890718,0.11715603,3,47.890553,-1.0441823
56.43082,43.621735,13.42506,-1,1,-1,0.0235844,0.007021301,0.039603457,1.3391554,0.527707,2.2225435,64.1352,57.252476,13.464922,0.5167777,0.77127916,0.07704127,-1.8105576,0.40608445,-2.3746421,0.0,0.0,0.0,0.73303324,0.2490228,3.3437378,-0.04003787,0.051087856,0.061226487,1,80.42061,1.2446555
36.173347,21.136196,96.058716,1,-1,1,0.018233245,-0.005176916,0.008041754,1.1027032,-0.35932645,0.6752219,84.19263,35.471626,101.82465,1.488214,1.1072407,-0.3447709,0.036636572,2.453333,0.9748305,0.0,0.0,0.0,-0.34616205,-0.9636127,0.7473721,0.012718201,-0.028839111,0.015815735,0,99.074615,-2.3911386
14.144084,10.3594055,172.13757,1,-1,-1,0.016880957,0.00112779,-0.0131636765,0.8639373,0.060890544,-1.1484406,28.05711,12.148983,352.50098,1.3074663,0.57956976,1.344118,2.9360685,-0.7100488,0.41877487,0.0,0.0,0.0,-1.019164,0.7665222,-0.9216184,-0.05259323,-0.022052765,-0.010648727,0,204.86673,-2.7485719
30.592237,133.72746,69.91334,1,-1,1,-0.022198515,-0.0049940054,0.014731934,-0.6653378,-0.41899133,1.2501526,91.11604,164.81978,106.32895,1.7550807,0.6693505,0.9808588,-2.786484,1.3762513,2.2244468,1.3380598,0.0,0.0,2.3486645,4.297916,1.3405553,-0.02167511,-0.065963745,0.029705048,1,65.74478,-1.8798914
104.65931,34.546528,40.875183,-1,1,-1,-0.012551556,0.0026836824,0.0134045845,-0.9745442,0.21304438,1.0564698,106.102455,40.52238,58.26842,0.16587579,-0.5800122,0.8925892,-0.4512776,1.7002435,-2.0754426,0.0,1.4864645,0.0,0.9700338,-0.034821596,0.3393398,0.020762444,-0.018780708,-0.021941185,3,137.7691,-1.2002271
58.166904,41.1629,30.343164,-1,1,1,-0.021500194,-0.0034173795,-0.006750064,-1.0067736,-0.08340107,-0.38649797,120.49449,136.89684,36.707172,-1.3573048,1.8714273,-0.63684756,1.2441559,-1.9144248,-2.4138043,0.0,0.0,0.0,0.58820325,0.88944167,0.3406075,-0.036331177,0.0071411133,0.0060424805,0,7.848689,3.1047153
9.758168,28.245407,10.170618,-1,-1,1,0.081034645,-0.011856472,0.028875815,1.8860413,-0.8571843,1.1554549,18.088907,41.113144,25.903662,-1.2280537,-0.92157084,-1.5870389,1.464265,-0.8524347,-0.58498114,0.0,0.0,0.0,1.3226527,0.6604434,-0.47999537,-0.010978699,0.016925812,-0.041122437,0,29.925945,2.6921134
50.1578,43.72633,10.946221,1,-1,-1,0.008932581,-0.0048894472,0.020772895,0.50676525,-0.26381096,1.017371,109.48113,61.75127,10.96638,-1.4165621,-0.8793789,-0.059908483,-0.3396025,-2.8133867,-0.19390376,0.0,0.0,0.0,1.0763401,0.68108326,1.786495,-0.0034179688,-0.037109375,0.046905518,1,3.3481936,2.7587209
72.29151,29.81791,18.468866,-1,1,-1,-0.012587593,0.0016724118,0.0056013437,-0.74981064,0.08441245,0.30014455,163.26466,33.063034,21.853456,-1.4547428,-0.46241257,0.5965237,0.5616585,2.9573138,-1.0769652,0.0,0.0,0.0,-0.9081748,-0.6246345,3.4977124,0.050510883,-0.031172276,-0.007640362,2,41.170727,-2.7689915
37.64522,47.47411,40.49516,1,-1,1,-0.0112512205,0.028937884,-0.012199937,-0.5233381,2.1950722,-0.83229613,131.60434,146.85207,123.326065,1.9236274,-1.795173,-1.7786812,2.10977,-1.8070452,1.6055961,0.0,0.0,0.0,0.2266973,0.95383865,-0.3098658,0.03306961,0.01651001,0.012516022,0,44.98221,-0.27521566
53.187824,75.95746,112.49025,-1,1,1,-0.018021828,-0.010571065,-0.014692675,-1.4889253,-0.8167331,-1.2240273,83.64952,303.1026,490.25018,-1.0248123,-2.0609617,-2.1517663,1.0125052,0.40689635,1.2304267,0.0,0.0,0.0,1.2048005,1.3045868,-0.55517256,0.005744934,0.16993713,0.0705452,2,16.0527,-1.6586357
93.89465,92.92406,31.253826,1,-1,-1,0.037998572,0.009798934,-0.031572994,2.9917305,0.6031401,-2.2488515,94.96913,100.13815,75.5572,0.15114,-0.39153567,-1.5300798,-1.6462557,-2.4649646,1.4334545,0.0,0.0,0.0,-0.2575426,-0.8955934,0.16949682,0.05796814,0.13671112,-0.05228424,3,37.316593,1.1728437
14.16592,73.47804,82.43131,1,1,-1,0.0070717954,0.0026884812,0.005842247,0.29905206,0.20809312,0.45739874,15.284297,86.358826,208.94743,-0.39479342,-0.58378994,-1.5818655,0.29575133,2.5088727,2.9431052,0.0,0.0,0.0,0.70418096,0.0978075,0.06937445,0.09257889,0.02015686,0.039718628,4,180.14786,-1.7408283
101.492744,7.821037,34.82261,-1,-1,1,0.008422465,0.0676576,-0.025149694,0.5532679,1.469417,-1.8020993,448.13632,40.718857,87.91457,2.1651804,-2.333668,1.57749,0.05996568,2.6814399,-0.15772782,0.0,3.2976778,2.0849898,-0.7598653,1.2204535,0.44357312,-0.016437873,0.06666495,-0.04864842,2,73.95909,1.4416256
18.356268,7.4281564,48.213993,1,-1,1,-0.0015491818,-0.0063718683,-0.012489514,-0.060607806,-0.2561268,-0.89899915,48.441967,14.768017,52.209995,1.6255417,1.3100678,0.40437156,3.0524004,-3.0130239,-0.24693403,0.0,0.0,0.0,0.74932873,1.4418273,-0.22170965,-0.0039596558,0.031345367,-0.079704285,0,51.144665,2.7596855
15.798491,21.233755,10.599865,-1,1,1,0.013593654,-0.015656477,0.019308701,0.7128104,-0.5506576,0.8305168,21.888557,38.69783,27.566286,0.85203993,1.2077888,1.6096988,-0.101983175,0.11415529,0.44935462,0.0,0.0,0.0,0.5631402,0.19541535,-0.3725275,-0.018568039,0.07236862,-0.0043849945,3,57.00192,-2.515025
47.892963,18.220945,49.26205,1,-1,1,0.004725321,0.005495371,-0.008672945,0.3060537,0.23713501,-0.63469505,230.40297,18.717218,276.00674,2.253027,0.2328676,2.4083576,-2.4625912,-0.1544392,0.93341064,0.0,0.0,0.0,0.8683717,0.6905304,0.02309484,0.028656006,-0.03469467,0.034248352,0,61.23403,-2.3467832
39.275368,53.587532,33.92708,-1,1,-1,0.005340378,0.008811354,0.004945628,0.3725408,0.6553908,0.36547658,106.07681,119.24639,47.505005,1.6505312,1.4382166,-0.86722463,-1.4569135,1.4401621,0.08888798,0.0,0.0,0.0,0.68874717,-0.08765741,-0.49529254,-0.02221775,-0.009504795,0.027831078,0,48.373005,-3.0114756
71.68153,36.88961,29.541182,-1,1,1,-0.0057122293,0.026902018,0.004799829,-0.47045827,2.0496588,0.316645,114.136024,104.60087,29.624193,1.04075,1.702715,-0.0748643,-1.5253482,-0.14496538,1.6507013,0.0,0.0,0.0,-0.37224248,-0.5384463,0.6292447,0.027838826,-0.015724182,0.046097875,0,69.403786,3.0133955
106.490204,182.32198,24.082085,1,-1,1,0.021243447,-0.026610328,-0.00985587,1.7166264,-2.2073882,-0.698843,305.4244,185.25964,30.302458,1.7149178,0.1792726,0.70410186,-0.4096973,3.0808904,-1.790359,0.0,0.0,0.0,-0.3078625,-0.6335407,0.7242402,0.07621765,-0.072273254,-0.0072402954,3,231.50864,0.062424097
42.702793,19.337292,17.375263,-1,-1,1,-0.002880562,0.015028705,0.0037413249,-0.1888813,0.8174316,0.21898876,55.014412,20.638481,17.396864,0.74220115,0.36482263,-0.049857803,0.36562008,-2.3929067,1.5480659,0.0,0.0,0.0,-0.16552062,0.27330396,0.44562915,0.0056829453,0.023694992,0.062454224,2,38.469707,-2.8983061
13.164201,24.848406,98.86548,1,1,-1,-0.2537305,-0.018447846,0.01950752,-13.981859,-1.3118029,1.4907383,14.856711,58.196037,121.8621,0.50180644,1.4951165,0.66948926,-1.2257811,2.7246382,0.632913,0.0,0.0,0.0,2.0891383,-0.79449034,-1.0751379,-54.05403,0.034080505,0.07324791,1,74.08443,0.95154387
38.26756,8.86886,7.501661,1,-1,1,0.003699844,-0.04356273,-0.05076977,0.24204457,-0.59017754,-2.047668,46.489677,18.742476,14.843534,-0.64432484,-1.3800269,-1.304572,-0.597942,-2.7902277,2.069686,0.0,0.0,0.0,-0.37508813,3.0858881,-0.6284884,-0.05910492,0.022777557,-0.025104523,3,51.472202,0.14406054
42.33619,81.3013,11.324244,1,1,-1,-0.00019716976,0.008987633,0.031449635,-0.014233848,0.7264915,1.6263369,48.096424,87.05936,11.8998165,0.51590955,-0.374172,-0.31736773,0.73449135,2.1457512,2.6669445,0.0,0.0,0.0,0.48838183,2.689919,-0.48472142,0.08146286,0.0008773804,0.061828613,1,20.486685,-0.42310262
51.34867,35.933937,63.492424,-1,1,-1,0.023931798,-0.00020549545,-0.03276353,1.4916745,-0.013049869,-1.5488749,53.22548,40.665565,142.94676,0.2695543,-0.5077074,-1.4512682,2.1936007,-2.6279604,-0.6261444,0.0,0.0,1.2511237,1.4616691,-1.1505013,-0.1590304,0.06401062,0.0071258545,0.08963776,1,48.590878,-0.26011938
28.509571,17.415178,7.4751935,1,1,1,-0.7921856,-0.012468961,-0.0007562952,-3.433819,-0.800876,-0.023365077,40.462906,20.761574,12.704452,0.88641655,0.6104051,-1.1229023,-1.5818074,-2.280654,-1.1956145,0.0,0.0,0.0,-1.449375,1.1438775,2.9866674,1.0381393,0.083171844,-17.245596,1,37.55375,3.05283
47.222973,39.032696,56.35522,-1,1,-1,0.13824709,-0.012930776,-0.00736381,2.483129,-0.421778,-0.5678101,55.666046,95.12448,93.553825,0.58941364,1.538903,1.0936514,0.24857436,-2.782602,1.3159602,0.0,0.0,0.0,-0.07203308,0.6179441,-1.4728663,0.069802284,-0.009552956,-0.03827095,2,45.012714,1.9963213
149.58635,78.5074,84.89223,1,-1,1,0.0011958892,0.004581223,-0.002212923,0.08237392,0.38602075,-0.17583829,154.96877,221.93286,277.65128,0.26746327,1.6994661,1.8538948,-2.9547539,-2.7255564,2.336531,0.0,0.0,0.0,-1.804516,-0.17632304,0.32585186,-0.056228638,0.041386604,0.00026988983,1,120.6752,-3.1140337
47.82,19.769749,10.2025795,1,-1,1,-0.004911544,0.0053976155,-0.040929276,-0.32174978,0.22786693,-1.0431015,48.450073,30.276585,28.5365,-0.16215499,0.9900472,1.6880835,-0.09154896,-1.0237436,-1.6343054,0.0,0.0,0.0,2.0474908,-0.08266437,1.0506359,0.11655426,0.014915466,0.060707092,0,22.458128,-1.3043535
13.144152,10.206782,30.41485,-1,1,-1,-0.051595885,-0.11638342,0.017567728,-1.2627721,-1.2162102,1.2421138,27.496275,47.2871,93.94767,-1.3684628,-2.2144759,-1.793657,2.9816709,-3.0849602,-3.093601,0.0,1.5113742,0.0,0.34411305,1.2236135,-0.34193084,-0.083645135,0.13095817,0.05470881,1,29.811357,-1.9355801
210.74594,70.24343,14.527378,1,1,-1,0.0016276734,0.02340337,0.030479448,0.14013198,1.9271868,2.071414,324.79358,80.88055,14.5500965,-0.9983654,0.54361105,0.055444807,2.444392,0.16766714,1.4743084,0.0,0.0,0.0,-0.68156916,0.37348992,-0.1312146,0.01291275,0.028856277,0.029891968,1,48.915142,-1.4573326
79.95724,49.678772,31.830204,-1,1,1,0.0013820152,0.003293424,-0.0022870237,0.11287978,0.24984123,-0.15697986,234.25928,195.87321,137.13028,1.7375973,2.0485528,2.1399126,-0.099630095,1.486485,-2.2024477,0.0,0.0,0.0,0.09554547,0.6607493,0.08267343,0.060554504,-0.012046814,0.024795532,2,126.283226,2.8071725
17.520205,332.32117,69.47844,1,-1,1,-0.054512184,0.009724504,0.008348418,-1.7478487,0.86273074,0.6554895,93.21999,978.88513,293.6334,2.3558044,1.7433147,2.1201625,1.360898,0.6363286,0.21040621,0.0,0.0,0.0,0.28335863,-1.5107352,0.4730139,-0.28379822,0.033712387,0.0042705536,2,95.034386,-0.89633185
32.17026,27.666779,26.950657,1,1,-1,-0.0063051465,-0.028113864,0.015679998,-0.4297061,-1.8067528,1.1621236,59.917904,142.53511,27.049858,-1.2336742,-2.3229477,-0.08568529,-2.8217084,-1.2901895,1.1685241,0.0,0.0,0.0,1.0122534,0.99988914,-1.252608,0.039260864,-0.0663681,-0.09666443,1,90.14119,0.98656297
293.7554,128.09262,38.858044,1,1,-1,-0.016011303,0.005265726,-0.006103944,-0.91148937,0.41573745,-0.28389573,378.8531,318.07385,179.00313,0.74389714,1.559418,2.2086406,-2.0651023,0.607154,-0.6176151,0.0,0.0,0.0,-0.24158216,1.984982,-0.49721497,0.03788805,0.014287472,-0.03166151,2,38.727818,2.1642332
48.021,40.36507,51.53083,-1,1,1,0.017272329,-0.021307772,0.02586523,1.3773485,-1.4943237,2.0498643,48.988674,40.712543,128.7679,-0.2004182,-0.13111812,-1.5662975,2.694492,0.025150532,-1.3791684,0.0,0.0,0.0,-0.57116127,-0.2342821,-0.14990479,0.0010070801,0.122493744,0.07884216,0,51.120224,2.0150669
218.99924,202.31322,29.971556,-1,1,-1,0.012014282,-0.008959784,-0.023850555,0.69439125,-0.5327145,-1.1228678,560.60443,338.4337,74.9631,-1.5925537,1.1032144,1.5672972,2.6334493,-0.6631619,0.92147845,0.0,0.0,0.0,1.6189579,-0.73113954,0.012575852,-0.050575256,-0.012802124,-0.04332733,1,78.55738,-0.72925174
66.41324,51.378372,22.871983,-1,1,1,-0.0044214902,-0.049687434,0.0026231317,-0.24618268,-1.2009374,0.1309579,100.45289,62.772198,23.972334,-0.97355914,0.6542466,0.30896035,2.1323533,-0.74927306,-0.39738256,0.0,0.0,5.8709946,0.37792304,2.0134354,-0.008200684,0.029867172,0.16823578,0.026348114,4,23.343225,0.44401503
50.646324,66.063736,35.507156,1,-1,-1,0.030596668,-0.014307394,-0.0014054717,2.3473637,-1.175767,-0.104751885,50.690365,108.05125,47.817074,-0.041647352,-1.074934,-0.8103349,1.3258833,-2.6808114,-0.2982117,0.0,0.0,0.0,-0.5043777,-0.45107222,-0.8464406,0.009975433,-0.026355743,0.02205658,2,53.428833,-1.2601088
318.59222,29.247272,130.47855,1,-1,1,-0.021146504,-0.025015352,0.02227029,-1.8070556,-1.8248823,1.7991123,725.4359,53.689613,198.06316,-1.4638734,-1.2164354,-0.9783304,2.8374512,-2.5125222,-0.3793465,0.0,0.0,0.0,-0.35039118,0.4139536,-0.21828248,-0.03953743,-0.040091515,-0.11196232,2,163.02663,0.33479726
76.93484,127.89162,129.44981,1,-1,-1,0.016159564,0.014956847,-0.0021590656,1.3518438,1.1863037,-0.17751943,126.98469,403.19598,174.48581,1.0864309,1.8152277,0.81168365,0.8788322,0.34948784,1.2191,0.0,0.0,0.0,-1.5922129,6.725442,-0.2461333,-0.0099339485,0.0036334991,-0.0230937,2,87.67832,-2.6811616
40.44124,34.5404,9.574267,1,-1,1,0.006864678,0.036064263,-0.079697624,0.4018098,1.2811931,-3.612719,49.322437,40.995132,9.575374,-0.65116733,0.6022095,0.015203064,1.1674826,-2.222367,1.461589,0.0,0.0,0.0,1.4023657,-1.0150703,0.48634693,0.044156075,-0.034269333,0.19619083,0,19.83196,-1.259511
225.60777,43.110798,36.7466,-1,1,1,0.008877496,-0.005048808,0.0035910076,0.6724916,-0.2911128,0.19752781,493.9935,92.12732,132.06223,1.4201001,1.3926657,1.9524311,-2.8749185,-0.50968635,2.5586362,0.0,0.0,0.0,-2.6120315,-0.935955,0.571411,-0.0045490265,-0.041212082,0.07581329,2,65.58203,0.38679716
7.8337255,30.04113,46.22441,1,1,-1,-0.029048758,0.011739966,-0.006555885,-0.27346718,0.8159578,-0.5035102,11.720962,81.86531,49.173206,0.9590333,-1.66015,-0.35531306,-1.936185,2.4208033,-0.5359332,0.0,0.0,1.7177861,0.32198888,-0.48199633,0.6851864,-34.806293,-0.041376114,-0.05431938,0,68.69095,-2.971242
43.139503,39.104443,45.980495,-1,1,-1,-0.015003717,0.020097854,-0.020571621,-0.99816674,1.575319,-1.4316847,63.186893,39.64587,241.45296,-0.9301656,0.16619438,2.3424125,1.3001436,-2.0804482,-0.48233423,1.7246547,1.0814383,0.0,2.0063365,-0.6069358,1.0937966,-0.0211277,-0.022333145,-0.07210541,4,13.079215,-0.55103433
65.45686,37.734005,106.760284,-1,1,1,0.0160737,0.012192594,0.007852453,1.2014016,0.83540547,0.5913351,154.32253,168.00902,473.79904,1.5024443,2.1737468,2.1704025,-0.82237923,-0.8806341,-1.7484819,0.0,0.0,0.0,0.0831597,0.2790328,0.35639188,-0.037931442,-0.0060195923,0.22260857,2,57.57367,2.7452357
32.13181,39.29845,25.230572,1,1,-1,0.0057015014,-0.005841972,-0.012564327,0.43487206,-0.44861478,-0.7229691,43.881313,42.53553,140.51897,0.8310522,-0.40314227,-2.402274,2.903875,-2.269978,1.5566717,0.0,0.0,0.0,-0.7929893,-0.7929893,0.7434182,-0.06923866,0.091812134,0.14406204,1,58.520214,-0.33849525
44.901527,20.52669,8.2881565,1,1,-1,0.0047214087,-0.015451665,-0.009222721,0.2808511,-0.90440345,-0.40623063,45.012085,46.971485,9.493756,0.07015966,-1.4693816,-0.53291106,-3.0365398,-1.6233119,-3.035277,0.0,0.0,0.0,0.50537306,0.39061812,0.28213984,0.0019378662,0.036340714,0.026145935,0,41.25859,0.40360376
72.83131,40.832577,13.9111595,1,-1,-1,0.0018507715,-0.017612489,0.22645952,0.12425005,-1.1382228,2.653737,73.677444,40.90835,28.501516,0.15228531,-0.060912132,1.3446985,-3.0952194,-0.8423176,2.5579007,2.7652621,0.0,0.0,3.7407024,0.032858398,3.6034384,-0.062488556,0.050815582,0.024578094,3,64.11972,0.09002567
108.57602,61.2555,27.464006,-1,1,1,-0.022093516,-0.02145765,-0.013048584,-1.0540015,-1.5998713,-0.89336485,177.99959,88.05478,29.962538,-1.077896,0.9042867,-0.42338607,0.28276634,-2.2810807,-1.2508565,0.0,0.0,0.0,5.20066,-1.9066951,0.87434876,0.026473999,-0.010251999,0.104198456,3,44.85085,1.9872049
73.7161,47.4575,29.257536,-1,-1,1,-0.01847438,0.022621118,0.0019167605,-1.1757617,1.4799418,0.028848888,217.54683,56.01688,80.43102,-1.7453136,-0.59191865,-1.669556,-1.7148268,0.886078,1.3102208,0.0,0.0,0.0,2.5169296,5.368715,-1.0411277,-0.016597748,-0.05090332,0.021945953,1,36.579395,1.5847527
74.53063,76.56951,16.971756,-1,1,1,-0.012017581,-0.0046441313,-0.005746931,-0.7760259,-0.3000715,-0.34393927,121.5359,165.42943,26.080143,-1.0711575,-1.4050345,-0.99452245,-1.586583,-0.37240303,2.4995718,0.0,0.0,0.0,-0.8628652,-0.23335406,-0.29937938,-0.022714138,-0.029836655,-0.0051932335,1,48.15932,2.7131975
165.87662,47.49602,98.850006,1,-1,-1,0.011500757,0.011553114,-0.0062943967,0.93624055,0.6448259,-0.4998537,178.74907,48.502316,368.18622,0.39145657,0.2054875,1.9896046,1.1164752,0.049521815,-2.0326922,0.0,1.2429205,0.0,0.078745574,-0.6034259,-0.22840078,0.041856766,0.013255119,0.02265644,1,44.801834,-2.3289497
85.65049,14.646674,10.5102415,-1,-1,1,0.002251642,-0.0014691225,0.018668806,0.14157322,-0.092614524,0.77591664,87.024826,18.787405,10.667663,-0.17890304,0.73526675,-0.17286235,1.9852268,2.363461,2.216061,0.0,0.0,0.0,0.7927953,4.4593477,84.58147,0.020175934,-0.036827087,-0.12973022,4,115.90883,2.6030746
34.922802,42.410145,35.46783,-1,-1,1,0.07893312,-0.015838543,0.0001995602,1.6887654,-1.2286911,0.013576759,192.38213,69.37032,36.499943,-2.391149,-1.0750417,0.2406475,2.0532541,1.0038635,-2.071941,0.0,0.0,0.0,-0.10627093,-0.65308976,2.1449628,-0.17086983,-0.09592056,0.0805397,1,41.84719,0.230031
44.77315,13.748753,57.91461,-1,1,-1,0.00248284,0.0033853261,-0.022166945,0.19240135,0.22951737,-1.5795707,60.489655,14.054405,87.83768,-0.81512725,0.21033654,-0.97719085,0.16369718,-0.9030056,1.3918607,0.0,0.0,0.0,-0.19657837,-0.6881411,0.4615166,-0.031440735,-0.036819458,0.038475037,2,56.365257,-1.9181516
9.95627,18.393467,13.552809,1,-1,1,0.029701818,0.025915628,-0.053191736,1.6380763,1.5644543,-2.0709102,20.147177,22.942738,62.37885,-1.3304427,-0.68955994,-2.2077625,0.98167473,1.0486559,0.72920877,0.0,0.0,0.0,-0.26154712,1.8795029,-0.086531006,0.00054705143,0.10159969,0.38526225,0,26.860666,-2.1678162
124.51894,162.84497,17.004206,1,-1,-1,-0.0074882004,0.0071269283,0.009238024,-0.6269321,0.5999177,0.5122046,148.1218,172.71837,29.747803,0.6063811,-0.3464895,-1.1584113,-2.521946,0.80279,-2.2674775,0.0,0.0,1.7074927,3.6236293,-0.6486426,2.6460776,0.06801796,-0.019629478,-0.046803474,1,25.972328,2.855159
126.09926,69.57215,67.27841,-1,1,-1,0.0053293835,0.007532035,0.0034847849,0.20770393,0.52110976,0.2952802,347.38864,168.19623,116.39269,1.671823,1.5301017,-1.1447748,1.5293317,2.4989436,-1.7261083,0.0,0.0,0.0,1.4862388,-0.18618791,2.4923034,-0.036636353,-0.04144287,-0.011726379,1,70.480286,-0.07741661
64.05048,87.490746,29.895916,-1,1,-1,-0.01929672,0.028317828,0.03897627,-1.2698106,2.3761268,2.5495005,92.716606,119.25168,173.64731,-0.9139586,-0.82820576,-2.4449575,-2.886419,0.16497485,0.1261366,0.0,0.0,0.0,-0.60499567,0.9435024,0.057405975,0.0040130615,-0.025215149,0.10324669,0,159.96231,-3.0335906
101.69854,70.814255,22.772392,-1,1,-1,-0.0032902693,-0.014878389,0.036364928,-0.21190457,-1.0055957,1.7645069,304.46518,96.53997,74.54796,1.7605529,0.8284911,1.854851,-0.71581113,2.9167602,-0.8632175,0.0,0.0,74.95733,19.989151,0.61824316,101.35265,0.022697449,-0.06661987,0.18563843,1,26.7171,-0.7038799
10.506907,24.54418,57.53293,-1,1,-1,-0.035692964,-0.0060628206,0.005660221,-0.736944,-0.47285983,0.44721225,37.00235,24.68141,157.68936,-1.9313002,0.10560977,1.6663417,-0.558343,1.9417086,-2.2632596,0.0,0.0,0.0,0.7318693,-0.85619724,-0.7657519,-0.26070023,-0.022285461,0.027015686,3,79.57727,-0.27912903
24.260239,23.556768,37.546776,-1,1,-1,-0.015511177,0.008587022,-0.0058975304,-1.0595925,0.5147585,-0.31744432,77.83185,67.35225,37.956146,-1.8336328,-1.7115803,-0.14750785,-1.28207,2.204667,2.2612288,0.0,0.0,0.0,1.8381175,-0.45601803,2.7518532,0.01964295,0.019554466,-0.021495998,1,10.844761,0.44382322
32.123993,83.37765,27.767658,-1,-1,1,0.0022565909,0.004830306,0.00028259578,0.05175467,0.3761677,0.019370278,32.213142,211.33855,130.15448,0.0744837,1.5818261,2.2264187,-1.0070692,1.9751713,-1.9286003,0.0,0.0,0.0,3.591515,0.1929827,-0.022513947,-0.13517761,0.015483856,0.06614685,0,48.604538,-1.1040636
31.16455,13.9758415,50.71738,1,-1,-1,0.056208085,-0.00788071,0.0031044665,3.1743567,-0.17668873,0.23209073,37.451565,16.105532,136.03403,-0.6249735,-0.54527706,-1.6430676,2.8749356,0.2663887,-2.121781,0.0,50.091587,1.0404738,0.33375403,133.95555,1.5050454,0.030475616,0.105651855,0.11207771,2,10.795352,-0.5220486
91.70909,79.82969,60.547222,1,1,-1,0.0042624003,-0.0008009612,0.0123817185,0.3560817,-0.058758184,0.9167008,159.17929,82.167175,74.40387,-1.1487905,0.24140534,-0.6642635,-0.30463594,0.6350467,-1.4848458,0.0,0.0,0.0,-0.2803656,-0.62542886,-0.7809806,-0.023513794,0.018920898,-0.008644104,4,42.050095,-2.4611623
61.613556,46.81366,33.533638,1,-1,1,0.0047941906,0.013629241,-0.014599215,0.34578526,0.9862625,-1.0165684,70.91698,59.946587,188.94424,-0.54284865,-0.7325549,-2.4140806,1.0311438,1.5289685,0.08232122,0.0,0.0,0.0,1.9972026,1.2298398,0.2617563,-0.0044059753,0.02040863,-0.10832405,4,76.258286,-2.0018435
16.722311,75.37024,30.159943,1,-1,1,0.06185751,-0.0081394,0.009380011,2.9745865,-0.63031286,0.6488575,55.84422,415.0526,139.47394,1.8757588,2.3907921,2.2126095,-0.5836817,2.722911,-0.8975165,0.0,0.0,0.0,1.4826926,-0.3349108,-0.3349108,-0.53440094,0.14842987,-0.11014557,0,51.844116,0.5422146
23.63663,11.769206,7.6838937,-1,1,-1,0.053845033,-0.024558285,0.017050702,1.9568977,-0.979703,0.6473564,60.407764,13.778375,9.054489,-1.5907857,-0.57630974,0.58874166,-1.1407604,1.2040089,-0.6047431,0.0,0.0,0.0,3.301463,0.17052478,0.86684316,0.026263237,0.2700901,0.09869766,1,22.049303,-0.8760831
37.217033,35.56598,25.36172,-1,1,1,-0.014509278,-0.019047309,-0.015168376,-0.96507436,-0.28637046,-0.33837703,42.174866,92.89689,85.33151,0.5106019,1.6144075,1.8835964,-0.8612366,2.245092,-0.6556033,0.0,0.0,0.0,-0.3526457,-0.4364673,0.32868007,0.030380249,0.008132935,0.011562347,1,24.328844,2.5100064
47.723083,40.29735,34.34944,1,-1,1,-0.0031867558,-0.0069502806,-0.005819306,-0.17204836,-0.50902706,-0.41096956,55.03788,64.463646,35.72505,-0.5468325,1.0467254,-0.2820589,-2.3916056,2.222509,-0.57692575,0.0,0.0,0.0,0.529839,2.1235967,0.3616991,-0.01794815,-0.004749298,0.030658722,0,38.643074,1.6023706
133.93533,40.93944,28.008604,-1,1,1,-0.0031794254,-0.030899527,-0.015387069,-0.23578146,-1.5903667,-0.39555946,410.84225,215.35286,143.44733,1.786304,2.3441713,2.3169332,1.9363761,-0.33736464,3.0159776,0.0,0.0,0.0,-1.2243787,0.23400572,0.030448182,-0.09694767,0.06766319,0.117666245,4,51.66194,1.1880088
65.47238,52.492527,14.84921,1,-1,1,0.011604845,0.01563304,0.030521946,0.9129884,1.2124897,1.9578398,68.966866,85.07907,30.897314,-0.32528144,-1.0634334,-1.362359,1.3420403,1.3349907,2.2591655,1.5736492,0.0,0.0,-1.1950644,-0.66183364,-1.1950644,-0.057229996,0.003965378,-0.0010623932,1,190.42584,-1.7304199
75.43489,37.67207,73.20129,-1,1,1,-0.012817719,0.021838604,0.0063366643,-0.8835071,1.3833517,0.51976925,119.4373,39.12699,78.73126,-1.0334945,0.2770365,-0.38629365,-0.16849557,-1.1515365,-1.8675013,0.0,0.0,0.0,-0.80740184,-0.4966969,0.6808037,0.020524263,-0.06853175,-0.09798908,3,57.38076,0.08734369
72.35326,29.081497,60.524067,1,-1,-1,-0.014016431,0.007376196,0.008258265,-1.0825291,0.52859074,0.6540276,156.6274,49.81695,92.34909,1.4072487,1.1326381,0.9851716,-1.4877236,1.7546067,1.3062156,0.0,0.0,0.0,-0.41176453,1.0946635,-0.8743976,-0.05802536,-0.0023727417,0.021871567,2,40.467506,-1.5067945
34.038506,146.6949,15.444797,1,1,-1,0.002866234,-0.013815076,-0.0013029709,0.1754573,-1.1876408,-0.09377049,56.942646,153.54533,21.890684,-1.1032656,0.30443135,-0.88448673,1.3691176,-0.9635497,-2.0948598,0.0,0.0,0.0,0.4366446,19.902626,2.8555222,0.016227722,-0.044574738,-0.019130707,3,130.69559,2.619448
112.308716,54.240265,44.083973,-1,1,-1,0.017047754,-0.1221344,-0.0010786046,1.1141543,-2.15421,-0.065612264,176.28668,74.2325,61.5199,-1.0222901,-0.8341896,-0.8624235,1.3495682,-0.03748429,2.7345438,0.0,0.0,0.0,-0.6670057,0.347646,-0.75836194,-0.023136377,0.040748358,0.05844164,4,54.51702,2.3992898
102.910675,36.986275,13.218352,1,1,-1,-0.011694105,-0.0014771782,0.033913393,-0.7590333,-0.07795321,1.0401438,161.02255,57.846325,64.57768,-1.018164,-1.0175918,-2.2687669,-3.1402311,1.1565914,-2.7652187,0.0,0.0,0.0,3.105392,-0.9240259,1.0345107,0.009645462,-0.06399155,-0.36395168,3,100.74798,-0.43924186
82.92772,32.20518,71.73036,1,1,-1,0.061507184,-0.005525331,0.0010152188,3.4858232,-0.33906686,0.07018566,248.96783,72.87197,346.99872,1.7635342,1.4568723,2.2586958,1.4917378,2.1010253,0.21286876,0.0,0.0,0.0,-0.55850387,0.36191127,0.45382172,0.22765635,0.093194306,-0.019647166,1,71.84395,2.321011
22.408154,23.393538,81.43748,1,1,-1,0.020362606,-0.002517306,0.004212779,1.3394958,-0.17413434,0.3210423,34.42098,62.29314,173.00017,0.99402964,1.6352539,1.3859373,0.05005083,0.1448182,-2.9448614,0.0,0.0,0.0,0.10643921,0.9617268,2.49848,0.027921677,-0.004169464,0.006341934,3,54.973335,2.6014104
100.74795,20.863493,20.768219,-1,1,1,-0.0029679812,-0.08055518,0.0019850442,-0.2101661,-3.06273,0.052163634,152.77736,38.370735,115.766754,-0.9769778,-1.2186561,-2.403156,-1.8830464,0.8909964,-2.6584592,0.0,0.0,0.0,0.48328328,0.49585387,0.093100876,0.016643524,-0.0029945374,0.05113983,4,22.369976,3.0989864
36.767036,49.868355,16.25663,-1,-1,1,0.01777802,-0.018626384,0.011672218,1.2769659,-1.3998365,0.6301783,56.332478,92.42602,24.891224,0.99063605,1.2278482,-0.98976165,1.4003879,-2.3234565,-2.216166,0.0,0.0,0.0,-0.49885735,-0.65523946,1.842581,0.013576508,0.013114929,0.011804581,0,37.064724,0.2856748
63.56349,39.580944,14.304973,1,-1,1,-0.04064444,-0.015240606,0.0086624315,-1.9679786,-0.976365,0.53318465,65.41177,40.242615,29.187235,-0.24057397,0.182595,-1.3399426,2.0093627,-2.1538446,-3.0537398,0.0,0.0,0.0,-0.08498364,0.27929953,0.3279798,-0.0940361,-0.018795013,-0.102897644,0,72.91146,-0.29962397
25.384886,15.039222,20.432766,-1,1,-1,0.0006170672,0.0017621878,0.0019615048,0.036129143,0.10692926,0.13624205,67.88366,51.32564,26.951204,-1.639838,-1.8984833,-0.7789192,-0.24755432,2.607764,2.3028793,2.9991431,0.0,0.0,0.75809234,0.20437954,0.20539798,-0.0223732,-0.011665344,-0.026741028,0,25.85071,-2.1213121
74.46396,31.520992,11.985637,-1,1,1,0.025554199,-0.015884094,-0.3245295,1.0673555,-0.8154616,-2.5903497,74.555595,31.567516,13.056517,0.04960432,-0.054325502,-0.41963625,-1.0837144,2.7915497,2.5330517,0.0,1.1461638,1.1461638,3.1817636,0.67772657,-1.9506387,0.04481554,-0.008987427,-33.687515,1,52.303116,0.84550416
11.079372,26.758188,76.94566,1,-1,1,-0.16040981,0.00973315,-0.0073877624,-6.254571,0.6896381,-0.57130194,11.086613,30.647024,79.8713,0.03615101,0.53279674,0.27489156,2.1357617,-0.27271888,-2.7472723,0.0,0.0,0.0,0.1637511,-0.311203,0.09290771,-0.15924454,0.019088745,-0.11405754,4,93.04246,0.6370251
369.0071,17.838055,12.952333,-1,-1,1,-0.008231248,0.01510585,-0.00508671,-0.57170695,0.5686697,-0.25625157,369.16156,87.81755,19.794506,0.02892953,2.276596,0.9872813,-0.75568765,-1.0382235,0.20519422,0.0,0.0,0.0,0.14305359,-0.3897718,0.3658365,-0.037042618,-0.035600662,0.03222847,1,11.892714,2.6058664
166.24182,31.224718,134.6013,1,-1,1,0.005046973,0.02361896,0.013531753,0.33495837,1.4639333,1.1563307,835.1941,81.22942,141.0264,2.2973125,1.6100403,-0.30776307,2.685983,1.6326584,-0.9680116,0.0,1.3029418,0.0,0.4362684,-0.16395184,-0.20422217,-0.24612427,0.0052108765,0.0073127747,2,66.35909,2.07947
40.471973,156.74634,9.925755,1,-1,1,0.015295828,-0.009995737,0.0044229594,1.2040441,-0.8357907,0.26453328,123.44935,392.52017,15.296668,-1.7803452,-1.5686193,-0.9982889,-2.5485127,-1.4761584,1.5718977,0.0,0.0,0.0,-0.5035522,0.59671926,0.66642666,0.007461548,0.014461517,0.007587433,0,256.5601,1.3720134
11.481486,11.087734,24.635435,-1,1,-1,0.009165052,-0.010794018,-7.226186e-05,0.5157496,-0.5588122,-0.004231356,22.765326,16.55875,38.282753,1.3069617,0.9565235,1.009206,-1.181603,-1.3134882,-1.013682,0.0,0.0,0.0,0.1855397,-0.15395698,-0.25489584,-0.073366165,0.0032863617,0.010860443,1,37.85121,2.7798197
104.96301,22.477283,21.75237,-1,1,1,0.002135614,-0.044675898,-0.009708824,0.1715864,-2.1979828,-0.38734254,179.40173,27.926983,73.76327,1.1298883,0.6829998,1.8917993,0.58327365,-1.5972334,-0.91015595,0.0,0.0,0.0,2.2400527,1.615559,-0.45075005,0.050037384,-0.093185425,0.061950684,1,83.31457,-2.87713
36.24853,36.12112,35.413464,-1,1,1,-0.0039223693,0.02508705,-0.002811981,-0.2183554,1.301979,-0.18240856,185.43512,54.712406,65.8397,-2.3157606,-0.9754512,1.2315392,1.7024549,-2.0968013,-0.2618398,0.0,0.0,0.0,0.7013449,0.8570164,-0.76985925,0.10653424,-0.05461359,-0.02620697,0,24.0057,-2.0117974
57.98214,29.422615,149.47202,1,-1,1,-0.031377293,0.049752682,0.01227853,-1.511909,2.1233428,1.0493582,90.72022,68.667885,208.98268,1.0181148,1.49124,0.8651127,0.17611642,2.9157774,-2.0870636,0.0,0.0,0.0,-0.26507688,-0.7384683,1.7477221,0.059005737,0.022262573,-0.038604736,4,33.84385,1.0673027
22.655415,18.368889,18.511124,1,1,-1,0.0018443497,-0.0059468,0.010113958,0.12091267,-0.37025028,0.57781535,53.247536,52.351498,104.50056,1.4990172,-1.7081618,-2.4160287,0.46153727,-0.6740632,-1.9244593,0.0,0.0,0.0,0.58754283,0.38701114,-0.48409945,-0.0603714,-0.00048828125,0.016021729,0,26.851013,2.2419875
39.69643,57.294937,59.556404,-1,1,-1,-0.021086948,0.016315231,0.034245376,-1.1580583,1.2984164,2.579918,57.326324,60.59072,144.03806,0.91066694,-0.33757478,-1.530526,1.8038951,2.9765923,-2.375466,0.0,0.0,0.0,-0.18944287,5.9114094,-0.078356326,-0.028617859,-0.05796051,0.043159485,1,83.269264,0.017766692
87.57829,26.812157,37.23188,1,-1,-1,0.005292996,-0.0017204742,-0.0061049312,0.40616375,-0.11500767,-0.44846147,96.24658,42.382698,50.62203,0.4413298,-1.0313781,-0.82454556,-1.514804,-2.3126705,-0.20670591,1.3522154,0.0,0.0,3.351531,-0.8466721,1.6017666,0.0038089752,-0.008626938,0.052518845,2,109.31967,1.2887607
54.992622,32.274837,31.378635,1,-1,1,-0.01774856,-0.0047207084,0.0041803373,-1.3546722,-0.35339013,0.2788627,56.482,49.907284,153.32011,0.2322071,1.00275,-2.2689078,0.67874247,-2.7635295,0.42003193,0.0,0.0,0.0,-0.47922096,-1.5331794,-1.1601739,-0.008506775,-0.029075623,0.021343231,2,90.03074,-1.0184573
69.36986,17.370924,21.124834,-1,-1,1,0.013157449,-0.022042112,0.01388235,1.0223196,-1.3178372,0.9545407,152.05325,36.235332,21.594482,-1.4212843,1.365227,0.21041879,2.1289127,-3.0767357,0.13193744,0.0,0.0,0.0,0.5168257,2.2145474,-0.34263915,0.078502655,0.04878235,-0.024429321,1,46.36884,-0.122836754
11.352241,20.74769,24.145136,1,-1,1,0.008303975,-0.031307723,-0.012656769,0.47309378,-1.9384345,-0.85063404,21.576513,32.701965,88.608116,-1.2575773,-1.0276473,1.9741844,-2.5817194,-2.7860308,2.2186577,0.0,0.0,0.0,-0.15295786,0.14031863,-0.08224501,0.005683899,0.03578949,-0.05506897,3,25.430157,0.28017688
71.10772,45.638893,29.129684,-1,1,1,-0.00046546015,-0.019746665,-0.003809207,-0.036363035,-1.1049645,-0.2898759,74.08561,86.80958,40.66059,0.2884041,-1.2584916,0.86275864,2.871212,-0.624854,-0.72232896,0.0,0.0,0.0,-1.063103,1.0026153,0.3046017,-0.024002075,-0.0037155151,0.010894775,0,70.993454,1.7720598
7.033173,57.83614,42.35923,1,-1,1,-0.0065100593,-0.00047416915,0.0072381287,-0.26794106,-0.039580338,0.50785875,7.5213766,63.57119,70.76013,0.37047514,-0.44172844,-1.1014638,-2.6511176,-0.24979948,2.1428185,0.0,0.0,0.0,0.5524817,-0.909141,-1.0682889,-0.09069061,-0.042520523,0.071985245,2,83.1902,-1.3027761
32.310356,21.434818,180.75392,1,-1,1,0.009619686,-0.0037166246,-0.014539121,0.5017009,-0.24598202,-1.2774326,120.59321,22.84781,269.88434,-1.9917326,0.36113343,-0.9562295,2.7010698,0.049812723,-0.5289629,0.0,0.0,0.0,-0.1419757,0.8294537,1.9931288,-0.04550171,0.054138184,-0.0007286072,1,74.99907,-1.2669837
52.229477,123.38937,350.4451,1,1,-1,-0.051021554,0.0015492114,-0.005240426,-1.406967,0.12748042,-0.44800863,66.965576,244.21625,842.2984,-0.7345612,1.3048837,1.5236869,0.911173,-2.710544,-3.0884514,2.2440352,0.0,0.0,0.93899757,-0.3621999,-0.42456445,-0.034622192,-0.008583069,-0.021873474,3,103.81447,0.2444696
78.99909,32.298656,36.97517,-1,1,-1,0.021856653,-0.013514443,5.888355e-05,0.8880032,-0.8065747,0.004493207,219.74538,64.71007,38.15072,1.6821808,1.3189712,0.25148317,2.4802394,0.19463947,-0.40200838,0.0,0.0,0.0,1.4757936,-0.8411642,0.3429342,0.03258896,-0.015604019,-0.04807663,0,45.255814,-3.0216238
37.584126,26.611868,14.840263,1,1,-1,0.005952327,0.01430238,0.024143469,0.30520672,0.8214181,1.2389394,127.77862,31.855713,17.076042,-1.8944983,0.6178959,-0.5422516,-1.0745705,-0.9685443,1.5192723,1.0691614,0.0,0.0,0.81774026,-1.1937056,1.11789,0.0078125,-0.01576233,-0.00078964233,4,44.052116,1.1002023
49.609886,9.818716,27.587421,1,-1,-1,0.0003731499,0.022746688,0.038535014,0.028479854,1.3551555,2.632698,78.564186,16.091974,28.479471,1.0337566,1.0774897,0.25359625,1.791858,0.9846334,0.34248948,0.0,0.0,0.0,-0.34266132,0.11313769,-0.7144475,-0.06197357,-0.20288467,-0.07907677,1,81.48525,0.5340427
32.569035,25.661652,91.3207,-1,1,-1,-0.009320299,0.010083932,-0.021317387,-0.71394694,0.7334414,-1.6738267,61.67034,26.000298,98.64369,-1.2531779,-0.16223012,-0.39784363,2.7135062,-0.86685026,2.8388155,0.0,0.0,0.0,-0.00254541,1.3530929,-0.29587024,0.041393757,-0.075502396,-0.0009756088,1,16.022976,-1.261492
8.244496,42.48989,57.50282,-1,-1,1,-0.070243664,-0.005640122,0.017932648,-3.341039,-0.43647048,1.2684644,10.41922,55.86514,126.1959,-0.711245,-0.77398896,-1.4226584,-0.49608192,2.40827,-0.05168712,0.0,0.0,0.0,0.06969696,0.14478406,-1.046278,-0.00566864,0.0005187988,-0.032035828,1,56.316322,-1.1873382
49.316708,34.40689,28.542252,1,1,-1,-0.02571722,0.013136341,-0.0023720784,-1.6441823,0.8274889,-0.0944869,61.177452,75.32376,45.772995,-0.6803464,1.4198914,1.0499187,-0.0716198,-2.1674604,-1.8877381,0.0,0.0,0.0,-0.25878486,0.33237356,-0.062086456,0.11518049,0.09311342,0.15623188,0,61.647144,1.8122685
25.116714,20.913525,17.949438,-1,1,-1,0.01137362,0.013450649,0.012313545,0.46126583,0.81646967,0.7658648,116.64906,32.194473,21.948555,-2.2169862,0.9968624,0.6557004,1.5100834,2.1618254,2.0555384,0.0,0.0,0.0,-0.07770752,-0.35722584,1.5041126,-0.13887978,-0.028037071,0.022575378,3,78.2382,-0.41115776
47.869263,22.91542,90.42997,1,-1,1,-0.01601791,0.026983734,-0.014360164,-0.84442085,1.6324067,-1.2135507,64.857285,38.082207,124.125305,-0.8193636,1.0949938,0.8384842,1.1930884,1.4015815,-1.4488794,0.0,0.0,0.0,0.16521308,-0.35712814,2.8126183,-0.07092285,-0.0184021,0.07373047,1,96.59154,2.1847332
272.06766,13.649169,32.120224,1,-1,-1,0.014349908,-0.044563245,-0.007373264,1.109256,-1.986511,-0.5413854,273.6743,13.937913,47.00097,0.10862246,-0.20533152,0.9288286,1.1840749,-2.2496943,2.1326928,0.0,16.80111,0.0,0.6114767,27.951952,1.1718007,-0.018859863,-0.047985077,0.012084961,3,72.57589,-2.1310043
87.877304,43.909836,21.182558,1,-1,-1,-0.056795042,0.007884546,0.026443288,-1.2896804,0.5281467,0.7661959,261.32364,55.52163,79.68058,1.7534143,0.7121082,1.9998392,-1.5707517,0.12047902,1.9838334,0.0,0.0,0.0,-0.7818092,0.31011835,0.13979113,-0.083229065,0.024978638,-0.013053894,2,35.817856,1.7685083
22.848375,9.5379305,8.344959,1,1,-1,-0.005688243,-0.0064748256,-0.00777655,-0.3189073,-0.30788335,-0.4347751,22.871346,10.078207,15.161272,-0.04483739,-0.33484676,-1.2040435,-2.7234123,-2.2015717,-2.512517,0.0,0.0,0.0,-0.07814911,2.1245723,0.4775643,0.0042495728,-0.10762215,-0.006767273,0,33.206467,0.89467597
72.719475,36.600655,21.219088,-1,1,1,-0.016579514,0.016832352,0.0070818905,-1.2378988,0.7497768,0.45368043,90.25745,38.993996,25.59877,-0.68126035,-0.35969472,0.63193226,-2.565969,-0.41264153,1.0640255,0.0,0.0,0.0,0.6964025,-0.7214149,1.690205,0.0014877319,0.035247803,-0.011077881,3,178.63615,-0.3072752
91.008194,89.96051,68.32034,-1,1,-1,-0.013825069,0.009568607,0.020005252,-0.8339687,0.7816913,1.6653601,201.88138,217.05794,75.17635,-1.4346954,1.5279335,0.444331,0.78552437,-1.2507098,-1.4612815,0.0,0.0,0.0,3.5534194,-0.66787,-0.383052,0.04473114,-0.10128021,0.005748749,3,34.152122,2.2937424
67.5747,33.663837,38.96782,1,1,-1,0.013122785,-0.003013639,0.0028092186,1.0106488,-0.2269521,0.22060344,67.85572,66.53863,50.431408,0.09116768,1.303317,-0.74938524,-2.954561,1.935289,1.3832684,0.0,1.2203361,0.0,0.39809203,0.7479393,0.26599824,0.008638382,0.034560204,0.022766113,4,146.96791,2.8424664
42.818455,58.242435,41.689217,-1,1,-1,-0.015503576,-0.024229253,0.020971503,-1.2047266,-1.8888516,1.1348051,72.96186,96.793526,45.692547,1.1261208,1.095034,0.4348021,1.0493541,2.086806,-2.2329745,0.0,0.0,0.0,-0.9099304,0.108611815,-0.5986389,-0.02015686,-0.043670654,-0.0934906,2,65.73925,-0.59368926
21.515715,87.99912,66.3573,-1,1,1,-0.011337236,-0.0031377855,-0.007414338,-0.80403787,-0.2582204,-0.6049214,34.66351,194.48512,68.73491,-1.0557821,-1.430546,0.26689819,-0.02861713,-3.1291976,-1.0327017,0.0,0.0,0.0,1.466347,-0.39919084,-0.041112974,0.02023673,0.027258515,-0.1568774,3,54.456116,-2.4997685
193.32011,109.54905,57.688713,-1,-1,1,0.014887618,0.0067282026,0.014796571,0.81933266,0.45682326,0.8031299,478.12906,173.09293,182.43047,-1.5550498,-1.0308287,-1.8184623,0.34335858,1.3898185,1.1097685,0.0,0.0,0.0,2.1580176,2.9592955,3.103354,0.0013577938,0.0100390315,0.04811865,4,40.14742,1.2684424
29.140099,80.760414,38.4404,1,-1,1,-0.07800607,-0.0031298304,0.014129812,-1.9789363,-0.24685779,1.0780201,76.33553,173.11539,66.93189,-1.6175705,-1.3961416,-1.1526486,-2.7795064,-0.9246206,-2.9129705,2.538548,0.0,0.0,1.3432199,-0.93247265,-0.8752871,-0.00045681,0.05984783,-0.035087585,2,50.616264,1.1561625
172.48376,119.38349,50.74892,1,1,-1,0.015748098,-0.018945808,-0.010092544,0.8670775,-1.079218,-0.5654907,262.1169,355.4964,94.87014,-0.9798057,-1.7548542,-1.2380416,-1.8718708,1.2750945,-2.8641167,0.0,0.0,0.0,-0.8062856,0.06814945,-0.37171263,-0.02853775,0.042411804,-0.28948975,1,88.76827,0.72680634
35.94086,40.2403,45.153057,1,-1,1,-0.02077208,0.01488421,0.0017940128,-1.3891937,1.1127491,0.13311474,42.47644,151.32913,50.25079,-0.5942737,-1.9995697,0.4708161,-0.4197746,1.8778325,-1.9750794,0.0,0.0,0.0,1.6687797,-1.049227,2.687999,0.081689835,-0.058052063,-0.016921997,1,103.04014,2.4145942
68.92613,76.05597,32.5462,1,-1,1,-0.018102687,-0.013852868,-0.02050575,-0.8374851,-1.1302354,-1.1086248,170.8917,81.19442,123.69329,-1.5577402,-0.36554947,-2.0105157,-2.7668695,-2.869404,-2.6794894,0.0,0.0,0.0,4.8409185,2.080833,-0.2764732,-0.025169373,-0.03320694,-0.28666306,2,48.23121,-1.2470741
72.76075,33.503162,25.907219,1,1,-1,0.026488766,-0.11149015,0.02690142,1.8510963,-3.9543462,0.6448385,157.29413,185.1862,26.498768,-1.4057058,-2.3945842,0.21329331,0.4826184,1.995408,-2.5719259,0.0,3.4295006,0.0,-0.49467248,3.5348911,-2.611379,0.016830444,0.45828056,0.1353283,5,31.640226,0.45340797
64.80987,38.95085,25.284794,-1,1,1,-0.0022024694,-0.0852721,-0.04360919,-0.099867485,-1.5803734,-1.633585,172.06044,145.50685,44.966866,1.6320138,1.9926536,1.1783621,-0.6060667,-2.8425798,-0.7429125,0.0,0.0,0.0,-0.5163792,-0.20190403,-0.2711212,-0.009986877,-0.04364395,-0.11552429,1,75.7444,1.8866262
93.94151,50.446545,25.783934,-1,-1,1,-0.004902745,0.01769282,0.017549504,-0.36531055,1.2259109,0.51273584,96.70861,157.24843,53.77904,-0.242124,-1.8032765,-1.3651125,2.7864478,0.28618628,-0.34335214,0.0,0.0,0.0,-0.23932104,0.15260635,1.0951289,-0.07653046,-0.00784874,-0.019594193,5,22.403528,-1.8390164
18.71999,10.08465,10.998379,-1,-1,1,0.026015278,0.06535974,-0.020636683,1.2359395,2.032965,-0.9186466,27.9032,18.674543,13.881499,0.95392865,1.2268094,0.70912117,1.8930675,2.1560423,2.149253,0.0,0.0,0.0,1.7462952,0.2556311,1.3393801,0.056408882,-0.023928642,-0.04467678,2,43.03805,-2.6658502
57.47821,36.40576,22.126945,1,-1,1,0.01718848,-0.02368576,-0.011739834,1.202601,-1.6875484,-0.69289464,130.1317,36.752922,113.74336,-1.4575025,-0.1379608,2.3206973,-2.2077048,0.6994269,-0.004049108,0.0,0.0,0.0,1.6566495,0.6078624,0.6599371,-0.010348164,-0.012905847,-0.23663509,2,39.76653,1.9111348
21.355309,77.59287,92.714676,-1,-1,1,0.0072623636,0.010040101,-0.012428147,0.4704805,0.7987394,-1.0436358,24.309566,77.79202,164.5773,0.5200983,0.07161707,1.1761005,2.8255734,2.6332903,-0.17785144,0.0,0.0,0.0,3.5477984,2.0511596,-1.2389345,-0.026153564,-0.07685852,0.04935646,3,87.30327,-0.8346239
27.02166,14.624647,8.007558,1,-1,1,0.014672392,0.028718114,0.0066370647,0.94131607,0.9110852,0.18237667,38.366947,19.168324,19.925554,-0.8869966,-0.7691703,-1.5616977,-2.6524224,2.652964,-3.083049,0.0,0.0,0.0,-0.103194945,-0.39716637,0.96844333,0.009833813,0.011715889,0.044884205,0,37.19448,0.06137257
46.380604,38.268536,10.331357,1,1,-1,-0.053075332,0.02924364,-0.022186413,-2.003592,1.6581755,-0.8564425,75.515816,75.290634,17.681694,-1.0692085,1.2979456,-1.1315235,1.2754174,-1.6642582,0.8103146,0.0,0.0,0.0,4.9686284,-0.5960686,0.0856998,0.010807037,-0.017807007,0.047634125,3,40.862118,-1.5104111
87.933044,20.974571,17.540361,-1,-1,1,-0.007690078,-0.00036880135,-0.006311834,-0.47316393,-0.0185722,-0.2506571,89.17188,68.94903,22.801937,0.167663,1.859222,0.7563963,0.12561662,1.8688978,-2.0197887,0.0,0.0,0.0,0.4661926,0.35088515,1.056031,0.11241531,0.009479523,-0.17531395,1,80.22035,-2.3772676
36.353634,20.874638,24.580011,1,-1,1,-0.10385992,-0.02899413,0.015230532,-3.1412477,-1.8515961,1.0595418,94.4022,27.860685,72.00778,1.6080931,-0.7968758,-1.7374942,0.3420428,-0.7226886,2.597231,0.0,0.0,0.0,1.6578327,1.3419144,0.54675186,0.036403656,-0.00090026855,0.0050296783,1,26.641174,-0.82422763
47.519432,139.06046,46.15844,1,1,-1,-0.009745229,-0.006559884,-0.0006234867,-0.43815556,-0.5605347,-0.04545432,217.67159,336.66232,103.313805,2.2028625,1.5316442,1.4447217,0.29062855,0.60666364,1.8480659,0.0,0.0,0.0,2.1239407,1.7751914,0.8958223,0.061941147,0.0074748993,0.00525856,0,10.979587,2.765007
9.446547,20.107141,45.876934,-1,1,1,0.044762086,-0.012115511,0.004099142,2.7396789,-0.8823591,0.34445244,10.09013,21.062376,49.871735,0.36691087,0.30699468,0.41434032,-2.6511254,2.3618314,-0.28802305,0.0,0.0,0.0,-0.27169847,0.21793896,2.3379376,0.04322052,-0.0699234,0.0024642944,2,56.76407,1.9523033
17.323719,93.13764,75.71854,-1,1,-1,-0.029979244,-0.03141918,-0.0043275054,-2.0049417,-2.703941,-0.3428882,26.316885,97.97814,90.10506,-0.97932565,0.32101965,0.60707474,1.3094497,0.59617877,-0.5114193,0.0,0.0,0.0,-0.265682,3.2360141,-0.12857825,0.008464813,0.050533295,-0.04485321,2,77.902824,-3.011454
39.81794,20.79898,67.52849,-1,1,-1,-0.014645096,0.011515493,-0.0033263662,-1.091172,0.79231983,-0.2698925,129.15005,26.14381,85.32581,1.8451461,-0.7023633,0.71095127,1.7919226,2.7713294,-0.96045065,0.0,0.0,0.0,-0.09149199,1.3538085,-0.47161832,0.103256226,0.009191513,-0.05693245,1,48.41966,-0.90216666
25.704384,11.718176,7.284212,1,1,-1,-0.00033924647,0.005776223,-0.04032917,-0.012756123,0.21464026,-1.0725733,37.12156,31.023502,22.514645,-0.91071916,-1.6290078,-1.7943443,-1.218054,1.8002169,2.2469056,0.0,1.11394,0.0,-0.16205652,1.1589239,0.78108317,0.14188385,-0.1096077,0.0038909912,2,24.70331,-2.3066962
75.21174,57.546886,35.759853,1,1,-1,-0.029378094,-0.05711765,0.04336128,-2.0342722,-1.0281616,1.2425233,75.23649,175.8386,78.968796,0.02565232,1.7821927,1.429647,2.0624943,-2.3444145,0.5150488,0.0,0.0,0.0,0.35003862,0.2891011,-0.0663087,0.06332493,0.075912476,0.0047779083,2,46.861683,-1.4366032
73.31897,61.17737,20.719193,-1,1,1,0.034587096,0.002397716,0.06519028,2.6475642,0.13791133,3.1195571,91.93566,120.0589,29.069134,0.698343,1.2950151,-0.8700751,1.4394404,2.7949753,-0.37787226,0.0,0.0,0.0,0.68289363,-0.5561796,-1.5677395,-0.02652502,-0.015791416,0.0023684502,0,89.90334,-1.2311271
15.440352,36.55685,130.53352,1,-1,1,0.0130877355,0.012257116,0.01594329,0.44498196,0.86749816,1.3313739,72.6846,86.76888,181.07784,2.230815,1.5098655,0.8538404,3.0268686,2.7311575,1.5250027,0.0,0.0,0.0,0.80055755,-0.1606352,-0.3349934,-0.010879517,-0.029499054,-0.014762878,0,150.13997,-1.2959992
57.54959,36.86974,25.70179,-1,1,1,-0.013032454,-0.006841921,-0.014277845,-0.76432705,-0.22601683,-0.9593374,328.6336,144.29866,28.915487,2.4276874,2.0409052,0.4949919,1.4998016,-2.0463824,-1.8301318,0.0,0.0,3.5255876,-0.7139214,-0.4725943,0.2369231,-0.10686493,0.08834076,-0.00018501282,1,51.56586,0.95141953
17.653894,13.527883,11.921894,-1,-1,1,0.043987993,-0.0037776562,0.003989668,2.289994,-0.17147647,0.19504628,18.741701,13.685397,12.967058,-0.34927323,-0.15225694,0.4156457,0.45555896,-0.08066661,0.34323117,0.0,0.0,0.0,0.013003968,-0.3186829,1.788467,0.018742561,-0.045124054,-0.0013656616,0,41.101315,-2.9181716
43.513412,94.22443,178.41852,-1,1,1,0.0053931093,-0.0058327676,0.0020029857,0.43829015,-0.49116224,0.16311044,44.70438,94.54239,179.21873,0.23342346,0.08212097,-0.094673164,-1.3223876,0.87830603,-0.3216298,0.0,0.0,0.0,-0.93986225,-0.85857564,-0.93986225,-0.025108337,-0.08609772,0.02601242,4,36.083992,-2.8585415
34.02692,21.101381,75.70802,1,1,-1,0.022689413,0.017298143,0.015674265,1.6480713,1.1352323,1.3285067,56.482258,23.495594,373.47638,1.0935404,0.47195038,2.2786827,-3.1334434,-2.772957,-2.1425676,0.0,0.0,0.0,-0.46573266,3.9547174,-0.24288271,0.011238098,-0.0113220215,0.15224838,2,111.12629,-0.012254111
41.614017,42.95305,33.049763,1,-1,1,-0.022058036,0.0092685055,-0.0018851383,-1.5629048,0.56091315,-0.037068915,47.085155,45.967884,160.26218,-0.5073255,0.37251335,2.2611382,2.5458431,-1.048911,1.2321246,0.0,0.0,1.0254134,0.4956245,2.734925,0.32061407,0.0873909,0.005153656,-0.8563118,1,16.330473,-1.7698507
69.28398,13.052088,37.08059,1,-1,1,0.0018885494,0.024705797,-0.007702853,0.10516072,1.0920988,-0.5933245,79.87776,29.028255,41.192646,-0.5461842,1.4375969,-0.46669158,-0.872037,0.097066455,2.7996197,0.0,0.0,0.0,1.8064328,1.1768095,-0.5676945,-0.017715454,-0.07552338,0.07113266,3,65.36109,-1.7961018
24.4269,21.53014,56.701893,-1,-1,1,0.014124067,-0.0040047015,0.0363562,1.0881585,-0.21074653,2.6180263,48.571648,39.595745,57.446953,-1.3102604,1.2186204,-0.1619231,2.3525493,0.5324615,-2.310727,0.0,0.0,0.0,0.5526643,0.12654981,-0.35607985,0.008853912,0.11489868,-0.1452179,0,79.46754,0.011501345
20.665215,107.19384,23.756046,-1,-1,1,0.03878075,0.0068330183,0.0028820012,1.7741947,0.5497202,0.16225839,22.987585,117.38304,63.27155,-0.4697588,-0.43263075,-1.6354774,-2.4398098,-0.8509278,-2.8551984,0.0,0.0,0.0,0.7276522,0.367325,0.16814852,-0.015144348,0.066329956,-0.09946442,2,50.49693,2.4584298
56.866196,50.52262,44.46843,1,-1,-1,-0.10140743,0.06822147,0.014195772,-4.4826446,2.8634193,0.9858115,58.33154,70.8096,108.155365,0.22653183,0.8685872,1.5367117,-0.9155214,0.802298,0.31856024,0.0,0.0,1.9239068,-1.1430545,0.2641551,-0.52944463,0.00027656555,-0.016079903,0.02365303,2,58.327015,2.8669522
13.500006,102.115005,106.424484,1,1,-1,-0.018382821,0.0012469257,0.018267522,-0.54332674,0.10501979,1.4785045,40.71205,111.56459,160.71979,-1.7682838,-0.42695457,-0.9714707,2.7875814,0.5326119,-0.12697189,0.0,0.0,0.0,-0.060531616,-1.988887,2.1640608,-0.023033142,0.038642883,-0.032356262,2,356.6333,-3.0378747
68.601715,125.21819,80.84262,1,-1,1,0.01471918,-0.0059141205,-0.00532474,1.1178465,-0.49955168,-0.39631584,87.899605,461.8179,371.4568,0.7335145,-1.9793521,-2.206018,1.5989113,-1.906335,-0.9497328,0.0,0.0,0.0,-0.35438603,0.0,0.37650445,-0.0143585205,0.010910034,-0.33866882,4,39.47516,-1.4131646
102.18047,102.48547,121.06121,1,1,-1,-0.0026270985,-0.0003867972,0.0012599309,-0.19334893,-0.030502427,0.10477122,291.26672,127.145515,174.13234,1.7083527,0.6805069,0.90514064,0.4801083,2.4309418,-3.0588498,0.0,0.0,0.0,1.7198011,0.4954961,-1.5803652,-0.010877609,0.027513504,-0.037424088,0,86.82487,-0.7840651
95.32258,12.576392,31.799408,-1,-1,1,0.017854799,-0.014733846,-0.008749887,0.95335007,-0.93956286,-0.6141765,172.55147,12.611123,123.42498,1.199688,-0.07382597,-2.0323088,-0.65237033,-0.38190907,3.0760102,0.0,0.0,0.0,2.3118393,1.7783906,-0.24158119,0.15463161,-0.115935326,0.022518158,2,49.97306,0.6215368
58.4847,11.096179,8.98529,-1,1,1,0.007272387,-0.004773129,-0.007981214,0.51052886,-0.24453853,-0.16926448,61.09563,18.468132,51.01116,0.29770702,-1.0968869,-2.4217544,-2.7051432,1.8813114,1.7546092,0.0,0.0,0.0,0.58943546,0.59102744,0.08655231,0.035373688,0.0026016235,0.33417892,0,59.0283,0.052983146
88.49404,64.99356,18.948046,1,-1,1,-0.0069728508,-0.00047079218,0.0012795053,-0.52708435,-0.020695867,0.066245474,115.90348,177.07747,55.423855,-0.76804316,-1.6599265,-1.7358661,-2.58507,2.6264498,2.946336,0.0,0.0,0.0,1.1264479,0.2697632,1.2203388,-0.0065746307,-0.04799843,-0.039827347,2,109.45223,-0.84786737
52.343178,32.40713,24.489471,-1,1,1,-0.016342847,0.026251368,0.018726207,-1.3425472,1.9376682,1.2137929,55.548054,54.868267,83.24177,0.34817073,1.1181885,-1.8942763,-2.1493351,0.96747977,1.5756419,0.0,0.0,0.0,0.07653912,0.27339447,-0.5820624,0.00466156,0.030672073,0.010147095,1,42.997654,-1.0121721
7.5248213,10.727573,9.827583,1,1,-1,-0.010553658,0.00019229243,0.024884367,-0.4933121,0.011420127,1.2365906,8.505181,20.628607,10.884653,0.50490654,-1.2712702,-0.45964423,0.28563625,0.8507041,0.7555237,0.0,1.0064305,0.0,-0.7408332,-0.7311279,-1.1647509,-0.2104187,-0.019887924,-0.06194687,0,23.868084,-2.2652166
33.85885,73.55335,47.393658,1,1,-1,-0.0076335776,0.0007609726,0.011351061,-0.39060616,0.061094135,0.8901925,37.930138,88.226524,63.50782,-0.48560816,0.62159216,0.8028875,-0.20397879,-0.50404423,-2.1724458,0.0,0.0,0.0,-0.329263,-0.9956912,-0.9956912,0.06965637,-0.021083832,0.05960846,3,40.96156,1.8094362
165.95575,131.35521,32.131027,-1,-1,1,0.026951678,0.025470892,0.032681994,1.7085553,1.6232413,1.0067236,245.11841,249.73671,136.99873,0.9415712,1.257958,2.1292524,1.1394439,-0.22865443,1.1068867,0.0,0.0,0.0,0.56018597,2.4940703,-1.0158597,0.011481583,0.05191934,-0.0037742257,2,7.134372,-1.6122938
23.959414,16.741175,15.141245,-1,-1,1,-0.0009489513,-0.012620972,-0.0074150674,-0.058172088,-0.7882397,-0.41438204,37.93002,18.612411,16.621042,1.0333138,0.4684763,0.43854225,-2.198322,-2.312981,-2.7531343,0.0,1.549894,0.0,0.45280287,2.6711724,-0.95921034,-0.0041503906,0.010103226,-0.013843536,1,66.17878,-0.39868373
142.20055,91.42003,88.10426,1,1,-1,-0.07642658,0.0042697145,0.02915729,-3.5570307,0.36252436,2.3981385,192.6542,104.174385,134.86551,-0.819279,-0.5222733,-0.9894332,-1.5586671,2.0272837,1.1162263,0.0,0.0,0.0,-1.2379316,-0.81833583,-0.6645475,0.052703857,0.03627777,-0.0137786865,0,72.31641,-1.4423579
65.19446,30.238068,17.587215,-1,1,-1,0.013794712,-0.008842863,0.01889749,0.81638414,-0.6049428,0.77847546,120.41947,30.313116,20.10986,1.2237899,0.07043977,0.5294009,1.1424937,-1.7558542,1.1499825,0.0,0.0,0.0,0.16263391,1.6774133,-0.56575745,0.038024902,-0.04070282,-0.082481384,0,55.382042,-2.0444965
85.06991,24.337574,11.337087,1,-1,-1,-0.021897398,0.007537544,0.01571628,-1.5668807,0.41228026,0.85514975,135.30365,25.591228,11.527515,1.0393242,0.3196085,-0.18279858,0.8134483,-1.4577183,-2.904275,0.0,0.0,0.0,-0.5820606,-0.113322146,-0.32858375,-0.034851074,-0.04676056,-0.08496857,2,247.33894,-1.5718371
84.83387,52.64683,47.590965,-1,1,-1,-0.020086661,0.008600203,0.0097605605,-1.3831357,0.48083708,0.6814276,90.242485,100.28242,47.592087,0.35521606,-1.2601703,-0.006868818,-0.86156565,1.3223585,2.7450418,0.0,0.0,0.0,3.2941298,2.4680834,1.3099167,-0.068740845,-0.04901123,0.02753067,2,35.808475,-2.0273747
71.28322,18.860079,20.122353,1,-1,-1,0.0017707964,0.06069979,0.07318391,0.12297412,0.5403203,1.987696,154.38416,51.19162,22.337534,-1.4077833,-1.6558717,-0.46502256,2.7980723,2.1225305,-0.39497232,0.0,0.0,0.0,0.65213937,1.5086273,-0.3565095,-0.0058130026,-0.0061386824,-0.036652565,0,60.614773,-0.48503593
41.119644,96.91056,31.779976,1,1,-1,-0.015910305,0.009694125,0.013395467,-0.6252852,0.7500272,0.92967665,185.14299,199.47742,78.865555,2.1852233,1.3500183,1.5587375,0.94554925,-2.3502743,-0.45185354,0.0,0.0,4.046372,1.9774433,0.25426808,-0.42664558,-0.12175536,-0.019281149,-0.033745527,5,104.300934,0.690794
27.95955,18.654583,29.81004,1,-1,1,-0.002972831,0.0030462788,0.008981548,-0.17644398,0.19621456,0.57624036,28.430851,19.597904,48.76376,0.18335402,0.31669334,-1.0751294,2.6069684,2.7407544,-1.8248757,18.357641,27.100012,0.0,0.3733163,-0.7162567,-0.16654053,0.020301819,-0.0039100647,0.011798859,2,30.728607,0.40187111
34.31159,13.088662,9.708658,1,1,-1,0.012038421,-0.045181878,0.041988634,0.823538,-0.97801787,0.9342197,34.316776,66.98184,12.498933,-0.01738688,2.3161368,0.7410813,0.9436299,2.7598486,0.8439653,0.0,1.367654,0.0,-1.0871221,-0.18089649,0.65775436,-0.040157318,-0.08327675,-0.0054340363,2,58.362423,-1.6451796
46.3345,68.75982,44.365875,1,-1,1,-0.014183283,0.021017198,0.00621091,-0.82928026,1.7585577,0.47853863,137.37929,76.55808,70.548065,-1.7502714,-0.4718704,-1.039034,2.1697717,-2.5996988,-0.88109016,0.0,0.0,0.0,0.39169562,-0.30193216,-0.30193216,-0.070373535,-0.040283203,0.031196594,0,57.603615,0.53114176
108.46593,48.587765,64.29304,-1,1,-1,0.020354727,-0.0020262736,0.0012410086,1.2589021,-0.15184134,0.08401908,212.60565,64.21643,181.86336,-1.2936176,0.7819905,1.7001313,0.02275827,0.3901353,1.7548962,0.0,6.0234604,0.0,-1.5906202,9.2151375,-0.52603906,-0.049201965,-0.015693665,0.0010070801,1,42.94066,-2.5380244
24.755514,39.869064,45.279736,-1,1,1,0.004982753,0.0018864541,0.0037974415,0.33484265,0.13392782,0.3192723,59.001583,43.36939,45.40889,-1.5144237,0.4160215,-0.07547648,-1.1132011,2.6807637,0.15155429,0.0,0.0,0.0,-0.46409777,4.3130994,4.790107,0.04169464,-0.028018951,-0.086372375,3,31.87227,-1.89323
62.19517,23.308804,54.438942,1,1,-1,-0.023943907,0.0015337965,0.0038591735,-1.6094167,0.105402485,0.28509757,122.692566,66.9683,57.562996,-1.3010522,-1.7167716,0.3371766,-1.7955773,-1.5703615,-2.46827,0.0,0.0,0.0,-0.4274688,2.8040311,-0.5418728,-0.033737183,0.033859253,-0.026222229,3,79.87514,0.5587954
27.779554,93.011566,22.63596,1,-1,1,0.017485237,0.0058576623,0.0058512506,1.190395,0.47000706,0.3985724,100.70726,168.46515,22.924055,-1.9614747,-1.2003789,0.15930925,-1.5638474,2.7069194,-1.8634418,0.0,0.0,0.0,-0.80786955,1.7152551,-2.0240593,0.03889084,0.0020809174,-0.029081345,2,171.09444,0.1250825
37.71652,38.89314,71.78808,-1,-1,1,-0.01322348,-0.002111794,-0.0089992955,-0.9908788,-0.15596363,-0.7295837,39.956516,96.1998,260.1228,-0.3429624,-1.5551323,-1.9609735,1.9219702,0.7418221,2.78971,2.055845,0.0,0.0,1.7277036,-0.29146978,-0.011531799,-0.00835228,0.048181534,-0.028438568,2,64.24481,-2.583685
67.732285,29.934484,16.136007,-1,1,-1,0.014432363,-0.030987477,-0.11742373,0.8480907,-1.7407669,-7.036175,141.85867,47.141594,16.416143,-1.3698227,-1.0265466,-0.18606971,-1.5965745,1.2779528,1.4357641,0.0,0.0,0.0,-0.14517511,0.66967714,-0.21575898,0.049690247,0.021598816,0.2435875,2,52.12506,1.2275407
19.35346,38.05008,41.659184,1,1,-1,-0.024529789,0.026217222,0.010592954,-1.1721612,1.8592296,0.8249992,36.864304,71.21771,41.69745,1.2601564,-1.2394837,0.042783268,-0.5910146,1.3956037,-0.5500043,0.0,3.9404733,0.0,0.39597005,2.240704,2.1276596,0.06777477,-0.07450771,-0.005259037,1,144.64085,-2.7401488
93.750694,18.270948,26.46325,-1,1,1,-0.003024283,-0.007276682,-0.037084818,-0.22657084,-0.4088238,-2.460115,109.94783,19.58848,132.51428,0.5796724,0.37747866,2.2939577,-1.4905332,-0.057553604,0.5856909,0.0,0.0,0.0,-0.51449376,-0.12365369,0.34746093,0.016330719,-0.017464638,0.33541965,3,138.45213,1.6949365
26.8193,7.4037523,7.442507,1,-1,-1,-0.014577156,0.0148753645,-0.03135493,-0.9954076,0.7231219,-1.6977569,30.542469,11.279391,10.05892,-0.52099824,-0.9830683,-0.815625,1.6845616,3.0680184,1.7758889,0.0,0.0,0.0,0.4282456,-0.45162648,0.21566309,-0.010293007,-0.041755676,0.028860569,2,44.336533,-2.7598982
12.848609,119.45461,11.979423,1,-1,-1,-0.0237661,-0.018155934,-0.035064954,-1.2646551,-1.5633109,-1.5077468,41.367664,395.67868,50.52931,1.8373679,1.8672068,2.1181507,1.6232647,0.09301407,0.699747,0.0,0.0,1.1428027,2.1539445,0.725821,-0.23140892,0.03356552,0.011749268,-0.10694885,2,8.320372,0.9695755
49.739468,22.834553,21.671057,1,-1,1,-0.010112587,0.009549409,0.03715187,-0.72797763,0.5684147,1.7605206,73.1275,22.838942,56.294228,-0.9352887,0.019604463,1.608466,-2.415988,0.7065508,1.336844,0.0,0.0,2.8864021,-0.52738684,0.20851618,1.6705359,-0.026725769,-0.019165039,0.036720276,0,15.748049,0.22497025
28.307888,18.97162,103.51825,-1,-1,1,-0.0037478628,0.02300684,0.002202492,-0.26660696,1.3494549,0.18685713,34.13086,39.5136,124.300026,-0.63088316,1.3634768,0.62349844,-1.8046744,2.918752,0.5116248,0.0,0.0,0.0,0.59729016,4.5199394,-0.39845052,0.057704926,0.007396698,-0.024280548,2,49.985283,-0.252883
17.877625,44.63744,74.09394,1,1,-1,0.02469237,-0.0038855795,0.00013808438,1.580596,-0.2988672,0.01094313,20.300707,55.46987,96.09063,0.5149397,-0.683298,0.7526597,-0.22965313,1.8169419,2.2184608,0.0,0.0,0.0,-0.4067773,0.5114425,-0.0034101564,-0.01102829,0.06867981,0.016105652,1,188.90282,-1.3418319
11.240462,188.32796,9.936522,1,-1,1,-0.012940011,-0.006876219,0.010001982,-0.7589439,-0.56855303,0.5082835,11.369671,410.95502,12.307356,0.15119185,-1.4162477,0.677685,0.86548185,1.6469796,-2.9349544,0.0,0.0,0.0,1.0962255,-0.57917833,0.6247865,0.05555725,-0.052417755,0.021102905,3,68.98523,1.6637448
61.445885,28.53791,12.490122,-1,1,1,-0.012615539,-0.02235243,0.03791025,-0.7189695,-1.072756,1.0081359,159.9423,78.53601,24.599932,1.6106781,1.6706951,1.299197,0.2523993,-0.2338955,3.13253,0.0,0.0,16.37913,-0.07615722,-0.061503854,15.46645,0.059610367,0.020267487,-0.07562256,0,36.60354,-3.0154996
42.3969,178.22815,104.57745,1,-1,1,0.008134216,-0.0039887615,0.0020083743,0.5993939,-0.33617014,0.16009447,42.57026,562.6794,190.62354,-0.09040107,1.8167101,1.2080053,2.1666121,-0.58001155,-0.8968955,0.0,0.0,0.0,3.3700547,1.0188984,3.559227,0.01763153,-0.07177353,-0.016578674,2,294.1475,2.7398899
150.7287,68.64509,122.324844,1,-1,-1,-0.0077986782,0.0053306734,0.0009254933,-0.5524051,0.3887834,0.07776019,186.895,68.96425,273.48346,-0.67958504,0.09639406,1.4434588,-1.7587277,-1.2508059,-2.688965,0.0,0.0,0.0,1.230125,0.28954235,-0.97635305,-0.014457703,-0.019691467,-0.013755798,1,36.752228,0.2265572
57.70564,164.86864,14.390158,1,1,-1,-0.010194762,0.0044831526,-0.0049407026,-0.85861725,0.38852546,-0.31471834,104.90322,166.4534,19.006666,-1.2047865,0.1385402,-0.78098667,-3.001071,0.118164785,-1.7681111,0.0,0.0,0.0,-1.3715461,2.9313796,0.21505298,0.0263443,-0.031433105,-0.007850647,2,151.74423,-2.8165128
37.132446,19.430214,9.709622,1,1,-1,0.0016419041,0.017657788,0.05685825,0.0707848,0.7696779,2.6759322,37.195755,79.435165,53.152294,-0.058386493,2.085953,2.38474,2.6819685,2.4462013,0.4944903,0.0,0.0,0.0,0.48313507,-0.24150679,0.35200137,0.08941269,-0.065826416,0.21565247,0,50.525703,-0.3255134
18.582012,20.039288,12.195193,1,-1,1,0.003190765,-0.05253942,-0.01730225,0.17690866,-3.3590052,-0.8772722,19.23273,26.290205,16.52358,-0.26387972,0.7706403,0.81937915,-2.9274268,-1.3420118,-2.7754931,0.0,0.0,0.0,-0.20216778,0.99314266,1.4302354,-0.039798737,-0.18711853,-0.069042206,2,123.55467,1.2199045
308.54724,182.56604,24.548517,1,-1,1,0.013411501,0.012491276,0.009204016,1.025573,0.85047126,0.642591,324.4303,182.82861,37.70292,-0.3195033,0.053625,0.99381983,1.7892365,1.7336057,1.7582064,0.0,0.0,1.3129812,-0.87253785,-1.1636313,-0.7557604,0.089164734,-0.042434692,-0.01392746,7,384.6735,2.1979928
17.559603,41.431507,93.55798,-1,-1,1,0.009765602,-0.01226863,-0.006770643,0.42119128,-0.88500196,-0.5076288,73.83867,43.269924,186.55273,2.1149807,-0.29679966,-1.313475,-0.8584126,-2.9326334,-1.9327387,0.0,1.4932265,0.0,-0.17269787,0.8438215,0.0005136719,0.10157776,-0.012763977,-0.09347916,1,199.35913,0.701265
39.482994,34.245213,24.939354,-1,-1,1,0.008408636,-0.0022374338,-0.015169319,0.47198308,-0.14664853,-0.82209504,100.77128,50.210835,26.62044,1.589333,-0.93157154,-0.3651384,-0.4196432,-2.0868824,-2.4290056,0.0,0.0,0.0,-0.2711089,0.51200587,6.431159,-0.011638641,-0.05341339,0.11072922,3,56.887356,1.5663571
94.524086,25.181677,38.311924,-1,1,1,-0.012691079,-0.0010845244,0.007468851,-0.8606963,-0.057963092,0.54692715,150.89453,31.582056,72.746,1.0440487,0.69867903,1.2564404,3.051683,-0.8251073,1.3952464,0.0,0.0,0.0,-0.8583668,-0.09281314,0.14023706,-0.051986694,0.024665833,-0.026485443,1,92.24536,-0.39683136
123.88639,283.1215,140.17079,1,1,-1,0.0076136864,-0.00025692434,0.01006234,0.6166515,-0.02193493,0.8112332,239.20242,344.92828,221.02718,1.2760628,0.64929837,1.0282019,-0.69046706,-0.9360774,-1.1640276,0.0,0.0,0.0,-0.2097716,3.0242975,-1.1936029,-0.028538704,-0.04840684,0.0432415,0,168.81406,-0.8129017
33.662285,9.713629,8.307593,-1,-1,1,-0.0015494754,0.018804625,0.0030454486,-0.02777275,0.92440856,0.1727926,59.492023,21.153303,13.136419,1.1707827,1.413946,1.0317712,1.6443672,-1.6067573,2.7164915,0.0,1.1196449,0.0,0.14263208,-0.4607342,0.40204853,-0.0009660721,-0.08203697,-0.04287815,1,50.367027,-1.568918
16.03576,70.60179,49.23209,1,-1,-1,0.006999728,-0.014669067,-0.0026478702,0.478356,-1.2031376,-0.18492642,16.061106,78.27076,266.2142,0.05582961,0.46197516,2.3722408,2.0210493,-3.1200187,-2.860085,0.0,0.0,0.0,0.52568823,-0.4995481,-0.8161508,0.117118835,-0.03476143,0.08941269,4,50.022125,1.5852977
7.047858,12.17337,15.554604,-1,-1,1,0.047577173,-0.0065627405,-0.009518972,0.73169494,-0.42681295,-0.5024465,11.057596,14.32782,21.304968,-1.0216852,0.58645225,0.8353503,2.1887877,0.44777337,0.20521791,4.900633,0.0,0.0,-0.6997145,1.035065,0.9677859,-0.09250045,0.04526925,0.09401941,1,38.141773,-2.5310824
72.87748,55.50714,35.92887,-1,-1,1,0.0017093929,0.0077604097,0.0063824435,0.08963051,0.6130496,0.4505484,117.69474,131.08662,49.129044,1.0588604,1.5043137,0.8329122,-0.25168303,-2.2833416,0.49676886,0.0,0.0,0.0,0.781221,4.188624,-0.41974336,-0.034770966,-0.036582947,-0.015060425,3,44.200222,-2.5996845
8.608822,11.773106,10.819364,-1,1,-1,0.019914655,-0.029371029,-0.00909898,0.7859075,-1.4929315,-0.485449,8.704657,11.799199,13.869863,0.1490737,-0.06656686,0.7342738,-0.053131517,-1.2286288,0.9246819,0.0,0.0,0.0,-0.47709826,0.1763562,1.1258752,0.072063446,0.045770645,-0.06982231,1,42.869377,3.0593653
194.12752,34.971313,11.82516,-1,1,1,0.025212606,0.03086328,-0.032100122,1.6321607,0.95467556,-1.7599926,305.99896,172.16103,12.184941,-1.0277396,-2.2765703,0.24605688,-1.5033185,-2.60296,-2.630508,0.0,0.0,0.0,1.415509,0.13312799,0.99009675,-0.044698715,0.14516449,-0.02010727,2,56.482414,-0.6833638
101.406364,18.112366,28.091324,1,-1,1,0.02065335,-0.023060558,0.0114075355,1.492327,-1.4451014,0.84527344,101.40663,18.206781,40.525623,-0.002280758,-0.10206174,-0.9092408,-3.0023754,-0.04635806,-1.9249157,0.0,0.0,0.0,-0.13493286,2.037663,0.53951424,-0.018064976,0.06815243,0.021958828,1,130.63968,-1.850754
13.14583,12.574772,8.733285,-1,1,-1,0.0123821,0.021722741,0.017680429,0.70418537,1.2801217,0.75650907,13.439632,13.368824,16.894482,-0.21102954,-0.35353327,-1.2782836,-3.0212944,2.8581743,-2.6326559,1.3602343,0.0,3.066007,0.39769104,-0.47631377,-0.7356742,0.047935486,0.11209965,-0.033872604,0,31.536425,0.27909082
23.127981,22.120968,76.93102,-1,-1,1,-0.0026260936,0.014022388,-0.017669095,-0.11536965,0.7329454,-1.3751281,40.36089,41.55813,77.34541,1.1553988,-1.243889,-0.1037376,-0.50739175,-0.05945456,-2.19456,0.0,0.0,0.0,-0.16667181,-1.0191483,2.356789,0.038585186,0.007773727,-0.018113852,2,79.163086,2.0966349
52.63721,244.5846,62.16648,1,-1,1,0.001703792,0.003806503,0.0059861387,0.132836,0.3257196,0.45785996,85.50753,283.0061,86.34903,1.066317,0.5534257,0.85569197,-2.1803772,1.8631165,1.1713686,0.0,0.0,0.0,-0.41476464,2.358049,1.0366211,0.049329758,-0.06874466,-0.07062149,3,40.592655,-0.16284724
18.66621,51.349407,93.76478,1,-1,1,0.026951723,0.012789339,0.018393112,1.9407617,0.9067369,1.3924061,25.479233,223.99454,386.85944,-0.8303192,-2.1527104,-2.0953984,-1.8618487,-0.66789126,0.8148107,0.0,0.0,0.0,-0.0839054,-0.47754323,0.056749877,-0.11408043,-0.027069092,-0.021791458,2,56.55076,-2.3626432
27.277617,26.877115,19.639776,1,-1,-1,-0.02371102,-0.016107168,0.017172907,-1.493685,-0.79084766,0.65553683,28.142715,95.70056,24.842447,-0.25119054,1.9427674,0.7127005,2.952143,-0.82729435,-1.6041415,0.0,0.0,0.0,1.2705437,0.24316488,2.9723616,0.112831116,-0.041755676,-0.009536743,1,45.6543,0.2513953
28.225214,18.389397,17.758825,-1,1,-1,0.009113048,0.0031640916,0.002703072,0.5876845,0.18839754,0.17748939,37.10068,28.534609,32.952934,0.77359927,1.0072803,1.2292391,-0.2360957,-0.6461794,-0.39113706,0.0,0.0,0.0,0.02388855,-0.88333726,1.7311506,0.008962631,0.010602951,-0.04157448,1,25.807549,1.9950265
152.1811,48.91602,25.960318,-1,1,1,-0.008151475,-0.002389205,0.019626133,-0.71068525,-0.18127058,1.4057642,255.09105,87.778404,38.52275,-1.1057552,-1.1892078,-0.94788516,1.2151628,0.09887366,-1.4802068,0.0,0.0,0.0,0.35430053,-0.42269838,0.34445283,0.058998108,0.06814575,0.012008667,1,135.89745,-1.9383727
46.230743,35.710888,22.527388,-1,1,1,-0.014572596,-0.027387187,0.01283485,-0.9349435,-0.77122873,0.74127483,73.34964,62.14479,31.244667,-1.0361638,1.1519718,0.8535811,1.5808648,-1.9375907,-1.9387449,0.0,0.0,24.01919,-0.1920838,0.055301834,-0.018134339,-0.027210236,0.16230011,0.018035889,0,22.45744,0.3385855
151.9556,25.029528,23.087498,1,-1,-1,0.0059010456,0.013558277,-0.002480509,0.42467803,0.63521636,-0.18196423,233.07744,63.600292,23.801193,0.9921066,1.5845253,-0.24797034,3.1350658,-1.9632554,1.6663264,0.0,0.0,0.0,-0.8980381,4.6999745,0.26835072,0.006620407,-0.03958893,-0.061367035,1,95.90569,-0.29263207
46.14806,43.15669,37.08409,-1,1,1,0.020189837,-0.009626061,0.001750458,0.9018693,-0.65533537,0.11071551,138.36769,72.34794,83.54698,1.762161,1.1058804,1.4520153,-1.3297654,2.3393865,0.6345948,0.0,0.0,0.0,5.6084905,0.093525454,0.27552313,0.027805328,0.009281158,-0.06003952,0,17.285847,-2.0154376
41.46717,9.368751,37.71637,1,1,-1,0.012895798,-0.028484859,-0.039596975,0.99654406,-1.6081772,-2.9901764,42.818203,22.012897,46.054058,-0.25457945,1.4986708,0.6532434,1.0330045,-2.9423468,-1.4789294,0.0,0.0,0.0,1.1267686,-1.3908594,2.0338218,-0.030590057,-0.03555107,0.0005531311,0,53.812534,1.8418757
51.94213,36.297493,12.614783,1,1,1,0.00033679313,0.037006762,-0.027168792,0.020509018,1.5454603,-1.2161146,137.40948,43.1173,26.732178,1.6281774,-0.6037897,1.3831413,2.6464226,-0.2739321,2.3066268,0.0,1.878627,0.0,3.6878638,14.298896,-0.013005005,-0.047631323,-0.009651214,-0.036554724,0,26.2554,-0.6844176
93.619576,59.725224,26.987873,-1,1,-1,0.016152514,-0.005113805,0.00023958796,0.8943433,-0.35857776,0.014828067,93.68281,59.982212,27.19844,0.036751628,-0.09273374,0.12483753,-0.2660847,1.1270037,2.1777604,0.0,0.0,0.0,-1.6314281,1.3038349,-0.89245045,-0.04330063,0.00038146973,0.04134369,1,26.59306,-2.6064732
68.083565,56.52256,33.745495,-1,1,-1,0.017326312,-0.0071322797,0.015560354,1.1762433,-0.43134975,1.2374198,115.47965,62.51626,72.2514,1.1204226,0.45654792,-1.3948214,1.9320982,0.53210396,1.9216961,0.0,0.0,0.0,-0.9885193,14.803423,-0.91729957,0.05157566,-0.105917335,0.0035125017,4,61.986973,-0.45096865
138.52917,22.870653,46.895363,1,-1,1,0.0007297406,-0.0087348595,0.019711943,0.04733192,-0.4227986,1.5039821,238.14009,26.705694,56.79791,-1.1369785,-0.57130826,-0.6389383,-2.0407178,2.5107753,-0.92607015,0.0,0.0,0.0,-0.69219077,0.71908706,-0.28422558,0.058681488,0.080150604,-0.005088806,5,71.52804,1.7959726
90.08364,141.65933,7.5924916,-1,1,-1,-0.023895992,0.010292396,-0.005443595,-1.2666868,0.8586881,-0.27233115,132.58104,306.67474,9.10721,0.93672,1.4073092,-0.62148964,-2.7446568,-0.65091735,-2.063913,0.0,0.0,0.0,-0.4494844,-0.430971,0.2593686,0.12421799,-0.046512604,0.0013504028,3,55.417465,2.0173233
61.913986,52.832066,40.167767,-1,1,-1,-0.012372471,-0.022372896,0.017405592,-0.87985784,-1.7486966,1.2109194,64.770615,110.80002,103.8491,0.30261594,1.3713473,1.6033272,1.9354846,1.0996587,-2.3863087,0.0,0.0,0.0,-0.14541715,1.3796182,0.3470548,-0.014476776,-0.06555939,0.052764893,2,40.935585,-0.72507524
66.62121,67.961555,14.412428,1,1,-1,-0.0052282894,-0.002045069,-0.020334473,-0.36489347,-0.15816057,-1.1335174,101.31873,69.48449,68.057304,-0.9808158,0.2113027,2.2340002,-0.71104753,2.8752573,0.6383684,0.0,0.0,0.0,-1.5985942,-0.0913938,-0.74007434,0.041690826,-0.027915955,0.034942627,0,46.395477,-0.09965692
168.45927,75.95037,11.241012,-1,1,1,0.0050502922,-0.04791368,0.009227039,0.36792508,-1.9941365,0.4614649,282.45526,263.2056,11.6455965,1.1061003,1.9145042,0.26749957,-0.3072597,-2.844952,2.250478,0.0,0.0,0.0,0.117420286,1.0848163,0.55057824,0.009624481,0.040634155,-0.020015717,0,106.42685,2.4351342
48.47744,44.077114,30.43257,1,-1,1,0.0024910725,0.02246447,-0.010951097,0.1804677,0.5676563,-0.7868801,77.27412,132.51419,79.07356,-1.0421671,-1.7650132,-1.6087368,1.2803758,-2.8570194,1.3641627,0.0,0.0,0.0,0.7083754,0.9757283,0.43908396,-0.021903992,-0.04007721,-0.019439697,1,42.969475,-0.35677162
113.54444,15.630435,78.29186,1,-1,1,0.026989821,-0.012262307,-0.014699679,2.0088508,-0.5777157,-1.1633755,113.60841,21.553123,125.05686,0.03356856,0.8451609,1.0448158,-2.661026,1.0735551,1.5787476,0.0,1.0294145,0.0,0.7715612,-0.5573208,3.0504217,0.02328682,0.0319767,0.0043792725,0,58.12626,-0.88347334
8.366469,23.733126,87.659615,1,-1,1,-0.0011117696,0.0026841562,0.005702049,-0.01573335,0.18754126,0.46035716,12.406647,26.632454,103.089264,0.9469703,0.48937908,0.58494943,-2.458544,1.322216,-1.9551239,0.0,0.0,0.0,1.4318918,-0.5576502,0.7250815,0.053710938,0.030975342,-0.02319336,1,18.750795,-0.92022806
77.8473,38.777798,52.472267,-1,1,-1,0.028990537,0.023410419,0.0007096609,0.9636761,1.7237574,0.049684007,208.91087,80.257614,266.01968,-1.6436305,-1.3562833,-2.3065608,2.2397056,-0.9184264,-2.911774,0.0,0.0,1.6566186,0.2358793,0.16688043,4.062661,-0.022026062,-0.02545929,-0.022029877,2,174.04738,1.3044881
62.081745,35.164482,57.9123,-1,1,1,0.0062426585,-0.042711295,-0.006575603,0.43548027,-1.413491,-0.48428622,89.32757,85.066315,180.19176,0.90561235,1.5307909,1.8013536,2.5399888,0.33435407,-2.2907853,0.0,0.0,0.0,0.6707886,0.29621893,0.4075028,-0.047810555,0.025029182,-0.06453419,0,56.337116,-0.085976556
16.582066,18.02845,41.24965,-1,1,1,-0.014478112,-0.035993885,0.008301906,-0.7564287,-1.8306856,0.64295876,17.132584,44.731983,49.3366,0.25697267,1.5585523,-0.61636955,2.4360268,-2.9773262,-0.34784868,0.0,0.0,0.0,-0.61724275,-0.079886936,0.3578628,0.09136963,0.016456604,-0.014335632,2,40.812904,2.1174204
56.440346,139.71992,46.61561,1,-1,1,-0.0036826641,-0.0011133165,0.0025656682,-0.28020164,-0.09260427,0.19302176,157.67352,238.63364,111.66989,1.686797,1.1289879,1.5200356,-2.745725,-1.9296741,-1.5903139,0.0,0.0,0.0,1.8891063,-0.6111821,-0.24781413,0.039512634,-0.01121521,0.008895874,2,15.628167,1.8329668
42.674095,25.349804,75.3639,1,-1,1,-0.013211966,-0.0051135286,-2.8640146e-05,-0.78132266,-0.38106504,-0.002371099,77.02564,28.744032,115.81729,-1.1962277,0.51186436,-0.9946141,-0.38548914,-1.6412218,-3.0985992,0.0,0.0,0.0,0.2278888,-0.5062264,-0.606526,0.06296539,-0.037418365,-0.01909256,1,27.460796,-0.69402915
127.4736,20.281757,27.307032,1,-1,1,-0.0058797533,0.030870639,-0.025326198,-0.4688515,2.0093822,-1.9857591,170.5195,23.94799,34.656986,0.80028135,0.59256595,-0.7181617,1.8361708,-1.4557621,-2.9968386,0.0,0.0,0.0,-0.98844105,0.20786078,0.5921261,-0.014046669,0.012176514,-0.034585953,1,123.3988,-0.8661448
18.027407,127.780014,8.152868,1,1,-1,0.0037300624,0.004599698,0.01197498,0.20763934,0.38237995,0.5368978,57.656147,138.55084,34.94077,-1.8303603,-0.40775833,2.134529,-1.9009459,-3.0443306,1.4159853,0.0,0.0,0.0,-0.24231923,-0.38378012,0.8851405,-0.063241005,0.006933689,-0.21991396,2,40.71424,-2.1164403
8.142718,7.131046,86.02232,-1,1,-1,0.003628833,-0.019305918,-0.00077976874,0.17045717,-0.7553211,-0.06738684,12.513551,7.1343007,90.563065,0.99461806,0.030211946,-0.32350257,-3.1296926,0.6291314,2.1836936,0.0,0.0,0.0,1.3192588,1.2472688,-0.69256353,-0.07813835,0.0054473877,-0.16643333,1,33.545547,0.13181883
80.65251,23.555874,32.672775,-1,1,1,0.0030404322,-0.003986376,0.0075508677,0.17104669,-0.17004114,0.5342237,80.832016,44.545135,134.06648,0.06670584,-1.2516326,2.0897503,-1.7254726,2.9286964,1.0791494,0.0,0.0,1.654751,3.534623,0.35879382,-0.39781976,0.09573746,0.05916214,-0.024438858,0,17.19966,1.6547518
34.797295,46.42979,72.519516,-1,-1,1,-0.02190135,0.012079145,-0.0034855285,-1.5250971,0.87899053,-0.27457044,61.90112,58.37207,76.06507,1.178694,0.702684,-0.31143776,-1.0914199,1.6508175,-1.8486414,0.0,0.0,0.0,-0.45721856,1.4726384,1.9321902,-0.008016586,0.03103447,0.010763168,0,93.84877,1.3904591
65.82432,42.60296,61.23139,1,-1,1,0.013464128,-0.020966157,-0.0053852103,0.90326244,-1.5758824,-0.42448878,111.56791,52.575893,69.43579,1.119538,-0.6715436,-0.51205295,2.7197196,-0.9290633,1.4089123,0.0,0.0,0.0,4.0590277,-0.11243903,-0.68358016,-0.009651184,0.020259857,-0.0028953552,1,24.630178,2.316363
32.879784,10.365469,28.611282,-1,1,1,-0.02242844,-0.024611806,9.091395e-05,-1.6175295,-1.1878629,0.006428185,85.49154,22.584585,44.921757,-1.609489,-1.4145348,-1.0226252,1.2628807,2.4894958,-2.1184304,0.0,0.0,0.0,0.3619785,-0.59197634,0.6522241,0.012835503,0.037729263,-0.045674324,1,47.930042,0.35904887
149.54904,90.93365,14.010147,1,1,-1,-0.0034612266,-0.0038767224,0.022521101,-0.28647375,-0.3061574,1.1150035,150.96422,147.76422,14.835905,-0.1374633,1.066707,0.34167206,-0.02102058,-1.1948599,2.958352,0.0,0.0,3.8068519,1.0842493,-0.8277453,0.8257069,0.0074768066,-0.023841858,0.04135132,3,49.328922,-2.3210876
60.261566,16.43188,9.070674,-1,1,-1,0.015542631,-0.00172053,-0.00023023684,0.22296032,-0.107730575,-0.012945679,179.47214,16.77346,10.951381,1.7550148,0.20344935,0.63323504,0.059373554,0.39044088,0.046044417,0.0,0.0,0.0,1.089864,1.9693371,-0.057085264,-0.0538435,-0.0347147,-0.0052165985,3,32.25901,2.4603212
72.31547,9.510934,29.26172,1,-1,1,0.0042319847,-0.0010860106,-0.009322389,0.29923728,-0.056679536,-0.647146,73.58235,33.84263,101.73307,-0.18691143,-1.9420644,-1.9178629,2.733893,-0.55637556,-0.9888629,0.0,0.0,0.0,0.5147993,-1.5821692,-0.3150255,-0.11343384,0.17454433,0.096842766,4,125.11911,1.3957692
13.843728,13.258854,9.302229,-1,1,-1,0.03382776,0.015091123,-0.0053266734,1.6461097,0.80727774,-0.28596085,17.37137,20.623556,10.688128,-0.6995382,-1.010458,-0.5393082,0.10946943,-0.18359594,1.739143,0.0,0.0,0.0,0.10476465,0.019594666,2.376496,-0.054641724,0.004995346,-0.046827316,3,60.383263,-0.09508549
102.72399,39.787914,45.196407,1,-1,1,-0.013622541,0.011964196,-0.0072231134,-1.0729865,0.8391273,-0.53685915,107.16579,60.46874,147.15248,0.29302567,0.9799044,1.849134,-2.2131944,0.7444598,-1.6141886,0.0,0.0,0.0,-1.2079737,-1.2250649,-0.72203237,0.1113224,-0.054603577,0.0054626465,1,54.04343,-1.5300716
17.086378,16.768566,8.661799,-1,1,1,-0.039826427,-0.017552163,0.022968357,-1.2994577,-0.7609344,1.0077784,40.40682,25.03092,27.310266,-1.5058264,-0.9558914,-1.815326,-2.7157292,2.9794693,-1.8726509,0.0,0.0,0.0,-0.14797805,2.4899976,-0.3167633,0.03353119,0.050575256,0.028495789,0,35.31811,0.32535183
