lep1_pt,lep2_pt,lep3_pt,lep1_charge,lep2_charge,lep3_charge,lep1_d0,lep2_d0,lep3_d0,lep1_d0sig,lep2_d0sig,lep3_d0sig,lep1_e,lep2_e,lep3_e,lep1_eta,lep2_eta,lep3_eta,lep1_phi,lep2_phi,lep3_phi,lep1_ptvarcone30,lep2_ptvarcone30,lep3_ptvarcone30,lep1_topoetcone20,lep2_topoetcone20,lep3_topoetcone20,lep1_z0,lep2_z0,lep3_z0,jet_n,met,met_phi
70.63314,38.766537,22.442942,1,-1,-1,-0.07970158,0.08902596,-0.1539871,-1.6516352,5.228437,-8.8761425,71.707184,39.695282,22.660278,0.17416964,0.21845989,-0.13905688,-2.0444834,0.8300189,2.323663,6.1172543,0.0,3.661484,6.450882,0.34580603,4.266918,0.04915619,-0.039512634,-0.06564331,3,120.94166,0.81516796
15.378332,21.959793,33.781326,-1,1,-1,0.0018937896,0.008972444,-0.0011495553,0.08643452,0.572539,-0.08083044,69.89996,32.83777,79.688736,2.1949265,-0.9582538,-1.5030693,-1.6670225,0.2464363,2.3843732,3.2573225,0.0,0.0,8.101509,-0.66469544,0.6332946,0.044956207,0.104003906,0.045013428,2,106.78686,-1.6168324
17.43565,11.443515,8.911176,1,1,1,0.017252479,-0.0039187702,-0.085022114,0.9539039,-0.16014338,-2.92074,22.314405,22.608406,19.020235,0.731655,1.3027853,1.3913066,-0.75318706,-2.9617465,-2.0702312,0.0,4.071473,54.855717,0.5815764,13.686618,13.210434,0.056900024,0.040542603,0.60424805,9,52.23504,0.8397724
180.55777,103.54377,43.045055,-1,1,-1,0.22588454,-0.009976091,-0.0047468147,11.50318,-0.69902515,-0.26368967,505.27335,183.27357,57.933113,-1.6886246,-1.1726272,-0.8094324,1.7983991,1.6592972,-0.10799361,14.182371,0.0,0.0,63.9393,0.26455706,0.69353265,-0.2754364,0.034248352,0.069000244,1,53.064922,-0.7076353
21.982952,15.497732,7.6125693,-1,-1,-1,0.09615797,0.5408913,0.019441342,0.43775827,10.04472,0.6084995,90.35459,64.12547,17.832747,-2.0914838,-2.0983624,1.4953527,1.3318834,1.2107327,-2.1254866,4.8534555,6.879356,2.7528894,33.816395,28.213768,5.9207497,0.6163578,-0.3378353,0.071855545,1,66.230576,2.9467926
60.864113,7.683251,39.518547,1,1,-1,-0.022638496,-0.06777037,0.0052914694,-1.3483119,-1.4907236,0.38535714,64.57956,14.775573,131.84795,-0.34766006,-1.2713687,1.87477,0.57909536,0.7874354,1.4561893,0.0,0.0,0.0,0.12729535,1.6981992,0.27429327,-0.11692047,-0.6241913,0.028800964,5,118.26658,0.35422072
13.535011,18.850672,87.16338,-1,-1,1,-0.06568432,0.022820808,0.0111884745,-2.4214678,1.5380508,0.8813234,14.701538,20.961575,93.68921,0.41225126,-0.46890715,-0.38458356,0.27193725,3.053164,-1.9375052,6.174918,0.0,0.0,4.0026407,-0.42351112,-0.27909485,-0.2406578,-0.082473755,0.026081085,2,117.826385,-0.07564713
40.708645,8.834802,77.834076,1,1,1,0.011107841,1.0497954,-0.004026629,0.82094055,33.939835,-0.33118245,43.619892,8.837904,196.02084,0.3759727,-0.026499197,1.574814,-1.3542179,-2.6928132,-0.046311945,1.3315761,53.157593,0.0,-0.059187315,42.716038,-0.06655597,-0.031713486,0.21837234,0.07526779,3,71.74999,-0.17408685
22.770536,8.911419,31.964228,-1,-1,1,0.005601217,-0.15049997,-0.025438678,0.37378106,-1.1414688,-1.825923,27.8642,22.996675,49.52169,0.6569928,-1.6013128,-1.005258,-2.355052,0.38113406,0.72047913,14.202896,28.722101,0.0,11.361631,17.36734,-1.3070033,0.30203247,-0.018922806,0.04079151,3,38.300034,3.0613768
10.750416,60.125668,37.486263,-1,1,-1,0.075069755,0.0013962094,-0.017288422,1.4536772,0.113236375,-1.3291471,36.863686,89.76152,51.416023,-1.9034562,-0.9560437,-0.83740026,-2.3105164,-2.984629,1.205163,30.612396,0.0,0.0,17.957647,0.047005128,-0.9227543,1.2604103,-0.023180008,-0.020170212,1,87.85687,-2.541108
45.686825,21.934603,7.979427,-1,1,-1,-0.0015454973,0.00031431313,0.048868407,-0.08928703,0.019702496,1.0509765,188.4078,23.07546,40.122177,-2.0949106,-0.32114488,-2.2981718,-1.2331443,-1.1774265,-2.044447,0.0,0.0,19.565891,-0.47547337,-0.7464851,16.305216,0.048171997,-0.067554474,-1.1411858,1,144.55493,3.0202498
7.5165515,58.43209,63.024086,1,1,-1,-0.0020362127,-0.0043820287,0.0043728417,-0.09443269,-0.3622398,0.3532013,7.6025515,75.7134,97.25954,-0.15112697,-0.7512948,-1.0001111,-2.6857507,2.652268,1.1300575,13.537804,1.5463771,0.0,12.084116,-0.45555726,-0.0040129395,-0.031190872,-0.03183937,0.08815956,2,68.70657,-1.4341006
41.315872,7.422695,25.318254,-1,-1,1,0.73255116,-0.031434055,0.014437102,27.493416,-0.31618798,0.81389904,41.552982,16.565023,77.46396,0.107084095,-1.441435,-1.7835892,-1.0528026,0.8769264,-1.1367673,7.4051137,0.0,0.0,17.488089,0.9227255,-0.30497384,-0.012509346,-16.950863,0.094112396,4,116.12026,1.3627567
58.119186,47.912914,8.885375,1,-1,1,0.005569024,-0.0454444,0.018198716,0.38427964,-1.7125471,0.7247124,75.64158,82.466034,8.885643,0.75822484,-1.1384819,0.0077624666,2.3284352,-0.66578096,-0.5253178,1.1853089,0.0,0.0,4.834032,-0.108030215,0.6480283,0.04806614,0.045986176,0.043299675,3,89.8509,1.8824989
15.285053,13.638829,76.390274,-1,-1,1,-0.01616735,0.018030453,0.0009314714,-0.42727676,0.6990249,0.07336082,22.20405,20.192934,79.56574,-0.91882366,-0.9448177,-0.28734392,-2.5781078,-2.5433383,-0.8638928,31.729557,7.9722853,0.0,13.19898,11.691525,1.7248006,-0.07379818,-0.0018763542,-0.03128147,3,54.485424,-1.2205771
10.358405,18.062666,16.90061,-1,-1,1,0.03096876,-0.018764125,-0.033690337,1.1404482,-1.3249999,-2.1291363,13.660406,18.575367,20.348595,0.77864736,0.23763339,-0.628359,2.0133972,2.7148623,-3.0548048,5.519726,2.5428884,0.0,1.8944392,-0.47278464,-0.29381564,-0.060077667,-0.029270172,-0.0016975403,1,75.24601,-0.46302179
24.862808,9.221864,89.747086,1,-1,-1,-0.007194185,0.06463583,0.013163077,-0.35670236,2.35218,1.0582669,35.557354,15.309785,106.11396,-0.8971262,-1.0937186,-0.5951099,-1.5419185,0.46627495,-0.4544719,1.802018,45.397224,0.0,0.14195752,46.015633,-1.59054,0.013706207,0.014293671,0.0146045685,3,167.00095,1.2771688
48.373013,23.379173,12.741666,-1,1,-1,0.0009259489,-0.011604883,-0.020728445,0.06621176,-0.8057851,-1.2350718,59.00707,26.044151,45.120644,-0.6514925,-0.4730482,-1.9370465,0.35616404,-1.0981809,-2.9840696,0.0,0.0,0.0,0.13559555,0.09919727,1.0497127,-0.0072288513,-0.14513016,-0.13994217,1,129.58131,3.0315537
206.86722,22.765675,11.644061,1,-1,1,-0.01687781,0.01505763,0.018665314,-1.456783,1.0282884,0.856103,215.91516,31.609268,43.02709,0.29469532,-0.85513,1.9813442,0.67974526,-3.0575705,-1.0303686,0.0,0.0,1.1356134,-0.78519875,-0.5549399,3.3949544,0.03213787,-0.020529747,-0.13857651,2,53.430073,-1.2425469
34.111137,8.330806,8.837179,1,1,-1,-0.0101687005,0.029527986,0.19918437,-0.19311537,0.83627534,1.338327,143.28079,8.405504,9.296846,2.113849,0.13381442,-0.32115555,1.7329835,0.8206884,-0.8541864,2.121234,149.15643,0.0,0.6591796,145.34363,1.3141326,0.07434988,0.2064848,0.11249542,5,168.32082,-2.4354622
8.042645,59.96164,121.769554,1,1,-1,0.06733041,-0.00033035662,5.59598e-05,2.3411827,-0.026000073,0.004533489,33.851307,154.85596,194.12132,-2.1159463,-1.6021522,-1.0422857,0.19906169,0.65818095,-2.7173402,28.7446,0.0,0.0,44.87245,1.0936899,0.4162126,-0.46500397,-0.047677994,-0.1463604,2,37.03271,3.0497684
93.91977,40.997498,17.673061,-1,1,1,0.006382835,0.01209162,0.003823112,0.36644253,0.8102405,0.16694626,271.31604,41.015514,17.983393,1.7225899,0.029648311,0.18712789,-1.3993427,-0.66879606,-1.5004056,0.0,2.2551453,2.7113712,2.7943852,0.6485947,1.4411612,-0.120464325,-0.03798294,-1.9315147,3,59.17056,1.9794953
45.016953,36.56262,24.082895,1,1,-1,-0.026648488,-0.002472957,0.021158885,-1.5311842,-0.14937113,1.0856867,95.56591,48.93515,52.929142,-1.3851668,-0.80107784,-1.4242884,-1.6874144,1.1197776,1.5527992,20.345427,0.0,0.0,14.293413,0.061579835,-0.115684256,-0.050891876,-0.019008636,0.012016296,0,28.232807,1.0925338
44.294632,8.754566,21.744568,1,-1,-1,0.21942894,-0.039977435,-0.0032133793,15.481195,-1.1712883,-0.18505692,62.574444,12.399318,39.83727,0.8798452,0.8834826,1.2140543,0.8552362,0.8903374,-1.0780655,1.245429,1.245429,0.0,17.09417,19.668343,-0.44445848,0.16822815,0.01952362,0.030921936,5,83.491516,-2.426437
11.216063,33.86837,39.356716,-1,1,-1,-0.052174047,0.022549365,0.024403602,-1.2566801,1.8267423,1.9140215,27.625458,39.513172,46.81064,-1.5505188,-0.5696147,-0.6061311,2.777559,-1.1903709,-0.5217104,27.133331,0.0,0.0,8.39537,-1.1590176,0.98303807,0.0061035156,0.011634827,-0.048461914,3,73.814415,1.6466568
7.741928,7.782828,50.639194,1,-1,1,-0.026386721,-0.008661475,0.0067666504,-0.59205234,-0.26895955,0.5111262,39.492653,10.595427,53.0942,2.3128622,-0.82643837,-0.3101339,-1.317106,-2.764492,0.74165386,13.1558485,47.511753,0.0,17.85278,33.613403,6.523511,0.03408432,-0.024272919,0.064380646,3,47.67673,2.4952617
10.273449,45.759647,43.392582,1,1,-1,0.037859686,-0.0077439696,0.0073958663,0.25439286,-0.56827724,0.5540949,28.223368,81.92175,71.14491,1.668831,1.1863775,1.0780203,0.27408776,-1.9541426,2.1468046,0.0,0.0,0.0,-1.6905644,1.5621587,-0.8314212,0.37719727,0.069862366,0.022037506,2,14.164952,0.74294996
22.891197,10.750242,55.838757,1,1,1,-0.019143622,-0.08648665,-0.014343504,-1.1355544,-1.4225723,-1.0764202,54.332775,25.598015,271.73282,-1.5098617,-1.5134014,-2.2647703,2.8115382,2.7015276,0.5329316,22.54291,37.872227,0.0,16.357977,19.758013,-0.5178496,0.12149811,0.02155304,0.25206757,1,30.5184,0.6991329
29.899076,26.198942,7.1574035,1,-1,-1,-0.1323427,-0.009482086,-0.23196414,-2.8335454,-0.112808265,-3.6407285,76.13121,82.95359,21.508848,-1.5867754,-1.8197848,-1.7645552,1.6252912,-2.2333407,-2.1703088,0.0,25.38132,62.85843,4.318609,40.942745,62.29812,0.1938448,-0.2429161,-0.7851982,2,92.081154,0.71095836
57.962166,7.522254,130.20308,1,-1,-1,0.017885137,0.32504445,-0.008720929,1.2135733,6.4605765,-0.7465009,58.24295,7.558677,169.66844,-0.09839103,-0.09836839,-0.7601611,1.6185477,1.6104267,-1.3382525,0.0,0.0,0.0,5.7254124,8.129477,-0.99847937,0.0037231445,0.017745972,-0.042499542,1,31.725025,-2.715792
29.895275,10.834246,8.833405,1,-1,-1,0.013085704,-1.8190141,-0.06321405,0.81463456,-27.527834,-1.424675,36.176582,13.188338,10.741237,-0.6373993,-0.6478275,-0.6459469,-0.04476129,-0.085340194,-0.03221915,4.1430593,91.95018,47.8335,56.184032,67.50012,67.848335,-0.018883705,-2.6820774,0.19702196,5,50.508194,2.2005382
9.578081,14.511304,55.946384,1,-1,-1,0.004878579,0.031990122,0.009821398,0.17550308,1.8414185,0.73285216,14.311689,45.969585,157.84787,-0.9572292,-1.8202982,-1.6973872,-2.0302625,0.5482006,0.992861,32.300423,1.5814834,4.083339,5.315405,1.4765813,-0.26979214,-0.027570724,-0.09586525,-0.046403885,1,77.46247,-2.9322724
56.01706,7.345725,138.80396,-1,-1,1,0.043678213,-0.006343707,-0.00073715445,2.5941284,-0.12874241,-0.06256918,56.157543,37.315937,591.6566,-0.070807345,2.3086176,2.1289585,-0.944575,-3.0338087,2.122852,0.0,52.230125,0.0,-0.57384497,43.842888,-0.14878505,0.12440276,-5.465603,0.1290443,2,100.4036,-0.96456105
92.778206,45.053474,8.751295,1,-1,1,-0.03647538,0.010270433,-0.1038562,-1.6154966,0.6218488,-1.9751326,93.57604,69.63979,8.831308,-0.13105042,1.0022377,-0.13512313,2.0748317,1.8661971,2.063241,0.0,0.0,6.0876517,207.16498,0.8508895,237.37325,0.13186646,0.014560699,101.592316,5,63.300976,1.4941251
29.500113,7.011694,50.272007,-1,1,-1,0.059868265,-0.02894586,-0.02341202,4.0441394,-1.3320875,-1.7475863,72.20655,17.030466,54.95811,1.5436709,1.5352149,-0.4284852,-1.7270868,-1.7184112,0.76191485,73.175415,86.435745,0.0,41.580315,29.27583,3.2175171,-0.8149338,-0.52954865,-0.089149475,2,89.21172,1.9284382
40.01741,21.5752,8.08385,1,-1,1,-0.07040095,0.11093146,-0.050495755,-5.0401955,4.716185,-2.255963,41.691803,39.37201,11.267332,0.2882813,1.2093664,-0.8606659,0.5301986,-2.882959,-2.2172394,1.5052737,12.564666,0.0,21.77278,11.555326,4.5089536,0.010215759,0.21615958,0.031116009,1,23.67372,2.8151128
101.26858,31.973158,9.744617,-1,1,1,0.031626005,0.00812678,0.043941572,2.0094142,0.44901475,1.7287656,141.28381,34.65927,11.86533,0.8620366,-0.40708914,0.6483267,-1.1907362,0.53905636,2.8930583,0.0,0.0,12.3556595,-0.01277893,0.74426687,1.9067464,-0.04250431,-0.009789467,0.21778584,2,52.435852,2.8514578
161.58713,117.35046,28.039888,-1,-1,1,0.026377453,0.008565866,0.0026583823,0.46576548,0.6976343,0.16029464,496.69437,285.91058,82.143295,-1.788502,-1.5386043,-1.7374908,2.9229813,0.076096684,-1.6133151,0.0,0.0,0.0,-1.6193064,-0.4296059,0.07899881,-0.21627426,-0.140841,0.0153512955,5,51.92289,1.4933732
52.082344,9.70671,7.3586135,1,1,-1,-0.017905356,0.2771432,0.17769049,-0.8838846,15.545337,2.4750164,58.338398,12.648786,11.054366,-0.48536167,-0.76015055,0.96441996,0.6894492,1.8883524,0.10067507,0.0,48.66837,13.496499,-0.15431176,60.841015,5.2041984,0.025642395,-0.0043582916,0.35630417,2,36.001472,1.915096
38.860268,8.182675,17.07453,1,1,-1,-0.10958395,0.04218582,-0.001638646,-1.5569996,1.9017906,-0.10015102,69.25804,11.211931,17.487091,-1.1809537,0.83591795,0.21930449,-0.5728483,-1.8073077,1.7911612,0.0,37.92015,0.0,0.06661438,18.851936,1.5994805,-0.08818054,0.62490845,-0.051742554,0,123.786736,1.1016059
9.515173,12.310996,42.739914,1,1,1,0.06807922,-0.0155476965,0.013306872,1.904625,-0.052138813,0.8806321,18.61492,25.780233,244.4582,-1.2913761,-1.3696485,-2.4293272,1.9872113,2.1251385,-2.3308094,51.15894,64.937904,0.0,8.433816,27.283009,1.4317169,-0.10436249,0.21590424,-0.025489807,4,100.529495,3.0994918
8.443945,8.113791,74.69523,-1,1,1,0.039401896,0.02383733,0.0042893677,1.5999756,0.79717433,0.34056103,8.512922,11.782486,275.22815,-0.12773219,0.9183407,1.9783872,-2.822118,-1.1053978,-3.066965,0.0,2.5813365,0.0,2.0289001,3.9919722,-0.21985911,-0.02021408,0.20249557,0.0070266724,3,37.149773,-1.7396271
10.007283,7.747652,40.034065,1,1,1,-0.021446604,0.06341077,0.00038069973,-0.7060173,0.8359634,0.028976636,18.667463,9.318028,132.06248,-1.2354962,-0.626404,-1.8628824,-0.3046297,1.9931854,1.8354601,11.887866,9.28436,0.0,15.497072,5.983212,-0.27407607,0.035331726,0.09143162,-0.032666206,1,47.907475,-0.7072349
24.393816,12.442381,27.324335,1,1,-1,-0.02152149,-0.0217913,0.018672964,-1.0729564,-1.4183166,1.2855107,25.662779,13.91272,27.67481,-0.32116958,0.48148742,0.15994877,-2.1663926,-0.44065553,1.499428,0.0,6.073193,0.0,0.46495423,8.734049,-1.1805341,0.014694214,-0.047973633,0.07874298,4,9.846751,-2.1203794
57.048943,23.081873,8.609133,1,1,-1,0.010817738,0.068904154,0.044410657,0.8597869,3.8147678,0.12727182,65.26204,23.191948,25.15055,0.53035516,-0.09762264,1.7345325,-1.2655402,3.028921,-2.9709733,1.1575774,16.420359,10.095332,0.28150067,5.547099,3.4283195,-0.016952515,-0.08993912,14.142834,6,49.249226,2.9237804
10.096367,8.268964,93.2215,1,-1,-1,0.97085065,-0.6746149,-0.008857676,37.12258,-6.8074684,-0.5912744,10.115895,8.284137,111.9564,-0.062185194,-0.06057081,-0.6238249,-2.1829154,-2.125065,-1.6057305,55.460983,65.22942,0.0,82.837685,110.02343,0.29896706,0.02905655,-0.038021088,-0.0397377,1,45.786896,-2.9029052
119.87749,34.761837,14.878635,1,-1,-1,-0.00840241,0.022776963,-0.025529973,-0.5835465,1.7220131,-1.0339458,143.23532,68.715126,17.922966,-0.61453974,-1.3034236,-0.6292704,3.138503,-3.059855,2.8784592,0.0,10.330784,103.9882,7.348599,46.985847,19.134293,-0.02191925,-0.13532257,-0.024360657,5,145.675,-2.5005896
102.09933,36.525284,9.66043,1,-1,1,-0.016219376,-0.06248177,0.01882888,-1.1560235,-3.3579621,0.67895234,169.78827,62.89558,32.668118,-1.095836,-1.139059,-1.888893,-2.6031535,-1.6004461,3.0128448,0.0,0.0,0.0,1.3124727,-0.21229352,0.58000845,0.062042236,0.12929535,-85.14804,5,49.010437,-2.2289453
83.68937,15.485479,21.552532,-1,-1,1,0.056534015,0.0034248135,-0.008329154,2.963942,0.13361642,-0.5472871,97.69994,23.306416,21.986837,0.57085633,-0.96692663,0.20035996,2.3280504,1.668714,2.6319752,0.0,0.0,0.0,1.9839599,1.1765759,-0.7835393,0.021492004,0.12602234,-0.030517578,1,69.77763,-1.4728775
37.19492,13.359429,51.17846,-1,-1,1,-0.20118093,-0.07394097,0.014290128,-13.708407,-1.7734811,0.9943261,94.93892,34.24377,164.20586,1.589418,1.5940036,1.8337284,-2.0494237,-2.0232706,-2.4645064,33.73598,57.562828,0.0,61.583263,57.00874,0.8734222,0.59912825,0.049654245,0.043049812,1,36.243088,-2.687908
186.01749,60.272163,8.765372,1,-1,1,-0.01216448,0.008874933,-0.03698322,-0.98720926,0.6137029,-1.1969236,195.53018,84.33519,25.191456,-0.31846112,0.8662381,1.7171011,1.8397423,-1.411405,-1.5385839,0.0,0.0,15.713762,0.7738312,4.56821,5.835473,0.07035065,-0.017629623,-0.30114746,1,122.74404,-0.8822981
31.875345,9.332111,46.032734,1,1,-1,0.011583215,0.29209068,-0.0010989963,0.78628916,10.582093,-0.07523476,52.11238,11.024512,136.63687,1.0744089,0.5935007,1.7514558,-1.1129415,1.1902764,1.432185,2.3383703,0.0,1.0439624,0.6323756,20.2494,-0.847892,0.08879471,0.1179409,-0.0024795532,2,83.42539,2.3312664
109.88254,8.487438,27.893492,1,1,-1,0.012782018,0.0022659753,-0.01454226,0.7969119,0.09411559,-1.0568128,187.07555,10.232861,46.532913,-1.1250509,-0.6308121,-1.0997849,-1.5879917,2.8855467,0.56526655,0.0,1.9621744,3.1310422,-1.1391828,6.61606,3.076547,0.042251587,-0.13108444,0.0025787354,0,91.25498,1.6228429
107.08282,55.71085,8.453047,1,1,1,-0.014563183,-0.08310629,0.0005755384,-0.89969957,-1.0522248,0.020773018,115.40474,140.09319,19.553297,-0.39173594,-1.57317,-1.4813789,-0.53894615,-1.016116,-0.97047013,0.0,8.488188,21.124115,0.05533734,7.6519094,59.26108,0.063396454,-0.12943125,-0.01224041,5,86.56854,-1.1888783
52.306694,11.195522,9.57494,1,1,-1,-0.027120834,0.9454896,-0.0078258095,-1.274136,27.402487,-0.29074383,262.70044,16.21517,9.575432,-2.2969751,-0.9147291,-0.010139682,-2.192419,-0.30921593,-2.9730606,0.0,15.472589,0.0,-0.32537922,14.249824,2.1744516,0.13272858,-1.1608582,0.06690216,1,43.30657,0.6303836
35.260624,28.834873,13.005501,1,1,-1,0.017584454,-0.032836333,-0.5579504,1.214002,-1.8539623,-20.12541,35.731556,31.445469,22.252438,0.1632553,0.422379,1.1311945,-0.7556377,-2.221643,1.8918803,13.410721,0.0,36.398933,14.740814,0.99511313,27.223833,0.32774806,0.030840874,0.18169022,4,61.29143,-0.023916876
46.677914,10.771227,7.968541,-1,-1,-1,0.14014329,-0.015501617,0.22654496,3.5026581,-0.5574347,2.3821568,47.316715,19.24758,19.236557,-0.16525246,-1.1841413,-1.5285022,-0.48838946,0.97566456,3.0693195,0.0,24.252443,2.9253967,0.80637133,15.61877,-0.84507287,0.045734406,-0.03040886,0.0008831024,4,95.93214,0.10163714
26.532701,7.27039,43.992855,-1,-1,-1,0.16555282,0.1344602,-0.02051148,6.4021726,3.1240752,-1.5370619,47.986088,13.0159855,82.17373,-1.1986132,-1.1863862,-1.2370815,-3.0837862,-3.0794632,1.9733588,14.444958,49.589325,0.0,19.387564,33.039146,-0.6681727,0.083390236,-0.097234726,-0.067661285,2,72.75896,-1.1099243
65.076195,18.228184,10.473078,-1,1,-1,0.015907465,-0.0014722822,-0.019048722,0.9300157,-0.08204089,-0.59059674,86.18,39.175663,14.936608,-0.7850352,1.3990976,-0.8932509,1.269226,-0.8618798,1.4687462,0.0,0.0,53.722633,-0.97294873,0.6606389,0.4619571,-0.040016174,-0.014198303,0.47120667,2,197.12656,2.1008255
15.299877,13.726581,59.206814,-1,-1,1,-0.045620922,-0.05702258,0.0060765794,-1.7963758,-2.4890578,0.49152115,31.284212,17.3861,101.90387,1.3424096,0.7148862,-1.1384712,-2.592026,-0.20228733,-0.75475484,9.914253,20.851591,0.0,13.731104,9.693266,-1.5507045,-0.031537056,-0.3045962,-0.0061736107,1,78.78113,1.29549
45.282497,7.366712,123.87331,-1,-1,1,0.008492356,-0.108670935,-0.013331135,0.28270936,-3.4125695,-1.1207837,64.603096,7.696439,208.47552,0.89372003,-0.29809082,-1.1107501,-0.24020796,2.5026262,-3.0311568,10.9209385,8.594571,0.0,3.1499326,7.9571075,-0.4947292,-0.003036499,-0.26620102,-0.04877472,0,34.9964,0.90922725
35.62811,11.164751,30.467682,-1,1,1,0.013218424,0.21932504,-0.001800189,0.7926225,7.8052273,-0.12707101,37.322254,13.113997,79.48736,0.3071765,0.58263737,1.613141,2.2967207,-2.284658,0.980747,0.0,20.174091,0.0,-0.5689054,12.932335,0.61414176,0.10073471,-0.5302086,-0.06303406,1,52.889626,1.2179102
7.382095,10.908074,15.509947,1,1,-1,-0.119899265,-0.0072978605,0.0035292923,-4.396483,-0.360301,0.20889522,9.2756815,17.618467,65.83848,0.70176625,1.0590026,-2.1246967,-1.6435071,-2.5077937,-0.09285147,49.633575,0.0,0.0,43.851593,-0.16062671,-0.47428504,0.0399065,0.0866766,-0.04289627,1,113.287,1.9568832
13.9351,8.039735,62.930264,1,-1,-1,-0.0707462,0.08369088,0.02780034,-1.1728082,1.1014768,2.1876514,16.296724,9.3988695,216.77684,-0.5742674,-0.57357275,-1.908221,-0.37636238,-0.38281715,1.4955149,8.814143,8.814143,0.0,13.164229,24.112164,0.2812346,0.017505646,-0.00891304,0.11238289,4,60.88243,1.2377958
38.510136,36.924824,31.706802,1,1,-1,0.16251001,-0.003235963,-0.015762832,9.397813,-0.24393243,-1.1961702,53.993763,65.66381,44.49732,-0.8691204,-1.1782894,-0.870472,0.84175485,-1.3133452,-0.29193336,16.882927,0.0,0.0,6.668476,-0.7358908,0.58953536,0.079099655,-0.0058784485,0.030862808,2,57.540134,-2.7866826
20.944378,93.55796,33.80849,1,1,-1,0.0006171911,-0.008142776,0.0011970465,0.037646815,-0.69299483,0.08508407,31.433922,147.78209,34.14964,0.96316445,-1.0304427,0.1419072,-2.900017,0.7788343,2.6363895,13.468241,0.0,0.0,4.522087,-0.37008643,-1.0301744,0.02015376,0.010941863,-0.21503699,1,104.80075,-2.0073519
141.91273,18.687433,8.905067,-1,1,1,-0.020594835,0.01713491,0.14085975,-1.5903136,0.71159667,1.5544466,182.98334,49.439705,43.85262,0.74355143,1.6282502,2.2768888,1.8743876,0.42614335,-2.5762167,0.0,0.0,2.1120358,-1.3183947,0.27815807,0.9145959,-0.013148308,0.056495667,0.1036644,3,72.041405,-1.6259421
41.408802,10.874304,7.259642,1,-1,1,0.007298195,0.21503793,0.14523405,0.5079703,5.3914614,9.894599,75.81089,40.45971,27.455984,-1.2132345,-1.9884824,-2.0054457,-2.038397,1.4819528,1.4587246,0.0,19.945688,19.945688,-0.84134275,37.739132,30.7465,0.055862427,-1.8064766,-0.29990005,4,37.74548,-2.9080186
35.3759,18.130444,7.5622873,-1,1,-1,0.011346002,-0.104774505,0.0046295496,0.49869373,-4.2945833,0.17206563,75.22993,26.339743,7.8089557,1.3871404,0.9189439,0.25472513,2.7334015,0.73292255,-0.2721877,10.360478,0.0,24.869452,12.025974,-0.5509917,33.866913,0.016780853,0.0766871,0.00034546852,4,64.80958,-0.48682877
18.889585,7.756019,7.562691,-1,-1,1,0.045043,-0.060110047,-0.37940654,0.62299895,-1.0894418,-2.333891,71.5909,10.430342,10.10679,2.0076268,0.8082486,-0.7988349,1.6350172,0.7689323,1.939146,1.0162534,9.883556,21.763096,-0.24776056,12.086506,1.1569966,0.14143205,-0.038621902,-0.42048097,4,46.82333,-0.13909884
40.887764,35.97994,7.425436,-1,1,-1,-0.0057773837,-0.023095433,0.15391874,-0.36431473,-0.92293215,3.7431717,67.746086,36.32755,8.404939,1.0912378,-0.13889366,0.5081528,1.9619881,2.7228122,1.0489583,0.0,0.0,3.8510244,1.999876,-0.27223644,33.62639,-0.062187195,0.036735535,-0.03829193,4,88.64758,-2.0485182
26.223722,26.23304,11.455642,-1,-1,1,-0.01687357,0.22524531,0.007256274,-1.1337173,11.880938,0.38872033,26.242607,29.163101,12.779376,-0.037947506,0.4683463,0.47622216,-2.1312582,-0.10652323,-0.7848875,0.0,6.8208456,0.0,1.9596052,3.1319993,0.8237286,-0.0711174,-0.083639145,-0.014707565,0,121.722664,1.7330946
18.174057,8.526983,58.485172,-1,1,1,-0.020020222,0.24398156,0.015690103,-1.0613472,6.7434363,1.2454829,46.956844,23.112043,63.152027,-1.6026335,-1.6543546,-0.396875,2.3736975,0.44807234,-0.33671337,0.0,10.348166,0.0,1.1878914,6.120814,-0.9128038,0.15579224,-0.028654099,-0.08040428,0,79.430984,-2.963746
13.318384,45.094147,22.099632,1,1,-1,0.030275594,0.029291686,0.0062108934,0.05819628,2.1724007,0.4626071,48.901516,55.881546,27.987684,-1.9747283,0.67859423,0.7146573,-2.7627602,-2.5717075,3.094482,13.296312,1.1910162,0.0,22.485626,1.2623278,-0.24933459,-0.5176072,0.03757763,0.011042595,2,153.31013,0.8748306
56.7342,10.881171,9.374437,1,-1,-1,0.0016585019,-0.015881173,0.08720325,0.10870096,-0.85144925,1.5457249,87.49744,12.514686,9.4042225,-0.9992796,-0.5413139,0.07969357,-2.9586093,0.84805274,0.84889996,0.0,0.0,4.6431775,0.01523645,-0.2840265,1.7435029,0.035678864,-0.05578518,-0.05876541,3,62.460777,-1.1469499
14.61151,10.52096,41.205418,1,-1,-1,0.034654297,-0.6174401,0.012488411,1.6469612,-17.133558,0.910775,15.416339,11.071695,42.0404,-0.330404,-0.32216778,0.20096079,1.9244473,1.9657754,2.3974838,0.0,27.833889,0.0,12.125917,14.100518,-0.38303667,-0.0046195984,-0.029720306,-0.010559082,6,25.212353,2.410131
126.45319,17.146843,10.679126,1,1,-1,-0.011818383,-0.43366387,0.023283422,-0.8693084,-9.4417715,1.2327988,175.24745,31.1832,24.862003,-0.8524402,-1.2052447,-1.4884974,2.9090807,1.4605443,1.3016186,0.0,10.002613,0.0,-0.52593666,3.2230992,1.7020582,0.02537918,-0.66047287,0.2677002,1,71.85416,-1.3843412
15.458862,9.80888,103.159325,-1,-1,-1,0.37037477,-0.027396113,0.0026043053,4.7096086,-1.0035489,0.21989599,42.628628,26.522705,424.85443,-1.6728626,-1.6517664,-2.0935428,-2.8819287,-2.7613933,0.47150925,20.893892,30.01126,0.0,20.712301,36.589985,0.23242731,-3.6233768,0.013963699,-0.03055191,2,38.130985,-0.75529313
47.24126,25.904617,11.56035,-1,1,-1,-0.002594582,-0.00066535594,-0.104852624,-0.118584946,-0.04247421,-5.093821,71.35115,33.2205,14.116189,0.97162986,0.7349035,-0.653282,-1.2897483,-2.1482973,-0.8203021,0.0,0.0,80.5859,-0.27179235,0.016656678,53.258156,0.09052658,0.030216217,-0.18561172,1,47.61823,-1.9618409
53.731564,38.627216,8.056713,1,-1,1,-0.0026344424,0.031268056,0.016423915,-0.1955976,2.1887941,0.15440336,55.214878,39.676548,18.955326,0.23443519,-0.23256631,-1.5001537,-1.6535844,2.2007859,1.6486989,0.0,0.0,8.012739,0.37354115,2.2345502,6.085305,-0.06704712,-0.10682678,-0.29771423,1,35.53946,-1.8243189
11.18597,7.007756,66.231415,1,1,-1,-0.031415477,-0.52704686,-0.0028775579,-1.4913253,-2.866162,-0.24775127,13.942972,33.539795,102.62741,-0.68842137,-2.2477653,-1.0054656,2.715764,0.43589905,1.4888976,0.0,4.6329875,0.0,1.1188838,8.927755,-0.8271682,-0.020069122,33.31581,-0.010902405,0,125.30101,-1.636894
37.079685,14.612277,16.37382,1,1,-1,-0.00830366,0.0035672765,-0.034277286,-0.4380363,0.10400609,-1.8574904,84.53259,45.722042,87.35567,-1.4652169,-1.8072938,-2.3585494,2.3196216,-1.5578471,2.4394722,0.0,0.0,0.0,0.12213072,0.19839755,0.1662675,0.008937836,-0.07356644,0.4517212,1,96.10027,2.8237042
56.523808,31.169018,8.068953,-1,1,-1,0.014517914,-0.0008595664,0.08283019,1.0189561,-0.052447263,2.4288645,69.71835,34.220924,15.68452,-0.67063797,0.43899283,-1.283892,-2.2489872,2.09899,0.7503582,0.0,1.1550101,10.156745,2.3736715,0.23857862,8.12181,0.038612366,0.072273254,0.0856514,2,85.713776,0.37248468
60.409622,7.24387,39.260773,-1,1,-1,0.09715637,-0.023384867,-0.011579545,6.6793394,-1.1404831,-0.85625947,174.79051,9.204251,48.310055,-1.7242912,0.7200428,-0.6665455,-1.942385,1.5545887,1.7813395,0.0,1.1169363,0.0,50.97988,1.8505605,3.050446,0.28533745,-0.020492554,-0.03819084,2,104.7943,-0.3851234
62.894844,8.32739,110.18321,1,-1,-1,-0.05143506,0.06002799,0.016699709,-1.6854229,0.7701024,1.341259,78.88438,14.761695,126.26767,-0.6987562,-1.1744446,-0.5339649,2.973612,-1.753526,0.818031,0.0,35.40033,0.0,1.3388025,21.668232,0.18977857,0.03727722,2.3523598,-0.010826111,2,56.43857,2.7657187
15.26355,13.049536,10.53661,1,-1,1,-0.028205574,0.0410133,-0.11138848,-0.81940454,1.898713,-4.5736217,46.029377,22.755253,17.859034,-1.7682607,-1.1544535,-1.1195498,1.0245434,1.7364469,-1.0600139,9.78089,0.0,9.393279,2.039485,-0.937855,4.3265967,-0.02130127,0.1027298,-0.045505524,1,56.605892,0.16284485
142.20766,8.875169,28.003788,1,1,-1,-0.05755261,0.040278845,-0.012587373,-2.1757758,2.8263402,-0.91334593,509.04907,10.759745,139.42459,1.9482957,0.6406655,2.2880895,-1.7025433,0.95229024,-2.9997718,0.0,46.113483,2.880444,-0.30130824,61.425552,0.8204956,-0.007776737,0.034316063,-0.19686604,1,119.95889,-1.3054539
87.973526,18.260212,38.70138,-1,-1,1,-0.006434153,-0.013527477,-0.00478538,-0.36133528,-0.7997867,-0.34123692,198.63344,44.93097,98.601654,1.4544743,1.5494374,1.5874076,0.91844714,-2.4329915,-2.6365433,32.59735,38.91329,0.0,11.859856,5.467609,6.222033,-0.09749985,14.644917,0.07043457,3,68.19426,0.6453629
118.099365,10.763645,9.684469,1,1,1,-0.0063660764,-0.94134593,3.9645796,-0.46726885,-14.972791,31.384624,119.43353,11.055747,9.953567,0.15017177,0.23244736,0.23519684,-2.935086,2.7292936,2.7401361,0.0,13.283385,13.283385,3.6286263,14.925954,18.448025,0.07427025,3.648985,5.5101757,2,66.846375,-3.048004
7.4774666,171.31203,229.58965,-1,-1,1,-0.029687347,0.0033750746,0.0008181132,-1.4547591,0.30077222,0.068850495,7.778451,181.93982,248.65648,0.2827895,0.35044646,0.40477812,-1.224626,-2.9994864,-0.25940272,0.0,0.0,0.0,0.9907733,0.36162934,1.7567304,55.085632,-0.0022239685,0.02501297,3,53.292652,1.5209951
63.431442,32.960636,9.776173,1,1,-1,-0.002182529,0.11676205,-0.008226417,-0.13470668,2.3814147,-0.40307912,66.4563,126.374985,36.4914,-0.30761284,-2.0196295,-1.9918295,1.4131184,-0.9736709,-0.99213123,0.0,1.9693341,62.680492,-0.18799621,26.494,44.195087,-0.04800415,0.76561356,0.09113312,2,157.86378,2.4085383
54.24824,9.690408,44.024704,-1,1,-1,-0.022745412,0.23972501,-0.007865319,-0.74672157,5.9019737,-0.6116537,54.407284,9.719246,51.875195,0.07655442,-0.077128515,0.5886537,0.33023745,1.637154,1.8767303,6.114989,60.79985,0.0,49.23278,77.16722,-0.86971676,0.06385803,0.25709534,0.035812378,2,105.10139,2.9493165
20.101969,71.33481,107.98367,-1,-1,1,-0.06854194,-0.003274405,0.002406197,-2.143355,-0.26262042,0.18554665,21.451004,193.60577,112.43094,0.36434087,-1.655776,-0.28602284,-0.6973313,-2.509789,1.2024179,5.675457,0.0,0.0,-0.1666977,-0.08590208,20.503433,-0.054462433,-0.049999237,-0.1310463,1,39.436874,-1.8164674
23.493195,17.094679,7.7351966,-1,1,-1,-0.013909457,-0.02149867,0.050456673,-0.71362334,-0.68340325,2.1601584,25.231237,33.57191,7.9222636,-0.38232464,-1.2958487,0.21948564,3.0489328,-1.5200163,-2.1545317,5.349545,0.0,1.0614712,13.206147,-0.5060805,2.90866,-0.04720497,-0.011225104,-0.17120218,1,54.9797,0.0074946242
61.138638,26.22988,18.13175,-1,1,1,-0.014434634,0.00043937896,-0.15819192,-1.1201354,0.020778066,-6.123218,72.08034,26.403759,19.692139,-0.589692,-0.11508074,-0.41195044,1.1742015,0.3370895,-2.2474325,0.0,5.568819,6.7623467,0.04523767,10.463317,20.036022,0.026550293,-0.037956238,-0.11384201,1,34.483692,-1.0874155
46.94189,14.52194,63.390583,1,1,-1,-0.016119115,0.18406938,0.023248179,-0.93409693,8.00983,1.837087,47.70357,14.873943,67.68708,0.1799018,0.21973667,-0.36612788,0.1637616,2.9808166,-1.5045655,0.0,11.8907175,0.0,2.0934896,7.1559925,-0.55495256,0.07556343,-0.25218964,-0.24446487,4,73.23274,-0.11384529
95.184875,75.879524,44.75487,1,-1,-1,-0.029163036,-0.027860435,0.015205639,-1.0830469,-1.0054443,1.3033859,282.77963,76.3996,44.987366,-1.752383,-0.117014155,0.101858415,-0.57083297,2.6584802,-2.555001,0.0,34.263134,0.0,0.31520763,21.538202,-0.4224374,0.015907288,0.018592834,0.080848694,1,37.29146,-1.4242244
30.721025,12.91407,22.821884,-1,1,1,-0.012528869,-0.069042556,-0.010963477,-0.8140378,-2.8704813,-0.7389685,37.465897,15.152325,59.81598,-0.65108824,0.58057165,1.6181418,-1.3592765,0.66608095,-0.18357833,0.0,5.6379323,0.0,0.98007363,4.9401493,2.024671,0.136055,0.26750946,-0.09089661,2,42.627876,-2.6337187
64.8633,39.7719,94.210785,-1,1,-1,0.13676408,0.0049638427,0.00011777416,8.545815,0.36779392,0.0099387355,101.79861,103.03482,97.193146,1.0221013,1.6055306,0.2509585,1.1581124,1.6259896,-1.608179,0.0,0.0,0.0,5.013128,0.70934993,-0.71552646,0.23711395,0.0072021484,-0.013343811,0,42.498123,3.0411348
13.92176,61.0396,147.54773,-1,-1,1,0.06968972,0.021052102,0.00625215,1.5641276,1.7346159,0.21392956,45.26511,72.11274,480.0629,-1.8476964,0.5935887,-1.848413,0.4380998,-2.5284553,0.4411046,0.0,0.0,9.774079,2.1336954,-0.36766157,0.97632647,-0.04211235,0.097444534,0.21526718,5,73.17955,1.0899903
80.43797,21.687721,11.381584,-1,1,-1,0.005727198,-0.026237812,0.11297759,0.37243238,-1.0919647,2.3767064,172.05205,26.892014,21.400013,1.3936982,-0.67961496,1.2448704,3.1030447,1.407809,0.7434623,0.0,0.0,13.912568,4.8997803,-0.02098877,4.325757,0.11343956,-0.09778786,0.011069775,2,56.551907,3.1065276
41.638638,32.393757,16.865694,-1,-1,1,0.0184879,0.14384638,-0.028881814,1.178967,9.045385,-1.1249157,41.65831,48.557735,34.015526,-0.03073835,0.9615147,1.3266305,-0.51202387,-0.24616185,0.6724432,3.5066788,17.441275,0.0,5.884663,5.854856,-1.5252507,-0.046474934,0.2729869,-0.0558424,3,122.23508,2.5850794
50.490623,7.435736,7.463801,-1,-1,-1,-0.008616685,0.39389047,-0.007133002,-0.6261572,12.352503,-0.20948161,66.62944,7.674955,22.203674,-0.7796525,-0.25298387,-1.7538124,2.7821212,3.0036154,-0.87683636,0.0,62.286938,0.0,0.86134017,127.78154,12.957695,0.001405716,0.601984,0.01730156,1,61.681664,-2.5330844
69.578865,27.630985,45.577347,1,-1,1,0.29930583,-0.020124445,0.0029549228,15.602122,-1.0589398,0.21831691,115.6892,37.273308,142.66359,-1.0956362,0.8128609,-1.8076735,-0.9994788,-2.5735323,-1.0619563,11.938532,26.31012,0.0,53.894432,46.303905,-0.5108433,-0.018257141,-0.09977722,-0.036621094,4,176.2993,-1.2834102
115.86595,114.43709,15.43198,-1,1,-1,0.011363203,1.0500356e-05,-0.07459558,0.50016254,0.00068595505,-3.2061605,116.68426,275.7083,17.64774,0.118778974,-1.5263122,-0.5296643,-0.5285363,2.2844422,-3.008277,0.0,0.0,21.316679,0.7951515,1.0593257,4.469841,-0.091674805,-0.035606384,-0.4002838,4,33.145573,0.11648368
18.82799,94.149796,70.36968,1,1,-1,-0.035191413,0.0047294097,-0.015766215,-0.36047772,0.39376152,-1.1824679,86.88916,100.52239,351.19733,2.210485,-0.36588264,-2.2905412,-1.4400713,2.5216427,0.23945235,5.0016565,0.0,0.0,9.061908,-0.07550928,1.0659308,0.016376495,-0.014480591,-0.28024292,3,26.275225,0.8953526
56.41631,48.054047,7.4979525,1,-1,-1,-0.080184065,0.0269752,-0.12483517,-1.8503562,1.2583524,-2.5626137,80.227196,49.657627,10.590675,-0.8891737,0.2576291,-0.87963355,3.0855255,-2.263918,3.0844302,8.470729,0.0,42.299168,51.279427,-0.8008352,72.23318,-0.091038436,0.0057243705,-0.41720065,4,94.19787,-2.8706126
20.57054,17.131332,12.916307,-1,1,-1,0.07410513,0.0016133874,-0.002153341,3.4330213,0.08542536,-0.005490568,90.52938,29.628002,56.206207,-2.1617966,-1.1443838,-2.150212,-1.4705282,-0.8904429,-1.3890926,7.4401035,0.0,26.83356,11.659386,1.8085116,18.82224,0.176857,0.034202576,1.5573349,0,113.26281,-3.0419967
25.956127,22.809273,19.180462,1,-1,-1,-0.012932285,-0.03752008,-0.17905147,-0.597314,-2.0720615,-5.9146614,91.36724,30.774271,19.264076,-1.9308108,-0.8131174,-0.09334098,-1.6348625,2.8787665,-2.0064688,0.0,0.0,31.097279,7.838487,2.5318217,29.660358,0.06577206,-69.191536,0.37300873,2,24.891846,2.6370392
55.25858,10.129602,19.348001,1,1,-1,0.006959835,-0.0036120494,-0.041139655,0.33633527,-0.11944163,-2.327696,95.21031,28.138893,101.74878,-1.1397879,-1.680742,2.3438995,-2.4188852,-1.2873447,-3.1044805,9.205528,0.0,0.0,24.843637,0.10333307,-0.3875209,-0.02182293,0.8577671,0.24442291,2,37.042442,-1.6228857
87.50715,17.930662,8.6731415,-1,1,-1,-0.008482159,0.17784625,0.00792245,-0.5695152,10.009711,0.2807898,331.68457,31.004675,15.227111,2.0077374,1.1441569,1.1627439,1.7711624,1.6420829,1.688152,0.0,6.6666746,20.836824,-0.3324387,9.407946,19.619774,0.099983215,0.10209274,-0.11067581,4,73.17619,3.036994
49.359066,17.128124,32.266087,-1,-1,-1,0.011516565,0.17598219,-0.18752731,0.7458162,2.4421356,-6.456127,73.853615,32.110073,75.54986,-0.95906395,1.2413884,1.4948446,1.7979603,0.44367692,-1.5486841,22.674587,2.853969,12.196087,67.990204,-0.3664185,16.891262,0.034267426,0.04576111,0.23026085,5,232.04933,-1.2111745
28.16616,14.278504,14.753752,-1,1,-1,0.12820335,-0.0039610662,-0.026497638,4.2813125,-0.17130882,-1.4428773,87.8327,23.858486,23.6825,-1.8036988,1.1018089,-1.0511082,0.54598105,-0.77222586,-0.30527923,16.645964,0.0,0.0,10.947539,1.7895801,-0.81987435,-0.05921173,0.00089263916,0.009216309,2,48.725876,-1.6724344
131.8288,9.4647455,87.039825,-1,1,1,0.016314676,-0.02919547,0.0030028978,1.178911,-1.2388263,0.24748006,167.21022,9.58294,158.8838,-0.7171824,0.15787326,1.2097208,1.9306519,-0.5021206,-0.5004633,0.0,7.187511,0.0,3.2055485,2.3070948,2.4051137,0.080010414,0.08868885,0.028812408,3,91.764114,-2.7025478
62.84774,9.974375,167.53786,1,-1,-1,-0.019557118,0.01796338,0.010556858,-0.271118,0.3743526,0.90559417,252.84174,23.590706,394.8456,2.069379,1.505955,1.5020382,-1.4075783,0.62983495,0.13690186,0.0,86.984436,0.0,0.9911905,86.51865,-0.8794107,-0.07637787,-0.042129517,-0.06661224,4,12.97365,0.7059437
35.734287,9.410416,27.801388,-1,1,1,0.020781644,0.13120724,0.00043563033,0.8022214,3.099554,0.029176144,170.26915,13.299887,34.574905,-2.2432191,0.8804749,-0.684598,0.73320323,1.4492917,-1.9363947,0.0,4.757054,0.0,1.3570044,12.000954,-0.7889665,0.0013923645,0.08411503,0.017436981,4,102.41094,1.9525132
117.144394,17.119904,9.802546,-1,1,-1,0.0031548962,0.0061034253,-0.06473123,0.23572665,0.31449217,-1.784473,179.30392,20.278498,48.39544,-0.98932517,-0.59847903,-2.2794924,1.6524671,3.0977297,-0.24701825,0.0,0.0,9.988726,1.736278,0.9766996,19.04795,-0.004447937,-0.071746826,-0.12936401,3,136.75818,-1.5793276
36.98686,78.01233,24.52939,1,1,-1,0.06969054,0.0005013354,0.023173818,4.1803417,0.041997753,1.7075567,59.270096,126.60484,36.81363,-1.0489379,1.0650771,0.96313035,-3.0672998,-0.42101192,-0.89737535,27.696245,0.0,0.0,18.46728,-0.02984674,5.013813,-0.1499176,0.03337097,-0.0034332275,1,134.6491,2.3367822
11.875497,34.62601,30.96169,-1,1,-1,0.36103854,-0.014554548,0.015471077,10.112775,-0.9682764,0.9345695,17.696707,80.17757,35.59245,0.9535941,1.4825107,0.5403203,3.0434456,2.5617754,-0.51738834,122.20062,3.1629326,0.0,66.864494,0.46609294,2.3661003,1.4899445,-0.05432892,0.07663727,3,24.105293,-1.6068168
68.44763,19.238129,14.878365,-1,-1,1,0.011783493,0.24683306,0.0192126,0.7473338,15.461878,0.8795091,68.802025,19.247406,16.13227,0.10171606,0.031054676,-0.40772358,-1.9985865,0.622636,2.171885,0.0,5.5725374,0.0,-0.053372253,3.754059,0.4697417,-0.050934076,-0.120613456,-0.05761254,2,19.47908,1.0731279
37.649967,109.086174,40.02231,-1,-1,1,-0.04400711,0.013963648,-0.006138341,-1.9672595,1.1577779,-0.4730421,52.957558,267.32663,51.406948,-0.8736948,1.5449815,-0.73743725,1.3489187,-1.4938352,1.8731499,33.72716,0.0,0.0,32.036556,0.7022843,1.8731319,0.032100677,0.02990532,-0.015367508,3,63.680832,-0.8477616
27.175806,9.433627,17.809088,1,1,-1,0.01881416,0.14644556,0.022346174,1.0487196,5.4725747,1.4030061,75.1252,35.70583,25.162481,1.675529,2.0062542,0.8800475,-0.8242161,1.0246912,-0.07547365,1.1745127,44.50376,0.0,3.4374979,10.571789,-0.56179523,0.053077698,0.056419373,0.03792572,0,57.702408,-2.7967374
89.47717,104.17438,11.906668,1,-1,1,-0.0009975386,0.03141394,-0.074384265,-0.06388592,1.0243872,-2.3548567,151.46281,231.74942,60.224743,-1.1179428,-1.437898,-2.3042138,0.8563386,0.5846927,2.8429415,0.0,0.0,1.3011183,0.44127893,-1.3001548,0.006173538,0.04576111,0.0037975311,-0.16231728,3,110.34107,0.31874394
38.686516,25.989388,122.82312,1,1,-1,-0.005539359,-0.005539359,0.0066717467,-0.25309178,-0.25309178,0.54871666,116.573364,78.31334,181.20107,1.7674313,1.7674313,0.93999636,2.7838387,2.7838387,2.8274355,14.832104,22.70829,0.0,29.738503,38.375183,1.1757168,-0.17899513,-0.17899513,-0.040664673,3,143.96243,-0.43775898
23.854908,8.839384,8.624726,1,1,1,0.012490186,0.17403309,0.21257319,0.71346915,3.7278786,11.826305,28.124174,13.440568,13.290316,0.5896961,-0.9805664,-0.9981891,-1.3077947,0.6066235,0.59299237,18.373909,0.0,1.037652,0.7586969,11.706461,15.684772,-0.007827282,0.11224222,0.4799366,4,101.55971,2.55014
25.232672,48.528297,36.23437,-1,-1,1,-0.01683099,-0.013443226,-0.013966859,-0.71580356,-1.0136802,-1.0028598,55.386787,117.62959,65.83541,-1.4228835,-1.5329853,-1.2041466,2.7437465,1.4465971,1.3946689,30.111399,0.0,1.075214,9.483027,2.503071,3.2086308,-0.012720108,-0.091264725,0.019517899,2,112.595764,-0.46617478
21.866827,68.50382,60.49752,1,1,-1,-0.048734955,-0.007157887,-0.006662359,-1.4730161,-0.58134055,-0.53132325,31.61504,75.763626,68.07069,-0.91227883,-0.45640972,-0.4952821,2.3311496,-2.6153653,0.08662456,5.8741484,0.0,0.0,5.8450727,-0.6858783,0.2934242,0.015182495,0.011066437,-0.006641388,1,27.6092,1.8718258
27.591375,7.014722,46.516804,-1,-1,-1,-0.023844868,0.033020798,0.010834098,-1.4106264,1.2083666,0.78107,49.84745,7.5051284,103.92925,-1.1973299,-0.37178314,1.4427155,2.1210456,-1.4715967,1.9702529,1.3779966,2.8779376,0.0,1.1189026,9.780606,-1.1478695,0.004303932,-0.14330769,-0.019118309,4,43.828133,-0.43992785
11.939833,8.844903,27.339336,1,-1,1,-0.03686965,0.021030728,0.004353607,-0.94855034,0.8214677,0.32570228,40.124973,15.9657135,28.229258,-1.8823562,1.1962947,0.25443548,1.9944303,-0.38468623,-2.6686182,5.9708586,5.299833,0.0,0.6385213,1.4483147,-0.6370234,-3.9667358,-0.007633209,0.027877808,1,112.03115,-0.5650724
31.194529,8.84964,8.069575,1,1,-1,0.013326049,-0.7089333,0.0073433407,0.75709736,-15.977915,0.1663733,60.070618,12.70857,35.168697,1.2729436,0.9028861,-2.1517727,1.373114,2.5837831,1.4469074,1.317741,1.9702408,0.0,-0.8498473,11.8873625,0.18654968,0.03198576,0.20652199,-0.19157362,0,60.231583,-2.7945168
7.903118,54.129063,63.709785,-1,-1,1,0.1873724,-0.01007845,-0.012740086,5.023523,-0.7327189,-0.9644803,24.20181,91.86146,69.11604,1.7845244,-1.1211048,-0.4091031,1.2419565,0.17527747,-1.3871357,4.5926533,0.0,0.0,-0.09480783,0.27059028,0.473884,0.29384232,-0.0023841858,-0.040779114,1,108.50788,2.4861875
7.4923296,83.40013,28.835802,-1,1,-1,0.038028453,-0.008031447,-0.013197399,1.7116283,-0.58087176,-0.8968427,9.498507,84.636665,31.518688,0.71638066,-0.1719839,-0.42807972,0.89271307,-0.6262747,-0.97561413,15.07117,0.0,0.0,16.291412,-0.9770403,0.8422473,-0.21540833,0.07962799,0.10718155,1,122.826965,2.8378246
35.211823,11.40308,9.126626,1,1,-1,0.015441676,-0.008428441,0.022757191,0.55221665,-0.041485816,0.9028734,103.78188,14.288268,11.399508,-1.7439494,-0.6971582,-0.69186395,1.6229545,-0.80010116,-0.2921248,1.1156055,18.381409,0.0,-0.47452423,11.54597,3.07849,0.07978034,-0.31340146,-0.05698347,0,9.183338,2.9231339
120.385475,71.56315,28.887823,-1,1,1,-0.0006079596,-0.02024223,0.113209024,-0.04175506,-1.4131985,7.3721166,120.50354,71.63422,28.98605,0.044284698,0.044563808,0.08244285,-1.6106908,1.8283414,-0.32850647,0.0,0.0,24.656239,1.6446326,0.68155605,26.263985,-0.03004837,-0.03495407,0.0043411255,2,55.886505,0.602964
16.40299,40.971497,37.67432,-1,-1,1,0.6210945,0.01875082,0.00620381,15.824142,1.3211778,0.489603,25.45934,93.89885,53.471523,1.0076497,1.4710808,0.88644856,-0.6360982,-2.4982407,-1.2311985,18.341114,0.0,0.0,20.70508,0.18524781,0.43979198,0.6871033,-0.05445862,-0.083969116,1,86.07184,0.30139986
10.238199,39.424377,71.07334,1,-1,1,-0.17592824,0.009781321,-0.022820922,-7.895708,0.76750714,-1.9026968,12.370536,55.877007,96.98006,0.63469607,-0.8844719,0.82980824,2.7546816,-2.984182,0.83486825,8.451643,0.0,0.0,6.590201,-1.0794495,-0.67921567,0.37420654,-0.028560638,-0.002658844,3,13.84905,1.656055
107.90413,18.049196,9.798283,-1,1,-1,0.01296441,-0.00060594565,-0.028115323,0.7555986,-0.036366183,-1.3082731,184.69666,18.061865,9.805265,-1.1316781,-0.037466865,-0.03775222,2.090788,-1.7025388,-0.22962908,0.0,18.860382,8.812269,-1.2790852,11.106927,4.4435854,0.013265133,0.07579517,-0.28555584,4,70.1528,2.3073673
20.247644,9.816306,47.577316,-1,1,-1,0.005160704,0.0132049015,-0.021639166,0.25932088,0.74218255,-1.8251148,21.061796,9.971241,52.439342,0.28264132,0.17743817,0.44831985,2.841258,-1.1165817,-1.5694261,11.988899,91.65914,0.0,1.85324,104.43347,1.9885855,-0.45189857,-0.048070908,0.022678375,2,78.55853,-2.383885
11.188104,11.545993,52.197792,1,-1,-1,0.015466314,0.1748186,0.005844245,0.82031745,3.9048927,0.46506462,14.718437,38.974,67.47404,-0.77487785,-1.8870032,-0.74753374,-1.7631425,2.622089,0.54692173,5.3147593,1.9322327,0.0,5.1558967,5.6825166,-0.025613526,0.06397247,-0.03388214,-0.02745819,0,127.485855,2.5285015
15.320016,9.600267,27.49279,1,1,-1,-0.04819525,-0.14371446,-0.014503122,-1.1120852,-0.48659706,-0.98244154,15.839258,35.473373,102.67584,0.25962794,1.9813036,-1.9923733,2.1749709,0.982036,1.8755827,0.0,21.19001,0.0,1.4595336,13.58139,2.7896264,-0.16963291,-12.2472315,0.067887306,2,236.94751,0.08263891
7.0469904,56.783115,38.024517,-1,-1,1,0.259052,0.0016497535,0.001372279,1.4770914,0.12545612,0.10179619,21.710258,57.724384,42.768257,1.7908852,-0.18182005,0.49445033,-0.56844527,2.91191,2.3766491,0.0,0.0,0.0,2.164276,-1.2587991,-1.6018819,-28.066223,-0.020591736,0.035518646,3,112.86556,-1.4604023
60.542416,14.1362,12.677006,-1,1,-1,0.00883169,0.16048369,0.18987009,0.4898711,8.293102,8.700535,63.57647,14.136227,12.678595,-0.31528237,-0.001919672,-0.015833965,-1.4366913,1.1777221,-0.92962396,0.0,6.1463118,23.289091,-0.6154978,16.717312,7.169841,-0.007789612,0.29768372,0.8000374,1,22.940754,1.6973153
19.38423,13.52581,14.5689,1,1,-1,-0.005201578,0.021849852,0.01378613,-0.14163864,0.9036154,0.91314447,66.9479,73.06348,20.304201,1.910952,2.371196,-0.86050206,2.3253953,0.85977,-0.5017074,0.0,10.67445,0.0,-0.36808807,10.039395,-0.82903504,-0.090688705,0.21223831,0.016456604,4,112.738655,-2.3290427
14.747686,163.38763,148.55424,1,1,-1,-0.0019864687,-0.0155132795,0.0062109255,-0.06794686,-1.3415629,0.5305061,20.136843,323.81216,434.55658,0.8307962,1.3064234,1.7359369,2.9470692,-0.6025022,2.8117347,5.713574,0.0,0.0,21.881824,2.7735562,-0.5659818,-0.11378574,0.033382416,-0.07713032,1,22.622372,-1.2163745
78.31585,27.301212,16.219685,1,-1,-1,-0.021416534,-0.013085945,-0.00807136,-1.4905149,-0.687232,-0.40299067,116.660065,58.652287,18.44127,0.9530719,1.3986554,0.51755834,1.6582539,-0.2119471,1.8400978,0.0,4.662899,1.788021,2.248088,1.802006,1.1786345,0.011619568,-0.018455505,-0.05255127,1,76.867424,-2.847531
64.12971,36.725956,34.859657,-1,1,1,0.009332742,-0.0050661406,0.003486031,0.48561215,-0.29645398,0.1324449,74.44579,70.32305,116.91552,-0.5598678,-1.266311,1.8802638,1.574648,2.480666,-1.3059682,0.0,11.074662,0.0,1.2103645,10.021668,0.4956402,-0.07533646,-0.019791603,-0.08595848,2,65.075325,-0.91413915
44.118103,13.130262,71.0267,1,1,1,-0.11630388,0.023073537,0.018101113,-4.7708106,1.2424893,1.4914302,44.47862,29.36642,115.461205,-0.12775417,1.4438739,1.0672023,-2.8176217,0.26480424,0.3970032,23.994074,52.692444,0.0,51.442783,28.127386,3.0007179,0.12817764,-0.04880905,0.018089294,1,29.87147,2.2098603
7.9978447,18.042057,37.448456,1,1,-1,0.18226708,0.014230925,0.0002936591,9.013529,0.881745,0.018909099,8.92883,46.234245,41.109123,0.47794107,-1.5937109,-0.4386257,2.2315521,-2.9805884,0.6709675,33.81015,0.0,0.0,0.5437113,-0.24114947,0.5087002,0.13447309,-0.035730362,0.019679785,1,132.06032,-1.0864552
90.03425,19.47568,7.2730937,-1,1,-1,0.0038092288,-0.0052721687,-0.014656716,0.12966909,-0.22897069,-0.4194564,90.932724,40.80273,43.224506,0.14115755,-1.3701802,2.4682186,-1.8241639,1.9764819,0.671837,0.0,8.792002,0.0,0.7454383,1.9538602,4.2978373,-0.14535469,0.78458154,-0.1408512,2,33.704494,-3.0472693
10.973415,25.348513,9.70183,-1,-1,1,0.024347063,0.0159194,-0.03898884,1.1351297,1.0556141,-1.9016062,15.30283,57.95845,43.269783,-0.8614164,1.4684837,-2.175472,1.4270622,0.55717593,2.0233984,13.437142,1.4261992,0.0,-0.32827663,0.6061317,-0.32042843,0.2620163,0.03792572,-0.018218994,0,55.26927,-1.9565965
70.3977,16.928295,7.827107,-1,1,-1,-0.0063710017,-0.029250009,3.2026045,-0.41220525,-0.74551964,9.68387,225.90747,54.96623,25.646608,1.8339001,1.8462765,1.8558221,0.76406544,-1.2876993,-1.303571,0.0,13.817433,30.83178,-0.10939844,25.01471,21.350332,0.10028458,-0.10450363,-19.148499,2,47.2481,-2.7786748
61.447315,51.731827,7.0924067,1,-1,1,-0.025288947,-0.01947615,0.2948629,-1.5049314,-1.3442643,9.284832,105.47211,200.7062,20.027275,-1.1351191,-2.0318778,-1.6982776,-0.07923709,0.15398617,1.3564674,0.0,0.0,4.3104057,1.419884,0.14933728,12.339867,-0.10797739,-0.030575752,-0.54333544,3,45.173355,-0.5330994
15.076206,40.66067,92.29486,-1,1,-1,-0.08955506,0.003229858,0.004468232,-4.0812087,0.20513098,0.35225013,23.564323,40.824707,343.07526,-1.0167762,0.0897568,-1.9875035,1.7025557,-1.5430152,0.9949277,2.7812195,0.0,0.0,0.734265,-0.06690759,0.29617956,0.3734398,0.060562134,-0.038215637,2,96.95303,2.9063056
72.42905,27.436731,10.0777445,1,-1,1,-0.030535018,0.03743437,-0.015406004,-0.5165325,2.1368928,-0.37565327,219.10674,31.500988,16.813665,1.7715877,-0.53779685,1.099908,-0.9879038,1.3588082,2.488008,0.0,1.4757841,26.427378,1.6792707,0.08812536,1.6449058,-0.15515518,0.05692005,-0.42080116,3,27.36354,1.9102695
74.84472,37.21906,125.343254,-1,-1,1,-0.018434847,-0.0101752505,0.014069434,-0.8839997,-0.59810513,1.1958412,87.5891,41.51984,296.79938,-0.5755926,0.47622246,1.5072423,1.4115671,-1.5693921,-2.68364,0.0,11.050674,2.178836,2.6172369,1.895372,0.13253686,0.06098175,-0.037719727,0.04561615,2,57.328003,-1.7746861
20.307375,14.886504,7.295304,1,1,-1,0.0004001954,-0.016623897,0.08549647,0.026226757,-0.3941642,4.277416,20.830763,29.62574,7.370851,-0.22655395,1.3112274,-0.14379019,-1.174324,1.0380218,1.9601982,0.0,6.7916455,16.287712,2.4004126,2.797073,8.7335205,-0.18052292,-0.052253723,0.025452614,3,128.01956,0.31542245
15.791243,13.861747,48.89934,1,1,-1,-0.0143938875,0.016596857,0.00864832,-0.6915868,0.6663062,0.68676764,17.793333,59.547943,73.51444,-0.49838305,2.136965,0.96544206,2.398979,-1.5468515,-1.6913167,0.0,22.771725,0.0,0.5349737,37.65357,-0.283496,-0.033909082,-0.50068474,-0.028373718,2,169.79852,1.8426985
60.704624,7.5256457,60.456432,-1,1,1,0.031469155,0.015872099,-0.009675555,1.932945,0.61926067,-0.7689989,94.718735,15.948481,88.51024,-1.0145315,1.383205,-0.92953336,-1.1823394,0.63492423,2.50761,0.0,3.129135,0.0,-0.3462005,0.76054615,-0.10196234,-0.0077848434,0.01776886,-0.07022667,1,90.70844,-1.2954684
12.018837,15.166238,25.143156,1,-1,1,0.063793115,0.03979322,-0.0272626,3.1723635,2.6631513,-2.0531504,17.67903,16.733759,37.62859,-0.9359682,-0.45078096,-0.9593476,-0.12060499,-0.34742764,1.9067647,4.011996,0.0,0.0,4.1632676,3.1182597,4.441912,-0.08620453,0.050582886,-0.0031814575,2,99.636505,-3.0841153
78.179276,25.821182,11.7257805,1,1,1,-0.09473644,0.00037505437,0.105138145,-5.3515906,0.023559894,2.3757648,445.31033,35.63139,57.641567,-2.425118,-0.8462222,-2.2750914,2.0415494,-2.5033402,-2.9139576,0.0,1.1562966,20.087286,-0.82988024,1.2485636,3.0115087,-0.12688828,-0.06324768,-3.4441261,2,24.05148,2.6607168
37.02585,13.616181,110.818924,-1,1,1,-0.015463984,-0.0042715897,-0.033315327,-0.995233,-0.2435802,-2.6188629,43.100975,14.44143,114.08205,-0.56529224,0.3464258,-0.24208145,-2.5251758,0.12864628,2.9069214,0.0,15.3478565,0.0,3.376959,8.386976,0.58012253,-0.03720379,-0.1219244,0.08137703,2,129.28488,-0.5261515
13.546551,35.04699,39.236053,-1,-1,1,0.13007067,0.013690459,0.0019080064,8.493902,0.56450754,0.14262132,15.709515,82.89216,42.554333,-0.5578388,1.505974,0.40841883,-1.3858888,2.428472,-1.1665279,7.499274,0.0,1.0881842,30.08051,-0.76251817,-0.8681842,0.13531876,-0.03763771,0.051597595,3,76.34436,1.8367904
30.009518,16.572153,24.269114,1,-1,-1,0.08201443,-0.036025368,0.037025046,4.7492743,-1.0522952,2.0216074,52.122543,28.848997,89.85257,-1.1496143,-1.1523874,-1.9833536,-1.8644111,-1.8322315,2.438747,10.89968,18.590195,1.0312988,23.147644,38.259483,-0.2991074,-0.06259537,-0.17687225,0.0012512207,1,20.178253,0.5593468
16.43322,8.401165,41.780754,-1,-1,-1,0.7627061,0.7627061,-0.021248013,30.277666,30.277666,-1.5420475,23.512655,12.020388,107.46568,0.89776933,0.89776933,1.5977527,0.37023193,0.37023193,-2.953707,3.322115,3.322115,0.0,14.838337,16.85708,1.029282,1.228466,1.228466,-0.008804321,1,142.47447,0.0046829167
30.729523,24.46699,10.105964,-1,1,1,-0.002719182,-0.04581917,0.041081678,-0.13357013,-1.7849296,1.703245,79.20196,89.53741,11.532258,1.5999686,1.9712656,0.5252307,2.7857914,0.15938292,2.60023,0.0,19.156305,6.4776,-0.397448,8.14382,2.6130698,0.07603073,0.08256531,-0.021409988,4,98.37742,1.1570029
9.052733,7.9751334,7.3427505,-1,1,-1,-0.022569017,0.034760963,0.19426233,-0.9748927,0.75192356,6.0913615,16.232786,42.499462,7.4113955,1.1883122,2.3573883,-0.13663207,2.0767202,-0.38836727,-2.45459,0.0,0.0,1.590616,-0.38939813,0.2397548,0.6294501,0.02684474,-0.19540775,0.14960265,2,149.82079,0.7396058
33.37741,68.32263,72.203186,1,-1,1,0.0046326625,0.00092139473,-0.0036705872,0.35351253,0.07452972,-0.31497386,33.43088,168.6097,82.81815,0.056596383,1.552657,-0.53581136,-1.1784406,0.42054528,2.816222,30.072622,0.0,0.0,6.537345,3.8020203,-0.52478063,-0.17624664,0.004119873,-0.07368851,0,35.957672,-1.5398653
37.59418,25.920065,51.548775,-1,-1,1,0.040180963,-0.0653311,-0.015417408,1.320307,-4.3203034,-1.0695947,97.205284,27.191885,227.71489,-1.6034381,0.31199652,2.1656482,2.7219443,1.8568634,1.1455528,0.0,10.990789,0.0,-0.80691296,17.275639,-0.21033636,-0.05913925,0.023768425,0.005783081,1,67.16374,-0.027850522
66.98239,14.081458,63.616817,1,-1,-1,0.009404044,-0.009346693,-0.012294672,0.6734478,-0.101053454,-0.9732394,70.87247,61.118587,180.49951,-0.3391828,-2.1475616,-1.7033868,-0.601592,-0.36265287,2.824662,0.0,15.942713,0.0,4.327332,14.359892,-0.82980853,0.07168198,32.76042,0.052318573,1,39.192265,-1.2151369
14.288394,11.162753,207.57487,1,1,-1,0.3540901,0.025952512,-0.0094101615,13.119227,1.1317501,-0.7659389,15.161485,13.339145,209.78375,-0.34782925,-0.6147255,0.14575624,2.519062,0.34279844,-1.606155,23.630959,4.312275,0.0,16.569872,2.0587037,2.5765526,-0.18405914,0.103199005,0.04712677,3,59.723885,0.42965734
55.244637,38.789974,21.539143,-1,1,1,-0.008555508,-0.0031335473,0.11694531,-0.411261,-0.18708102,3.8058083,76.66011,39.985725,52.885754,0.8542928,0.247666,1.5470941,2.208097,1.0541656,-0.26382127,0.0,0.0,42.162613,3.3506935,1.2374047,27.72508,-0.08089256,-0.024377823,-1.3503284,1,64.30511,2.7007577
52.86872,15.595866,32.70837,-1,1,1,0.012548236,-0.05070872,-0.011740874,0.87927866,-1.3254572,-0.85231817,59.132526,71.22124,38.48634,-0.48209986,-2.199723,-0.5859657,3.0758538,0.31361687,-1.3072968,0.0,4.411041,0.0,3.630239,15.445001,-0.69161314,-0.04966736,0.7137146,0.050136566,1,18.627579,0.11982064
91.46863,47.308697,13.400231,-1,1,1,-0.014197152,0.028431209,0.057417054,-1.0519564,1.7765872,2.5013943,94.88439,60.205692,37.64868,-0.27244622,0.7225729,-1.6928817,2.9059107,0.19867642,1.8608266,0.0,0.0,12.468018,-0.6684507,-0.574682,26.35799,0.027357101,-0.044038773,-0.0019702911,3,22.52781,2.5872073
7.0483303,47.194576,7.8838644,1,1,-1,-0.074915275,0.025713382,0.056455016,-1.7340615,1.9510883,2.8674183,12.487195,61.678825,9.006547,1.173751,0.7646897,0.5273907,-2.3037798,-0.037522845,0.7174327,9.31402,3.5211632,0.0,6.9760504,3.4665098,1.7510103,0.6659758,0.092730045,-0.04296446,3,60.90661,-2.533437
33.56461,12.723756,24.690197,1,1,-1,0.03841057,-0.004229061,0.025941186,1.3555406,-0.1492009,1.665376,149.89601,36.71295,123.187706,-2.1768394,-1.721327,-2.2902522,0.13318439,-2.5772595,0.9655455,0.0,23.780727,0.0,0.6809818,5.661708,0.96756244,-0.042255834,0.06875898,0.027008332,1,75.088356,2.4236786
61.216686,32.407917,13.752888,1,-1,-1,-0.012289892,0.0027273518,-0.018846115,-0.75997716,0.15875435,-0.67420787,274.78525,91.59438,35.300404,2.182072,1.6992366,-1.5954841,-0.27840605,-0.6527379,-0.93703425,0.0,0.0,6.8787403,3.911065,-0.22240844,1.261534,-0.0032701492,-0.0493927,-0.031020641,1,40.511578,2.506588
96.2756,9.4202795,34.307243,-1,1,-1,-0.03573868,0.029555937,0.00733111,-1.6608533,1.3008072,0.5096538,279.62582,19.260202,53.17544,-1.7283373,-1.3423034,-1.0058433,-2.3241384,0.4604496,-1.1078323,0.0,0.0,0.0,106.2297,-0.3935042,-0.6096167,-0.95999897,-0.08085239,-0.016301394,4,128.69464,1.6208057
52.398136,34.220253,12.980287,-1,-1,-1,-0.009948559,-0.028902462,-0.0086398935,-0.6054422,-0.84971124,-0.42533544,110.954605,47.38269,14.942323,1.3823011,0.8511577,0.5431272,2.7552156,0.54722005,-2.479714,0.0,3.8967671,3.074991,-0.30666083,2.221365,2.6155157,0.016174316,0.05207634,0.056015015,1,72.88244,1.7644444
30.863022,11.282804,9.0155325,1,-1,1,-0.014544588,-0.038911305,-0.17941009,-0.94740874,-1.3799752,-2.4345577,32.50832,38.23985,52.208443,0.32509282,-1.8912344,-2.4419029,-2.2996106,-2.9296892,-2.487141,0.0,0.0,16.78213,1.0995718,-0.07580066,11.257374,-0.018218994,0.14092636,0.06699753,3,47.278866,0.41737655
68.08007,11.278194,10.905332,1,1,-1,-0.011357523,-0.10118977,0.022586847,-0.8618753,-3.775261,1.3248973,72.31633,11.997808,26.003397,0.35096964,-0.3553549,1.5149224,0.5455238,-2.5193455,2.2726228,0.0,1.9248414,0.0,0.55662954,0.933276,2.3879478,-0.010955811,-0.28757095,-0.02025795,1,163.18184,2.576061
21.036673,12.741754,43.763157,1,-1,-1,-0.002431036,-0.003473534,-0.010767402,-0.056701694,-0.19040489,-0.75347,79.57004,47.132103,173.55011,2.0055668,1.982424,-2.0545313,1.0485615,0.8775538,-2.049933,46.362278,79.2243,1.0688391,62.835133,54.79117,0.2010644,0.00044250488,0.06312561,-0.06700897,6,123.499664,0.5735978
50.86306,9.080806,40.028473,-1,1,-1,0.044037104,-0.033300776,-0.017801031,2.4403088,-0.6193231,-1.4221084,79.2508,14.146199,40.078613,-1.0126921,-1.0124344,0.049978144,-0.43824586,-0.4337448,0.5608278,0.0,0.0,0.0,0.9443373,5.2526236,-0.59351337,-0.023612976,-0.07745743,0.0005378723,2,110.88775,1.7711338
136.71855,32.430378,7.9275494,1,1,1,-0.010071058,0.03785682,0.047628447,-0.51384556,2.2942557,1.4177454,243.83253,55.17168,13.468095,-1.1817876,-1.1241286,-1.1224288,-1.5409826,-1.023987,-1.0299027,0.0,3.8525558,15.743358,-0.17441839,56.035343,62.944542,0.015115738,0.07000542,-0.049325943,1,126.30283,-1.5546848
9.286446,39.661903,36.646614,1,1,-1,0.1598751,-0.00014716445,0.0018983994,2.3985898,-0.011037802,0.15184374,10.528064,44.434776,40.459496,-0.5115168,-0.48579198,0.45229447,3.1086006,1.9639559,-0.914615,5.3407063,0.0,0.0,0.7178471,-1.079701,-1.1403342,0.06385994,-0.011674881,0.13007164,2,50.996574,-1.1576139
8.79662,8.037296,52.82639,-1,-1,-1,0.16339128,1.3503252,0.0068002967,7.1426573,71.622574,0.5023225,10.904002,11.873918,174.77579,-0.67907226,-0.9418854,-1.8659762,-0.7739321,-2.1323068,1.6983857,10.355189,9.848923,0.0,0.056574143,12.551568,-0.0885746,0.11771011,0.39060783,0.013059616,4,91.641846,-1.6166817
19.528378,12.02582,49.76006,-1,1,1,0.053546593,-0.9654938,0.005100803,2.596101,-2.4245596,0.3990345,46.568256,29.351677,71.28052,-1.5150143,-1.5405552,0.8994119,-2.5608227,-2.427907,-2.7126215,32.34042,27.474829,0.0,7.9521413,7.783122,5.278905,-0.12942505,0.043067932,-0.029750824,5,84.187904,2.2365947
39.99299,80.91166,11.028035,1,-1,1,0.0056193313,0.0024190303,0.011999934,0.39801648,0.20482115,0.5180949,40.936085,84.176926,34.955387,0.21673058,0.28314868,-1.8209072,1.333437,2.8660123,-2.4721057,0.0,0.0,0.0,-0.5909914,-0.5909914,0.17757946,0.02042389,-0.011047363,0.06055832,1,60.278145,-1.1963171
42.461246,19.812132,44.519817,-1,1,1,0.0466975,-0.009069674,-0.0033911103,2.4503763,-0.48119196,-0.24444857,62.023098,21.079226,81.75532,-0.92640936,-0.35576707,1.2168698,-1.0708398,2.033651,1.1558913,0.0,29.086777,0.0,1.7460322,45.961094,-0.4241107,0.022201538,0.048740387,0.023487091,3,44.13604,-2.6855254
109.97882,26.98393,19.02544,-1,1,1,0.003002983,-0.06902238,-0.024692103,0.21819972,-1.9388903,-1.5788357,116.47912,27.44382,20.420347,0.3421456,-0.18436359,-0.38059205,0.105444014,-2.2954564,2.6303387,0.0,1.9093311,0.0,-0.8188514,0.81941134,2.9195118,0.024562836,0.098415375,-0.028606415,0,68.40977,2.968281
33.882427,27.319847,9.483117,-1,1,1,0.07208549,-0.025534557,-0.04655212,3.1906035,-1.521069,-0.16689605,43.298927,33.984386,50.85313,-0.7292742,0.6850188,-2.3637664,-2.3362536,0.37217,1.7521924,0.0,7.6598334,3.4083426,-0.42028412,2.5158892,10.468426,0.05077696,-0.004568577,-5.087908,1,37.898487,0.84561336
31.902313,24.620882,11.818918,-1,1,-1,0.006499532,0.0839716,-0.0624075,0.41596487,5.1235714,-3.2374833,51.78336,28.030167,13.9405575,-1.0653143,0.52036244,-0.5905667,0.5160076,1.8168312,-1.2229605,1.6590475,0.0,3.3412492,-0.36877525,-0.039012022,-1.3481634,-0.006527424,-0.024243832,0.018270493,1,208.94786,2.8097894
22.664946,22.036633,20.357862,-1,1,1,0.113957554,-0.0279419,0.015596724,2.4798346,-0.832303,0.93144655,22.934206,53.48756,111.00239,-0.15399106,-1.5344669,-2.3807142,-2.9530969,2.0071962,-1.815236,0.0,10.798034,0.0,0.42811096,18.600616,0.23749939,0.1372416,-0.023984432,-0.07687402,2,70.04797,1.8803602
69.21461,29.33478,85.560295,-1,1,1,-0.009621643,-0.00802611,-0.011502664,-0.63040894,-0.55764556,-0.93347627,70.00491,43.87702,119.19239,0.15097362,0.958598,-0.85991615,-2.684313,0.1624897,1.3211699,0.0,18.995996,0.0,-0.9684698,4.4317327,0.18403174,0.03690338,-0.019966125,0.030334473,1,85.64518,-1.6974959
25.87227,23.494438,114.53313,-1,1,-1,-0.02369244,-0.007991068,-0.0056574447,-0.82706606,-0.4770977,-0.49081367,27.199903,24.672691,170.09453,0.31900442,0.31539398,0.94898653,2.6987555,2.6710403,-2.9015527,12.512318,12.512318,0.0,42.880062,49.640354,-0.9801863,0.0031290054,-0.050938606,0.05814743,1,95.128685,2.5595026
11.683734,7.6869893,41.296413,-1,1,-1,0.062182926,-0.0010386867,0.036793035,2.3333607,-0.052501816,2.6943269,22.431217,14.334782,46.282703,1.2694052,1.2351298,0.48659328,0.19449326,0.17111963,1.1014402,62.01547,82.55993,0.0,53.85609,50.12991,1.5710865,-0.0014228821,-0.0142707825,0.0973053,3,168.79337,-3.1368458
54.217785,8.501742,42.29798,-1,1,1,0.0125843445,-0.05021005,-0.0048287744,0.8440891,-1.39426,-0.33951625,54.831184,8.599087,83.38922,-0.15028216,-0.15118277,-1.3003266,2.7732527,2.7749076,-1.8949039,0.0,0.0,0.0,3.5601358,5.51176,-0.44228944,-0.028404236,0.02085495,0.025535583,3,65.70546,-2.7417483
58.056282,12.541655,27.379644,-1,1,-1,0.03922274,0.0028962223,0.00097534433,1.1394316,0.14800099,0.061543602,119.07295,13.15958,43.67809,-1.34591,-0.3126356,-1.0431727,-1.9800919,2.3073373,-0.1991683,0.0,10.099596,0.0,-0.3253427,6.462174,0.4024621,-0.09265232,-0.04611492,-0.07209301,2,77.063034,2.0139508
15.586736,10.188964,123.246315,-1,1,1,0.013993166,0.030002505,0.002604127,0.9196017,0.99639726,0.22362944,16.86044,11.019493,177.80467,0.40156648,0.40107042,-0.90928274,2.1535437,2.1812115,-1.4749154,120.951965,125.195015,0.0,76.178734,61.096046,0.43884546,-0.014944077,-0.027935028,0.011081696,5,116.621056,-1.3342283
23.50393,10.263073,34.40341,-1,1,-1,0.28358465,0.007564256,-0.0016581985,15.916692,0.4696511,-0.12616026,29.359293,27.566603,48.35967,0.69197637,1.6445861,0.87276936,1.6875147,2.831654,-0.43195882,34.272892,1.1287425,0.0,10.487014,0.82711923,1.8675184,0.14970016,0.016256332,-0.02454567,1,40.211407,2.453332
17.01808,31.844826,88.75422,-1,1,-1,-0.02160605,0.012398295,-0.009359316,-1.0025071,0.88919544,-0.7317698,49.574654,83.560295,94.1687,1.7314956,-1.6193764,0.3475466,1.5648565,-1.052737,1.9669049,11.872888,0.0,0.0,6.916143,0.018612366,-0.9875734,0.26372147,0.054985046,-0.047561646,1,53.90218,-0.8440938
57.086502,7.7320824,8.858632,1,1,-1,-0.019085327,-0.53596056,1.015341,-0.70210326,-11.249171,3.6187873,328.48184,31.333275,37.24617,-2.4354234,-2.076866,-2.1148522,0.33019954,-1.9708202,-2.125318,0.0,5.56493,7.954799,0.69352835,23.496626,22.88537,-0.17051697,1.0233097,0.8491211,0,26.103985,-1.8835114
125.050156,100.55718,8.062857,-1,1,1,0.0057774913,0.0019290732,0.06869905,0.402129,0.112523414,2.7617598,181.45145,104.60241,10.593874,0.9172704,-0.28270578,-0.77296484,-1.1295455,1.2322543,-1.463187,0.0,0.0,5.0001016,-2.105035,0.61184853,1.1257622,0.09070873,0.0028676987,-0.29818058,1,79.33618,2.0469058
47.113663,12.784102,70.05258,1,1,-1,-0.034087893,0.2978063,0.013955652,-1.0159183,17.22281,1.130951,58.505383,14.948015,104.66935,-0.6821021,0.5739255,0.95717585,-1.3562999,1.0270084,-0.34699208,0.0,10.1060915,0.0,2.0360012,-0.72968274,-0.75866973,0.07927704,-0.4231949,-0.065597534,1,66.410965,2.5824614
33.086678,28.200747,75.900566,-1,-1,1,-0.039894324,-0.014680332,0.016339047,-1.8536701,-0.6109222,1.2178701,93.58693,53.050186,79.029976,1.7000842,-1.2454549,0.2861792,1.6235234,-1.4797286,1.3118514,3.30433,0.0,0.0,7.719865,2.8860056,-1.2656182,0.33678436,0.049743652,0.019828796,1,67.19802,-2.705499
24.838875,7.944272,19.997711,1,-1,1,0.022922758,-0.002937979,0.0017121738,1.2834916,-0.15632291,0.11792723,60.10128,7.995089,32.9437,1.5310397,0.113047734,1.0840032,-0.40752035,-1.154694,2.3030243,0.0,0.0,0.0,1.449686,0.15791601,-0.72075623,0.008132935,-0.03702545,-0.014320374,3,45.58245,2.3194194
30.910881,8.496824,34.85006,1,-1,-1,0.034792554,0.094486855,0.0039871586,1.9116428,1.8178446,0.3221173,34.24399,9.186236,39.42789,-0.46031657,-0.4001589,-0.5070994,-0.19030708,-2.8106248,0.5814364,0.0,15.490337,0.0,10.725125,7.9463673,-0.3124734,0.08125305,-0.1505127,-0.008239746,2,45.963463,1.3013711
11.656957,12.028806,10.250577,1,-1,-1,-0.060305703,0.20007145,-0.0342093,-2.9873714,2.3673882,-1.6634785,14.208248,36.567444,17.497545,0.6501018,1.7767807,1.1282709,1.7617728,-0.18521436,1.2594666,0.0,16.394903,1.1751975,0.020980377,18.423632,-0.5606595,-0.055568695,0.2944107,0.10398102,0,56.34216,-3.0850475
9.092504,9.609937,60.491276,1,1,-1,-0.03260235,-0.024982825,0.01431859,-1.0862172,-0.8892294,1.1571629,28.942755,24.893425,72.65378,1.8253767,-1.6054127,-0.6239595,1.1541165,2.1334596,-0.7265773,0.0,0.0,0.0,5.73961,0.7361378,-0.37816638,0.018372536,-0.05253315,0.026153564,1,33.916477,-2.9979212
34.1914,9.359972,79.65184,-1,-1,1,0.016670585,-0.053628463,-0.004949739,0.8736117,-2.5952837,-0.4129954,34.391003,11.522835,98.53998,0.108001456,0.66736376,0.67573947,-1.7791699,-1.7535266,2.4693336,0.0,0.0,0.0,0.7233267,0.23348513,0.7066286,-0.060173035,0.6807289,-0.018234253,1,57.366222,-1.0971869
51.81838,57.796425,31.94122,-1,-1,1,0.03788212,-0.001392862,-0.0020718153,2.4163659,-0.11172174,-0.15448716,70.48108,157.3757,35.120293,-0.8251065,1.6592919,0.442528,-1.0955552,0.9192579,0.7845134,8.427529,0.0,0.0,19.318089,-0.23145618,-0.38511756,-0.107278824,0.05957222,0.021635056,2,145.57518,-2.3271713
52.848827,15.382316,8.4642935,1,1,1,0.007928069,0.04340448,0.020205501,0.40030926,1.6950277,0.99225783,138.74112,82.68859,14.457601,1.6198972,2.3662443,-1.1290793,0.9552491,-1.6282732,2.17034,1.8760347,30.979193,6.754103,2.915784,20.652205,20.352345,-0.08333993,-0.17392683,-0.034937143,2,4.197573,1.7963009
20.849712,8.031765,9.690425,-1,1,1,0.102595195,0.0064144996,-0.071395054,1.4518633,0.2103473,-1.9209248,51.96661,17.763288,24.151297,1.5634928,1.4313319,1.5634258,0.069797136,2.1904497,0.074435666,0.0,5.6715984,43.62506,0.51182777,5.466673,2.7498178,0.047510147,-0.031150818,-0.055253983,3,24.206173,0.38678843
58.566204,47.73783,23.540096,1,-1,-1,0.024192525,0.0054508066,0.07512605,1.062592,0.33029196,5.1585164,64.31146,76.77187,23.90707,0.43939808,-1.053504,0.17634615,1.1993709,0.6654303,-2.2743008,0.0,0.0,7.391366,1.038805,-1.1213355,5.1164556,-0.017785072,0.029975891,-0.07151985,1,55.591763,-1.6360574
15.338677,49.611355,24.586779,1,1,-1,-0.26228213,0.020806976,-0.014604592,-12.547918,1.6486808,-0.8497221,27.772152,138.54411,94.920364,-1.1999607,-1.6863972,-2.026764,-0.17015298,2.69252,1.1357967,8.508564,0.0,0.0,1.2342614,0.5715964,-0.5582636,0.23421478,-0.059440613,-0.075935364,1,81.35968,-1.292015
39.04496,8.491971,73.63293,-1,-1,1,0.028833529,-0.15395398,-0.014699724,1.9835185,-2.1991293,-1.2322638,43.00815,14.478328,75.38985,0.44683558,1.1268187,0.21801466,-2.2047944,1.7528123,2.5845451,0.0,7.940068,0.0,0.2590035,11.314665,0.06954758,0.026367188,0.2052269,-0.024196625,3,119.71388,-1.0778661
28.933514,16.972742,11.96828,-1,1,1,-0.059592266,0.016866455,0.03830308,-3.7729383,0.8200296,1.7444192,53.40795,17.951248,21.913498,-1.2230195,-0.33795285,-1.2133473,-0.65940326,0.68786985,-0.79051644,18.673748,0.0,11.723585,11.39842,-0.4728302,30.136007,-0.04918289,-0.038734436,-0.0014038086,3,46.15876,-1.5159132
28.23184,12.438627,29.389734,1,-1,1,0.0098453425,0.017070912,0.0038117538,0.4115795,0.29906854,0.28305298,28.277782,12.458868,85.57838,0.05704199,0.0570408,-1.7310517,0.36978203,0.36506703,1.9148171,0.0,0.0,0.0,2.4655976,12.985415,0.36297864,-0.08742523,-0.117515564,-0.1264267,2,122.65655,-2.5071473
62.637604,17.016909,11.293759,1,1,-1,-0.0009350978,0.039416395,-0.032454748,-0.057626568,1.8553008,-1.5621412,93.85942,20.979118,12.205675,-0.96103746,-0.66981506,0.3992023,1.0002958,-0.18742122,-0.43888283,0.0,35.368534,0.0,0.9817751,16.393269,0.19885962,0.010627747,-0.006641388,0.00060272217,3,26.041824,-2.2936025
19.183891,23.655617,13.670549,-1,-1,-1,0.0824291,0.16494043,0.48593533,2.4117246,2.876788,1.3174841,69.75993,103.58236,55.665424,1.9646702,2.1566122,2.0818317,1.9023285,-1.2647347,-1.2909107,0.0,0.0,17.598587,-0.30545944,25.17292,24.241095,0.048509598,-0.23905563,1.3044243,1,65.235085,-1.4219571
12.671506,78.78756,13.513987,1,-1,1,-0.017245943,0.023904333,-0.00026697622,-0.7472845,2.0420027,-0.015494479,24.312479,89.516556,18.113361,1.2686765,0.5161248,0.8032395,-2.803561,-2.8545532,1.8068899,0.0,0.0,0.0,0.078139834,-0.8907327,1.7050301,4.238003,0.006099701,0.011539459,5,82.36292,-0.44195616
216.45549,114.23118,17.19023,-1,1,-1,-0.007991459,-0.006020396,-0.06948396,-0.58100694,-0.20699964,-3.8069975,368.66476,528.9051,57.080536,-1.1255479,-2.213861,-1.8697828,-2.3173869,0.2856263,-2.625998,0.0,0.0,10.768392,-0.5753226,-0.6797214,39.33114,0.020168304,-0.021457672,-0.3456192,3,132.87692,0.7891215
65.35354,10.007657,71.68828,1,-1,-1,-0.0025300204,0.7218322,-0.027546765,-0.16568601,25.306852,-2.1798859,264.02222,21.815884,287.73688,-2.0736866,-1.41511,-2.0669737,-1.8394495,2.7322721,-0.32516208,0.0,12.333096,0.0,-0.2725084,12.500774,0.037321534,-0.013469696,0.959116,0.09929848,4,83.61132,1.3252648
68.81047,14.88587,71.10629,1,1,-1,-0.093131416,0.0015651284,-0.031428605,-1.5040413,0.024198849,-2.294764,273.12622,62.670036,257.82898,-2.0554657,-2.1162052,-1.9616865,0.46838087,-1.5233884,1.5318407,0.0,47.8763,0.0,2.1882045,24.739548,-0.75849783,-0.040527344,0.11808014,0.1281128,1,88.12922,-1.2734209
7.5012183,47.88223,21.072393,1,1,-1,-0.03342628,5.8941245e-05,0.018331472,-1.1959223,0.004737953,1.0709859,13.019821,53.17311,55.052322,-1.1487881,-0.46587256,1.6146433,-0.3759455,-1.7586902,3.0591466,4.67105,0.0,0.0,21.306149,2.2658155,-0.11514401,0.06856918,-0.045101166,-0.03583908,2,70.18648,2.0674062
13.167104,7.1365066,42.278286,1,1,-1,0.008380703,-0.023102889,0.024321225,0.35963976,-0.7115904,1.8734765,52.32626,29.744717,74.43695,2.0567043,-2.1058633,1.1661865,-1.1016014,-1.3426335,-3.060909,7.140084,0.0,0.0,0.08819986,5.300525,-0.36084154,-0.043693542,-66.96807,0.044639587,0,56.538532,-3.072824
29.309677,37.64556,68.40931,-1,1,-1,0.07174945,0.0034243725,0.0075041186,3.119447,0.23877881,0.5944235,37.33921,44.342274,72.320305,0.72427464,0.5879591,-0.33654952,-1.8444284,-1.0232307,1.513482,6.7210126,0.0,0.0,6.6512504,2.1952484,-0.68246776,0.13364029,-0.015075684,-0.01996994,2,27.9996,-1.0687267
23.710981,8.627338,8.107617,1,-1,1,0.015313625,0.0040468094,0.038612057,0.6998171,0.14441672,1.1315356,24.646633,9.578111,8.99554,-0.280014,-0.46526948,-0.46384138,2.545359,-0.29769728,-0.22134644,0.0,74.26111,70.117455,-0.17399621,75.64633,71.64072,-0.005760193,0.09893036,-0.2996521,2,114.068275,1.1695871
42.247044,18.88757,19.701862,-1,1,1,0.005520152,0.13498116,-0.00035789647,0.36621496,3.9231436,-0.022548895,151.59355,29.722095,67.9501,1.950808,1.0255653,1.9094938,1.2784028,-2.3167756,-0.3576381,0.0,0.0,0.0,0.86419153,25.62663,-0.3375746,0.05674553,0.30727768,0.04997444,1,71.82951,2.1745887
16.42525,47.960506,19.309332,1,-1,1,0.01778107,-0.033113256,-0.013993562,0.33622327,-2.453219,-0.9194563,89.83118,163.05347,29.43382,-2.3837945,1.8944801,0.9838674,-0.20288661,1.3002384,-1.3957781,4.1165957,0.0,0.0,9.808719,1.7069716,1.1397676,0.37054634,0.0015172958,0.03154373,2,140.04094,-2.3245478
87.64766,42.923973,34.26398,1,-1,-1,-0.0041999384,0.016535882,-0.03575679,-0.29112783,1.0618644,-1.4060899,92.88538,42.924328,34.438072,-0.3440145,0.0040656,-0.10076344,1.5455534,-0.83568776,0.07800923,0.0,0.0,0.0,2.7789068,-0.14303155,23.673208,0.0034255981,0.07011032,-0.19841385,2,40.659866,-2.5609536
119.51,14.563022,26.21368,1,-1,-1,-0.00026337695,-0.0049939696,-0.010175812,-0.017872551,-0.14008644,-0.6543211,223.92781,20.956425,36.54624,-1.2407686,0.90575355,0.86102974,1.5825337,-3.0068605,-1.4792521,0.0,3.157423,0.0,-0.21679309,1.9335369,2.0759687,-0.05908203,0.0030441284,-0.027816772,4,72.15203,-1.0296954
12.1551485,10.590383,27.35804,1,1,-1,-0.142316,0.0052115414,-0.009236582,-8.684979,0.14213538,-0.6856927,12.674009,30.402924,27.923346,-0.29115722,1.715924,0.2029052,-1.5976101,-0.74335945,1.7004327,7.5845594,0.0,0.0,0.3621037,-0.2779861,0.59393895,0.8018141,0.009460449,-0.05398178,2,109.35655,-1.7742805
12.332393,9.393293,44.230404,1,-1,-1,0.039707508,-0.029498428,-0.021150824,2.2535846,-1.3640559,-1.5510626,12.526544,12.042596,78.14258,0.17721196,-0.7344371,1.1703675,-1.6793602,-2.7148023,-0.96819246,27.308647,12.327671,0.0,8.84326,0.55099636,-1.345257,0.06304169,0.07446289,0.0028686523,2,71.84474,-1.2473404
44.68751,16.968592,44.86905,-1,1,-1,-0.0025588416,-0.014751529,-0.0046301396,-0.1804345,-1.0159853,-0.36213437,44.828945,17.65426,54.959255,-0.07953928,0.2832682,-0.65866846,-2.3116224,-2.7056432,-3.105274,15.599993,0.0,0.0,21.52035,-0.23445776,-0.95984656,-0.040758133,0.012329102,0.07376289,3,129.55951,-0.41750363
49.64709,9.253555,41.445065,1,-1,-1,0.0139060635,-0.00067852455,0.00523788,0.9601893,-0.020571562,0.39761454,55.897827,10.324961,41.852486,-0.49668238,-0.47668716,-0.14007884,2.408539,-0.5403261,0.26696426,2.4293575,2.582427,1.6556847,3.560754,4.2317953,1.1684796,0.091667175,0.08278656,-0.12496567,2,82.68536,1.9655591
17.239405,48.15125,66.479294,1,1,-1,-0.7725947,0.0009420102,0.021790411,-29.694664,0.07417061,1.7661128,18.786787,51.32898,100.349525,0.42058757,0.3613286,-0.97085905,-0.8140277,-2.1775308,2.4216866,46.677937,0.0,0.0,69.72656,-0.8239567,-0.32785222,-0.26115417,-0.04744339,0.060134888,1,71.16002,-0.40229085
22.547184,9.819596,22.753393,1,1,1,-0.0073534916,0.702625,0.020594804,-0.25635365,16.316807,1.4560261,51.270008,22.667753,25.061031,-1.4623538,-1.4791008,-0.44663334,-3.1244738,-3.140841,1.4832544,45.856647,82.4565,0.0,38.542656,39.02186,1.7298706,-0.003027916,0.26373005,-0.009529114,3,49.324993,-1.5599539
13.519817,28.797325,108.839806,1,-1,1,-0.0028778382,-0.01346306,-0.008205656,-0.12251303,-0.9807907,-0.70805925,20.297165,39.017185,181.48625,-0.9635765,-0.8193642,1.0992085,-0.5569604,1.8364605,-1.6655086,9.7530365,0.0,0.0,7.89407,0.8064269,1.1227429,-0.17020416,-0.0048713684,-0.0037078857,1,109.43629,1.5783303
29.721628,10.493709,35.60569,-1,-1,1,0.01663007,0.0017732334,0.006075192,0.81463605,0.06914701,0.46527737,90.61414,13.999664,41.687763,-1.7798312,-0.79623497,-0.57647336,-0.59694505,-1.6750588,-1.2905371,0.0,39.46811,1.2360866,1.844999,50.721943,-0.585666,0.0026016235,-0.038131714,0.11521149,1,70.048004,1.3299259
36.84771,7.7403,25.804722,1,-1,-1,0.005572227,-0.13403223,-0.010062339,0.31803787,-6.995422,-0.66287124,38.278732,13.354105,51.122116,-0.2778031,-1.1414067,-1.3059827,0.17310652,0.8560356,2.2959635,0.0,20.160288,0.0,0.02376072,5.445736,1.5863845,0.034706116,0.1584816,0.01366806,3,12.306017,2.5121849
22.642216,21.202778,8.611621,-1,1,1,0.007672893,0.17152105,-0.022991003,0.45604223,9.492039,-0.9908858,23.068045,29.700724,11.265248,-0.19364007,0.8678247,-0.76616395,-1.7123888,-2.0915651,0.711088,0.0,18.498865,0.0,1.1165615,1.928235,0.7529981,-0.001709938,0.90914345,-0.0746007,2,61.10437,0.41130197
45.440525,7.91061,9.305344,1,-1,-1,0.011664409,-0.07189281,0.43556806,0.8108087,-2.1616645,14.912015,64.602905,8.092375,9.531967,-0.8888232,-0.21396185,-0.22025385,3.0879614,-0.31433955,-0.2789948,0.0,0.0,8.547661,-0.78186554,37.54684,42.304096,-0.004486084,-0.2474823,0.15317917,3,46.259426,-1.3116277
134.29013,62.756752,8.389061,1,-1,-1,0.011772939,-0.011347806,-0.115303576,0.9667082,-0.8407886,-3.9576628,136.19934,66.3557,9.934032,-0.16842498,-0.3370687,-0.59795386,0.62435627,-2.1106014,2.9366462,0.0,0.0,5.6021557,1.3829367,-0.3656632,0.839821,-0.15382004,0.0134887695,0.0006599426,0,50.57343,0.8073047
40.248394,18.090956,15.403472,1,-1,-1,0.002367828,-0.013130852,0.112415165,0.09507304,-0.7061814,4.8553123,52.03855,28.673483,41.292366,0.74787015,-1.0348341,1.6424732,2.4526434,-1.6015863,2.4091449,14.194091,0.0,15.69372,-0.096174344,0.22317804,2.881318,-0.06502533,-0.0052948,0.41046143,1,99.291664,-0.88416475
24.265413,10.850832,82.01428,-1,-1,-1,0.22947954,0.22947954,-0.008306804,3.5265496,3.5265496,-0.63278586,60.698856,27.142876,87.496735,-1.5674343,-1.5674343,-0.3636344,-1.1312767,-1.1312767,2.4468129,269.78934,277.49237,0.0,218.77547,162.73997,-0.33160156,1.0601883,1.0601883,-0.017360687,5,209.04485,2.1414769
27.39634,9.07472,71.97281,-1,1,-1,0.17379226,0.08386184,-0.024788098,6.888207,2.7701108,-2.076267,35.02694,11.611413,73.172264,0.73003954,0.7313031,0.18230836,-1.4742817,-1.4692189,2.2858834,18.940506,26.243639,0.0,14.565829,10.970005,-1.4015315,0.1035614,-0.123371124,-0.0061798096,5,112.893074,-1.0973747
23.82372,11.976606,45.428577,1,-1,-1,0.04008403,-0.09824567,0.0053180335,1.4967234,-1.8002483,0.41868126,53.007698,26.14221,72.359276,1.4380826,1.416582,1.0411918,-2.4563065,-2.4385047,3.0803227,49.436916,49.436916,0.0,21.950075,18.99266,0.15717846,0.32831192,0.74658585,-0.0015602112,2,59.199234,-2.0769145
41.917355,8.745424,8.011038,1,1,1,-0.011595196,0.4740568,-0.052379474,-0.7253141,7.7076697,-1.620815,56.86428,11.712014,9.150434,0.8212175,0.8020027,-0.5272173,0.018405225,-0.01511334,1.2453943,2.0693655,43.680443,0.0,28.565153,39.725204,2.7412524,-0.007631302,0.670454,0.034528732,2,82.1283,1.3232634
21.859488,14.367187,38.300205,-1,1,-1,0.015965877,1.1256374,-0.013514031,0.6724706,30.70824,-0.8522713,41.049843,26.441326,155.87935,-1.2434022,-1.2194746,-2.0813277,2.9806147,2.9693124,-2.021791,56.167595,49.54469,0.0,27.502567,24.673824,1.8736807,-0.033851624,0.56637955,-0.19937515,4,29.649218,1.7267491
44.169827,12.186577,82.68502,-1,1,-1,-0.43266663,-0.0040449244,0.003705575,-28.526495,-0.17147931,0.3029965,50.89972,32.155453,83.5605,0.54524267,-1.6253812,0.14538702,-0.5829917,-0.07120213,0.9784336,0.0,1.0130198,0.0,17.416414,3.2502046,-0.9782885,0.14009857,-34.539722,0.035224915,0,55.985397,2.9063315
32.186558,13.926261,10.522114,1,1,-1,0.008264915,0.060883492,-0.040403146,0.6271701,3.1992185,-1.2893593,36.545353,21.81464,57.93771,-0.5147274,1.0196221,-2.390687,2.369396,-0.83949965,1.3004328,0.0,0.0,0.0,0.22473666,1.5190884,0.33271152,0.024967194,-0.1692276,0.14657593,0,21.129065,-0.82785094
189.42833,7.7533307,93.29497,-1,1,1,-0.00025997558,-1.1738191,0.010926122,-0.019883797,-39.31549,0.9380086,194.39026,11.9223385,223.8897,0.22838847,-0.9954123,-1.5219897,-1.5809324,0.41214466,1.0186263,0.0,4.204896,0.0,-0.69977504,12.986893,0.98947114,-0.035089493,-0.23676682,0.016795158,1,82.68955,2.2636507
9.868149,9.900719,45.198822,1,1,1,0.23774333,0.23774333,-0.008376588,12.600084,12.600084,-0.5929773,21.711472,21.78313,46.149433,1.4254968,1.4254968,-0.20472327,-1.4587626,-1.4587626,-0.62799597,1.5588703,1.5588703,0.0,11.118893,11.191617,1.2258154,0.07406998,0.07406998,-0.1070137,1,87.82807,-2.1388357
101.34681,56.902134,44.050404,1,-1,-1,-0.0023673305,0.023531917,0.035900474,-0.16630255,1.3152401,2.4139428,101.8379,79.79217,52.03251,0.09840448,0.8693279,0.5932646,2.7258892,1.5526809,2.529091,0.0,0.0,2.141886,0.6405104,0.8487148,2.055105,0.049894333,-0.02710247,-0.01363945,4,24.021309,1.9859946
15.077586,7.7482433,60.91216,1,-1,1,0.009362873,0.35755673,0.0017592593,0.405472,13.088943,0.13992053,16.8315,12.792699,63.452236,0.4777823,1.0868093,0.2877936,-1.2699625,-0.3456194,2.323621,10.845623,14.999703,0.0,15.416791,13.661414,-1.5395526,0.18135452,-1.2562008,0.008485794,1,92.69024,-0.1915357
50.97215,11.380985,7.2744274,-1,1,-1,-0.035131745,0.017563151,-0.045039356,-1.9581786,0.78884774,-0.44204152,149.86049,11.943135,11.1318245,-1.7413083,-0.31302524,-0.9890187,1.1081128,0.3413815,0.7175435,0.0,0.0,24.45717,3.639961,2.217983,8.33007,-0.023169518,0.015886307,37.582214,2,47.963562,2.148058
17.465628,11.180044,36.80682,-1,-1,1,0.52206445,0.24599354,-0.009165444,21.470898,2.9600816,-0.7025473,17.833475,35.23435,53.623146,0.20487946,1.8148602,0.9228117,-0.7039405,-2.1290042,1.8928108,16.22672,6.578641,0.0,22.480906,3.328601,0.41464433,0.9151125,-0.17237854,0.02253151,2,73.5803,-2.2850206
21.02812,9.869688,42.074387,-1,-1,-1,0.23153275,0.011599291,0.026150428,6.359155,0.25126165,1.9883198,65.24785,32.228672,43.073257,1.7984395,1.8522193,0.21745872,2.1869133,2.1416016,-1.2915777,104.431335,177.24077,1.1499702,195.8907,217.8077,3.3936515,-1.1583939,-0.06473923,0.0046081543,3,328.35657,-0.94668037
68.98302,43.787716,39.173656,-1,1,1,0.036670662,-0.015685963,-0.030408155,2.3883917,-1.160008,-1.3080882,72.843796,49.35184,47.826897,-0.33302474,0.49893278,-0.65300757,-1.8295728,2.771853,-0.44505724,0.0,2.3136995,0.0,-0.347722,11.979207,-1.7884538,0.028454661,0.0027819872,-0.12759328,2,83.48934,-2.3460546
7.356641,18.241823,90.50594,-1,1,-1,0.1437147,0.023367913,-0.010840284,2.1303146,1.3963783,-0.91756535,30.338148,39.554058,154.40672,-2.0949144,-1.4090961,-1.127612,-1.9105481,-0.52608126,2.4946115,0.0,0.0,0.0,2.8627996,0.50207335,3.7116163,20.795351,-0.025665283,-0.0068745613,3,122.84826,-0.5625344
17.904203,12.285743,90.51633,-1,-1,-1,0.0020929512,-0.0037994396,0.0023145708,0.046783365,-0.24344791,0.19540553,18.484566,12.714914,91.24023,-0.25393414,-0.26355636,-0.12638119,-0.12868486,-0.01377451,0.30433795,3.8625107,17.2484,0.0,19.134665,26.043358,2.5817435,-0.021139145,-0.05098915,0.04441452,2,301.32162,0.89271396
30.588072,8.53212,9.966405,1,1,-1,-0.023400005,0.009869061,-0.021989198,-1.1174271,0.36119258,-0.92740476,70.21745,9.18192,28.569496,1.4729096,0.38784453,1.7143453,1.6541171,-2.705692,0.64341193,0.0,33.437588,0.0,-0.20078741,19.231228,-0.5019699,-0.046930313,-0.38307953,0.14702034,0,47.911427,0.24180205
19.384312,11.365149,28.818235,1,-1,-1,0.006934928,0.053056482,0.040091213,0.43505388,1.7993481,2.7398033,22.509876,21.420008,141.91599,0.56051046,-1.2476784,2.2769017,2.182946,0.3815137,-2.6939828,0.0,30.248497,0.0,3.2160923,14.725928,0.06619467,-0.007839605,0.18450844,-0.0958433,1,61.502644,-2.6817133
37.661503,52.3899,9.1572485,1,1,-1,-0.16586238,0.009524673,0.012002729,-7.4173303,0.7747885,0.5425236,55.68453,65.60895,9.181703,0.94298863,0.6962311,-0.07215307,2.1510856,-2.2934768,0.11274558,21.59521,0.0,0.0,10.210376,1.5997128,1.3946053,0.06857681,-0.077718735,0.05946541,2,58.228886,-0.10204606
154.60428,11.222361,13.610719,1,-1,-1,-0.02194888,0.12088348,-0.100395545,-1.3834395,3.108564,-3.2615228,308.9612,66.42873,18.099361,1.3160337,2.464156,0.7913324,2.8883703,1.0826035,1.7196723,0.0,0.0,20.650373,9.067392,0.30613735,3.7952454,-0.111932755,0.2032814,0.1454773,4,103.45419,2.3104694
18.702024,46.37416,53.716557,-1,-1,1,0.03201721,-0.017615864,0.010164947,1.9401115,-1.3248212,0.71153855,19.373072,46.8455,60.661903,0.2670893,-0.14243665,0.503191,-2.2490315,2.582221,-1.4598058,16.63515,0.0,0.0,12.6714525,-0.6557483,-0.54988307,0.054538727,-0.023878098,-0.0011234283,2,100.94782,1.2881552
12.562391,22.356142,7.860326,-1,1,-1,-0.06352993,-0.02230146,0.007554024,-2.8982458,-1.299372,0.2940695,18.604677,23.985653,11.591738,-0.9452157,0.3795262,-0.93945587,-0.7780633,2.8614504,-0.74521947,131.22148,0.0,146.60265,96.082634,-0.11132703,79.512344,0.03370285,-0.010116577,0.13354874,4,37.318367,0.07423143
50.723495,9.138456,11.107969,-1,-1,1,-0.0034888163,-0.111006565,-0.007018491,-0.24618377,-4.666733,-0.3398941,57.547863,10.91377,57.76967,0.5130837,0.61365336,-2.3325727,0.26695508,2.7951534,0.93858516,0.0,26.11914,0.0,0.8428245,5.268644,-0.00858317,0.04658699,0.05565262,0.0144844055,2,45.47586,-1.3100172
82.00262,14.114465,38.982746,1,-1,-1,-0.009773243,-0.059035826,0.011471532,-0.6965977,-2.616287,0.77420914,85.29501,15.887044,48.36447,-0.28243247,0.49606857,-0.680563,2.8985646,0.560728,1.2358557,0.0,1.0934482,0.0,1.2312729,4.148176,1.4353456,-0.050949097,0.08060837,0.005554199,1,91.602905,-2.5532932
30.668362,8.845012,8.626608,1,-1,-1,-0.010393107,0.052761488,0.005878725,-0.52649647,2.0512028,0.2931331,62.543304,20.9085,11.96291,-1.3393804,-1.5053545,-0.8532978,2.0699632,2.3936663,2.7529678,0.0,0.0,0.0,1.8571326,0.2857356,0.8758319,-0.029806137,0.18477058,0.03375244,3,73.13258,-2.016364
40.65545,27.524961,28.647682,-1,1,1,0.03722721,0.027365278,-0.019010913,2.7980866,0.69646215,-1.1233703,45.8648,28.075882,35.204372,-0.50097406,0.19974442,0.6642805,-0.7267906,2.7270107,0.24838649,0.0,7.9466906,0.0,2.8784213,5.0026555,0.07389386,0.024916172,-0.04864025,0.07786369,1,28.430853,-0.9920727
61.572876,50.35013,8.32194,1,-1,-1,-0.0032665855,0.017244918,-0.05339625,-0.10781889,1.1382165,-2.595767,213.19427,53.261936,9.5314045,1.9135923,-0.33847365,0.5328121,-2.5561855,-0.28694874,0.32528433,0.0,0.0,5.241794,40.666565,2.6396527,71.977356,-0.004459381,-0.03768921,-0.038150787,4,36.01453,2.8502662
22.065954,29.72938,39.510868,1,1,-1,-0.051501535,-0.015970983,0.0072170557,-1.5600991,-1.0795708,0.50871,126.73972,94.553894,150.99826,-2.433581,-1.8244962,-2.0162654,-0.7229618,-0.6776086,1.4358007,17.633778,0.0,0.0,30.22891,-0.26636857,-0.5305246,0.09069061,0.051906586,-0.07289505,3,99.65394,-2.726245
19.806643,95.736404,42.941593,-1,-1,1,-0.13746475,0.011809359,-0.0132667795,-4.975751,1.0155911,-0.9727217,29.614988,112.90856,229.42673,0.9581223,0.5903372,2.3600144,-2.771901,0.24836263,1.0841727,5.215345,0.0,0.0,1.0255048,-0.04057788,-0.20880242,-0.051340252,0.000789389,-0.099569015,1,79.35317,-2.8684359
94.73178,11.929962,41.815437,-1,1,1,0.018948536,-0.05048561,-0.0021488632,1.3215524,-2.6126204,-0.16660672,165.10782,13.0803175,42.493526,-1.1538501,0.43569437,0.17983045,-2.1751702,-1.2985913,1.939135,0.0,2.1370676,0.0,-0.66969997,0.765584,1.3088025,0.059173584,0.04676056,-0.032569885,1,81.10551,-1.6797507
59.47968,16.15641,99.37823,-1,-1,1,-0.014976092,0.38367245,-0.000433124,-0.9818054,22.222168,-0.03507568,59.482227,25.256245,120.360016,-0.00925332,-1.016959,-0.63889396,2.1967242,-0.42744452,2.6223903,0.0,10.557736,0.0,3.2654397,4.7197046,-0.4418131,-0.07960129,0.21914673,-0.023269653,1,118.06245,-0.48124254
59.91624,27.745323,33.85692,-1,-1,1,0.008685321,0.4110814,-0.033507936,0.62559974,21.837658,-2.521438,68.672066,28.400728,34.78669,0.5342428,0.21693215,-0.2338048,2.7794266,-1.1689187,-1.261134,0.0,0.0,1.0233628,0.4176372,37.270767,1.3335251,0.025169373,0.19097137,0.022819519,1,101.89772,0.46815312
74.02656,20.208324,52.375294,-1,-1,1,0.0004200835,0.1755316,-0.021319684,0.03151849,8.463451,-1.6733574,83.9315,59.813305,108.78554,0.5117047,1.7484386,1.3603358,-1.4144181,1.8226421,2.546664,0.0,20.900448,0.0,0.130091,12.162328,-0.3490788,0.008994579,-0.08667421,-0.01951456,4,97.2005,-1.8302675
43.166435,20.24422,7.6732044,1,1,-1,-0.003233204,-0.02103746,0.0036656896,-0.19637725,-1.2135974,0.11668498,46.353687,20.311012,8.191809,0.38195607,-0.08120893,-0.36561865,-2.5556366,-0.012465765,-0.20110816,0.0,15.28991,31.675486,0.27957526,11.848336,12.950358,-0.0060749054,0.11855507,-0.106422424,2,129.95192,-2.1354904
117.07417,30.988571,8.482398,1,-1,-1,-0.010181515,0.0022244921,-0.0130261285,-0.6312746,0.08455489,-0.60327786,193.34612,64.292046,15.348033,-1.0871433,-1.3590515,1.1991663,1.3354061,-0.668173,1.955384,0.0,0.0,0.0,-0.65277356,-0.23878565,0.78887796,-0.029704094,0.017724037,-99.63808,4,56.911312,0.41191137
33.04446,8.359694,182.78456,-1,-1,1,0.07501804,0.8162857,-0.00435793,0.6202381,24.980331,-0.38747305,136.12292,10.397399,269.1769,-2.0937824,-0.6847602,0.93754447,-1.9631249,-1.8531584,1.8106992,0.0,18.80394,0.0,1.0371788,12.934403,0.28716785,-0.0133628845,0.3848877,-0.01789093,2,105.66342,-1.7513013
72.22966,10.396861,110.877594,1,1,-1,-0.008783779,0.051613506,0.0049017677,-0.52342355,1.0168633,0.40169898,201.8987,30.328602,116.2542,-1.687411,-1.7329689,-0.31017438,-2.0622642,0.89345485,2.0377743,0.0,4.999647,0.0,0.30968773,-0.11369928,-0.2965044,0.06305313,-3.744053,0.019359589,1,52.63818,0.52464086
9.730376,27.66725,67.10505,-1,-1,1,-0.028938571,-0.01664941,-0.027632728,-1.1371038,-1.1542513,-2.1396868,9.846739,28.285961,74.19667,0.15449883,0.2110575,-0.45578012,1.2454907,-2.0707817,-2.4986768,11.413344,0.0,0.0,16.107103,1.4934292,0.6542215,-0.06362152,-0.017868042,0.07364273,2,102.02931,-0.015242194
26.176445,29.659767,70.48054,1,-1,1,-0.009170217,-0.0027566294,-0.0055915997,-0.4946143,-0.22049892,-0.4497542,35.551716,30.549814,154.50858,0.82293445,-0.2443505,1.4214356,2.5226102,0.14909074,1.4014556,17.761347,0.0,0.0,41.563393,-0.17314954,-1.3088434,-0.2603817,-0.023916245,0.0071201324,2,113.93547,-2.4827924
49.90433,8.295302,102.876434,1,1,-1,-0.022335853,0.22630928,0.014653774,-1.6085819,9.707226,1.230599,50.550568,10.923324,107.94502,-0.16075844,-0.77635586,-0.31263036,-0.58226514,2.339838,2.7749023,0.0,14.643956,0.0,1.3779175,4.579944,2.7474587,-0.07777405,0.911438,-0.024612427,2,14.932419,-1.7417998
179.21494,11.003927,11.801235,1,1,-1,0.016535573,0.018090824,0.010935606,0.92263293,0.83458984,0.5491949,346.26376,13.427462,12.100068,1.2768458,0.6520765,0.2243982,0.118981645,1.6780643,2.1877146,0.0,0.0,0.0,-0.053354677,0.06160394,-0.956411,-0.0026910305,0.072071314,-0.023245335,2,191.59262,-2.495023
52.067734,13.462024,29.233595,1,1,-1,0.004737907,0.0030063011,-0.012291786,0.33131468,0.039780445,-0.8235836,55.019863,37.6295,98.29032,0.3351718,1.6874113,1.8828669,-1.1699007,2.486735,-1.6554763,0.0,2.5931962,0.0,0.65572757,1.2683271,0.22924706,0.0053081512,-0.16520119,0.048851013,4,19.237371,-0.45596728
105.18752,14.994663,110.417915,-1,-1,1,0.19240531,1.0923358,0.015994877,1.8498694,4.295864,1.3936684,258.23846,85.64053,372.3257,1.546959,2.4278579,1.8858937,2.8203537,-1.1952828,1.024843,0.0,20.18024,0.0,3.732065,21.202137,1.1831943,0.006723404,-0.45364666,0.04469776,1,29.532616,-1.8412795
52.085236,26.426395,21.34798,-1,1,-1,-0.0025750953,0.024897937,2.2916307,-0.15842609,1.7667671,13.7665205,66.10356,28.451403,33.87375,0.7181465,-0.3890222,1.0362805,-1.6882385,1.3646019,-0.26998663,0.0,0.0,10.646585,0.38048884,1.766113,15.115635,0.10788727,0.07073212,1.7035179,1,57.805733,-1.2019928
130.93477,23.441874,8.025549,1,-1,1,-0.011154771,0.1008378,-0.1606504,-0.80796325,2.8326855,-2.830459,196.17302,36.861217,9.698336,0.96085685,-1.024593,0.634932,-2.227467,-0.7464957,1.2913395,0.0,0.0,7.969549,-1.0917585,2.0386903,6.6535506,0.092502594,0.053260803,-0.33241272,3,63.33534,-0.2597348
195.67477,15.770982,66.769714,1,-1,-1,-0.004831285,0.24018854,0.0031410207,-0.37023342,15.582168,0.22301325,211.80183,28.638485,148.42139,-0.4032611,1.2034655,1.4370192,1.8187714,-1.5460349,-1.0236098,0.0,1.3176761,0.0,2.0913887,21.643518,-0.8129492,0.026454926,-0.58119965,-0.0041046143,0,137.96286,-1.5607078
7.7239375,7.433123,34.2362,1,1,-1,0.012179687,-0.07486671,0.00015594739,0.5439908,-2.6712961,0.011231235,12.485502,9.175849,83.276596,1.0600435,-0.6720498,1.5368153,0.047141604,-0.73286235,-0.019506851,26.27139,16.702785,2.4342203,23.864246,3.6999588,-0.8120719,-0.009820938,0.24446678,0.011302948,4,20.476221,-2.1479483
32.741364,8.243373,32.9718,1,-1,-1,0.015248576,0.11975817,0.008927707,1.000374,3.8257961,0.61609256,34.572353,8.958574,36.809666,-0.3328941,-0.41360456,0.47791937,-2.628555,-2.6319017,1.2314211,20.244072,29.36872,0.0,11.267574,31.267603,0.34506506,-0.4288683,0.350811,-0.015262604,4,28.43227,2.7845972
160.39323,20.27459,15.8665695,1,-1,-1,0.02969341,0.33685422,-0.044260845,2.2083888,9.718971,-1.8117146,332.95242,27.224947,42.234875,1.3596833,0.8060262,1.6348674,-1.6230404,-2.9598885,1.7076194,0.0,24.735935,0.0,5.530993,21.112637,-0.5871263,-0.004055023,0.2709427,-0.02532959,1,134.90427,1.3308278
36.073116,14.621991,10.154319,1,-1,1,0.003152303,-0.12377991,0.007138181,0.18205778,-6.0647864,0.09975861,40.22695,17.13642,18.556337,0.47540694,0.578356,1.2110416,2.8887758,2.1238058,-1.0936236,0.0,0.0,56.22384,2.1439943,0.7063633,39.64286,0.010014534,-0.060715675,-0.17916298,4,52.962177,2.8439467
9.922727,7.6231728,39.126816,1,1,-1,-0.01951028,0.045445144,-0.00052792206,-0.81949973,1.9887255,-0.031558048,36.460556,41.909077,178.64395,1.9754932,-2.3890774,2.1995194,2.8788052,-0.5839603,-2.9882474,0.0,0.0,0.0,-0.30527803,-0.30527803,0.1116998,-0.33718872,-0.051960945,-0.0062627792,2,114.74117,0.92211884
19.196705,10.294734,15.408092,1,-1,-1,-0.002428189,0.08262532,0.02549716,-0.049165256,2.8736298,1.501462,56.537643,10.956484,70.53623,-1.7431612,0.3566604,-2.2022312,0.22574265,-0.4727479,1.0262561,0.0,7.348473,0.0,-0.2391632,0.9160218,-0.41097793,-0.008495331,0.0021743774,0.0726738,2,79.2297,-2.9669266
12.315556,7.234739,27.860172,1,1,-1,0.06845487,-0.27633297,-0.01568814,1.2845598,-12.686118,-1.1643631,51.577114,7.8543973,51.45626,2.1107934,0.41098654,1.2237009,-3.0430398,1.2524607,3.1194737,0.0,1.2902856,0.0,1.1611164,8.359967,-1.2891998,-0.04113388,0.6829109,-0.056606293,1,26.1034,-2.1707618
7.1271005,28.048262,44.338406,1,1,-1,0.0017095155,-0.009375807,-0.012535772,0.065927885,-0.65663373,-0.94254243,9.776667,29.423193,46.749424,-0.8375768,0.31182745,-0.32829607,-2.788274,-2.4439359,-2.07241,10.123143,0.0,0.0,25.606934,-0.47334123,1.4236866,-0.026115417,0.024864197,0.06856537,0,171.13617,0.69310105
133.70842,37.55627,16.554825,-1,1,1,0.028140204,0.014259648,0.56435347,0.7370984,0.93917406,29.056877,394.82217,41.054176,26.55087,1.7459313,0.42831498,1.0500162,2.864344,-1.6343597,1.3677404,0.0,5.535422,2.2509243,-0.33070186,3.3563898,0.11734613,0.07740593,0.016641617,-0.03560829,1,152.39299,2.3979874
23.815296,7.532783,51.585278,1,-1,-1,0.7336003,1.3343109,0.009571227,1.6674975,2.3028579,0.7670372,30.23745,9.539275,94.001,0.7188153,0.71458644,1.2076418,0.09944232,0.051534522,-1.7506518,15.700564,25.793467,0.0,22.795374,52.39113,-1.2264987,1.1398832,2.5386755,-0.019135281,2,59.88432,-3.1249123
46.99038,28.781813,10.26574,1,1,1,-0.03392215,-0.049627617,-0.049627617,-1.8438653,-1.3064513,-1.3064513,47.81501,53.991203,19.257288,0.18707125,1.2421325,1.2421325,-0.9594948,-0.37795836,-0.37795836,0.0,8.863303,8.863303,0.18125793,14.150874,20.014166,0.054050446,0.84059525,0.84059525,2,73.486664,0.7099885
7.190841,59.783318,105.38232,-1,1,-1,0.10868494,-0.019191973,0.00973337,2.9304914,-1.5016246,0.7768394,12.217884,293.80145,106.57616,-1.1225685,-2.274809,-0.15037799,2.1546147,0.5204281,-3.1034095,15.311959,0.0,0.0,6.636785,-0.31124565,-0.20994666,0.03334236,0.11081123,-0.111896515,2,90.45826,-0.85840946
50.570526,29.527822,11.209872,1,-1,1,0.009640406,0.12460696,0.22700462,0.69064665,2.3770092,7.210862,58.396057,56.57778,13.558353,0.54938287,-1.2670937,-0.63650465,1.8140881,2.6531346,-2.8290627,0.0,1.0760885,15.748281,-0.9438924,2.1814303,5.5798764,-0.0005455017,0.063884735,-0.058242798,1,60.58664,0.69451225
27.622139,10.424468,40.43743,1,1,-1,-0.04626661,-0.018220155,0.030779807,-2.3386335,-0.52069634,2.1199934,35.303013,57.91564,145.36589,0.72946584,2.3997793,1.9527127,3.0632017,2.4335093,-1.1478077,0.0,37.601433,0.0,0.72290033,5.7725663,0.508178,0.007403791,0.03616959,-0.049532652,0,27.646704,2.8521903
35.26157,30.96937,40.30899,1,-1,-1,-0.0053463657,-0.09323298,0.0066513317,-0.35393158,-1.8225571,0.5069144,72.99189,120.60241,85.2855,1.356468,2.0357394,1.3813696,1.283527,-0.6238895,-0.42167813,0.0,15.656827,0.0,0.15411913,26.563007,-1.9368753,-0.030529976,0.32501316,0.083506584,5,150.87367,0.47154537
20.062983,14.720412,32.92399,1,1,-1,0.47576955,-0.006672682,0.012085188,29.12137,-0.3219173,0.8877985,42.429436,42.589638,33.532646,-1.380844,1.7242198,-0.1919637,-1.7409785,1.2324612,-0.33330694,38.284443,0.0,0.0,21.712093,-0.55651426,-1.1384867,0.07959175,-0.06002426,0.018445969,2,65.203545,-2.1337075
31.232378,43.70821,46.920963,-1,-1,1,0.032579497,0.013701496,-0.002392388,1.7712225,0.9841237,-0.1634037,67.3942,43.85481,209.5994,1.4036331,0.081844546,2.17711,-2.4394872,1.0293797,-1.5549172,31.202726,0.0,1.2485356,18.358469,-0.0203562,0.41886282,0.08950806,-0.00038909912,0.07285881,1,80.17719,2.306959
111.636665,17.398764,27.350445,-1,-1,1,0.009488068,0.6597399,0.006553707,0.72006595,33.421295,0.45639384,112.9433,33.917606,78.670555,-0.15285018,-1.2872541,-1.7179964,1.8532587,-2.8191187,0.55138695,0.0,1.0635405,0.0,0.56920224,14.138912,0.6227925,0.048641205,0.40686417,-0.07109451,0,63.155247,-1.6722693
65.684296,12.974352,15.4646015,-1,1,1,-0.004895364,0.101732865,0.043184366,-0.27316895,2.9807253,2.3922439,84.499275,61.30318,19.688152,0.73990226,2.2346134,-0.7231809,-0.9338603,-0.45249495,-0.84775203,0.0,1.1919863,0.0,0.1173945,8.585203,0.52064383,-0.05319214,0.04786682,0.027809143,3,97.41374,2.8783011
30.82295,7.130287,39.017452,1,1,-1,-0.017214539,0.22790195,-0.008661471,-1.0623474,4.84374,-0.62711036,43.615734,7.606754,40.054047,0.8822003,-0.36357042,-0.22998723,-1.6394984,-0.13597508,-0.068714775,0.0,41.98846,1.8882985,-1.0035911,3.7413764,-1.2360113,0.008197784,0.37358856,-0.07732391,4,225.9246,-1.0092545
13.118975,13.709025,50.8804,1,1,1,0.009885109,0.2760772,0.024874926,0.3869531,15.604875,1.9600891,16.506716,17.421705,58.875317,-0.7040247,-0.72028995,0.55349594,-1.7437212,-1.8500329,-2.6171405,6.1142063,3.4131107,0.0,13.646827,13.490737,-0.8566691,-0.02337265,0.047763824,0.020355225,4,95.95385,-1.7557592
9.641697,9.704315,67.422806,1,-1,-1,0.028756289,-0.014089524,-0.0065888735,0.7160695,-0.90411156,-0.5289671,14.543169,14.635957,174.24069,0.96986556,0.96971375,1.6028724,-1.0695901,-1.2326413,2.105243,10.796978,10.179513,0.0,17.343945,11.242803,1.5817719,0.14190173,0.1020844,0.086005926,3,69.74724,0.25985783
20.024612,14.874057,41.99483,1,-1,-1,-0.016286634,-0.007591763,0.023391087,-0.61675096,-0.21140029,1.4882485,31.069714,14.89603,42.813934,1.007195,-0.05434962,0.19717334,-0.66045684,-1.6041384,1.051487,0.0,33.275803,0.0,-0.37232208,22.243666,-0.7050059,0.05571747,0.00566864,-0.031208038,2,19.68181,-1.5628924
12.560574,11.633842,9.5021925,1,-1,1,0.124526285,0.13522193,-0.044222593,4.670699,4.0183835,-1.7688283,16.68445,15.408745,9.606206,0.7896553,0.7852449,0.1478266,1.1595353,1.1705707,2.069904,9.457659,9.457659,1.1721417,5.7237873,26.730446,-1.2782793,-0.09377098,-0.10932732,0.0066013336,3,87.00648,-2.975115
25.18379,22.614695,10.836621,-1,-1,1,-0.028249033,-0.004517184,0.041045364,-2.0726779,-0.26764137,2.2423959,27.032955,22.71416,12.04044,-0.38090768,0.09375564,-0.46709764,-0.27695832,0.8739076,-0.3183687,22.597607,0.0,34.20607,18.415255,-0.33938664,31.938559,0.058876038,-0.037963867,0.107406616,1,26.575844,1.298885
57.655125,7.6866784,26.007805,1,-1,-1,0.012499259,-0.013716955,-0.0015559964,0.9126114,-0.2893636,-0.10217271,102.25051,24.043137,63.23457,1.1750029,-1.8069164,-1.5363433,-0.2560536,2.5296443,0.93207157,0.0,7.9406714,0.0,-0.79142505,6.626921,0.25977418,0.0072803497,-0.08459091,0.05355072,1,37.454567,2.2770789
100.913124,7.1786766,26.84499,1,-1,-1,-0.00050344056,-0.11894362,0.017530994,-0.0326444,-1.7453617,1.2947127,128.89815,8.994196,34.950153,0.7285208,-0.69700736,-0.75873846,0.2729784,2.2455873,-0.42867187,0.0,0.0,0.0,-1.0715395,1.9837782,0.5259786,-0.0141944885,-0.046813965,0.017799377,2,79.98796,-2.8080962
20.290596,12.327616,72.82923,-1,-1,1,0.03564957,-0.008165428,-0.0130341435,1.5679853,-0.5271576,-1.0594524,20.291174,12.575185,290.13858,-0.0075533357,0.1998991,-2.0592504,1.8258507,-0.33153737,-0.5747145,23.824766,0.0,0.0,15.428601,-1.4020659,2.6115494,-0.08712959,0.019670486,-0.05923271,3,89.58885,2.4351063
9.095575,17.839928,42.19382,-1,-1,1,0.5555321,-0.011880702,-0.023101155,25.392742,-0.7546008,-1.5290421,19.107767,29.080511,144.99538,1.3732793,1.0706803,1.9056988,-2.6911464,-0.9655777,1.1976326,26.575632,0.0,0.0,18.383642,0.18320483,-0.06259461,0.24229431,0.010093689,0.0123176575,1,82.98339,1.1344757
18.165163,10.5242405,25.883327,-1,1,1,-0.017384673,-0.009357913,-0.0067240656,-0.90009505,-0.4505905,-0.43728533,18.262278,10.949937,29.177624,0.103358425,-0.28347617,-0.49931142,2.5751216,-0.9060393,1.2338761,7.003981,4.47608,2.7305508,32.67479,4.341335,2.9361775,0.00079345703,0.6176529,0.011116028,6,83.55487,-1.6608438
39.250202,16.267393,103.04819,-1,-1,1,0.008979799,-0.0063945428,0.005032479,0.52859,-0.3850022,0.419676,46.612343,16.343534,108.12728,0.603295,0.09671491,-0.31269288,-2.7439787,0.12711279,-1.8030959,0.0,1.7316128,0.0,0.9662016,0.38376495,-0.6010235,-0.06309509,0.17399597,-0.077049255,2,53.455563,-1.2991971
60.381325,13.622822,19.457539,-1,1,1,0.0017357699,0.015284344,-0.016568245,0.10266237,0.49869508,-1.0968021,70.839424,29.715895,42.08899,-0.5803792,-1.415839,1.4063911,2.5612915,-1.1666005,-0.80748373,0.0,1.7097433,0.0,1.115997,12.965568,-1.4188582,-0.078207016,0.124902725,0.055246353,3,36.994953,-3.0819068
10.064659,11.368038,42.518818,1,-1,1,-0.016837377,-0.025596656,0.004449989,-0.8220423,-1.3163298,0.35515285,11.931543,20.257597,48.040733,0.6000375,1.1807812,-0.50428116,1.8771459,-2.7089827,1.8172988,8.3661995,1.7277561,0.0,15.546212,7.4167094,3.2285473,0.017989159,0.033955336,0.080251694,5,109.65501,-2.3323863
32.5403,16.920303,19.345785,1,1,1,0.5296226,-0.60183793,-0.0029046063,29.319855,-43.794247,-0.13669205,33.44604,17.398111,21.539309,-0.23539896,-0.2370941,0.4718155,-1.2467549,-1.1786454,-2.8551116,54.33326,54.33326,0.0,49.25193,62.88802,0.15297967,0.19513702,0.281456,-0.04392624,3,120.295906,1.661795
90.58935,8.429688,24.354193,-1,1,1,0.0060611,-0.06616852,0.00171369,0.43490076,-0.7750306,0.11199743,99.42379,41.291103,41.88713,0.43812495,2.2714481,1.1375848,-2.921146,0.45450398,-0.59304357,0.0,4.7324843,0.0,2.6524777,3.6601205,1.7253218,-0.009479523,0.06719589,0.026760101,1,48.41513,1.8851813
186.65166,39.61868,7.9131684,1,-1,-1,0.0017158797,0.06972995,-0.01211689,0.14180286,0.8811896,-0.43056148,319.7348,94.01911,18.650661,-1.1326343,1.5096656,1.5021132,-1.6733183,1.8261571,1.9130644,0.0,46.789326,49.960537,-1.61554,29.614838,33.010265,-0.013969421,0.037996292,0.12719727,4,110.3164,-0.97178745
18.014544,7.954133,29.083324,-1,-1,1,-0.15378821,-0.01897179,0.0031085731,-10.248197,-0.6938218,0.20394646,18.988409,8.12841,37.54515,0.32735243,0.20895341,0.7454389,1.5634468,-2.4626257,-1.0189083,5.6382217,11.905519,0.0,0.6057047,8.06122,0.4107256,0.16903687,-0.101249695,0.0011978149,3,43.710625,1.291324
32.65571,28.890835,13.425051,1,-1,1,0.007246876,-0.012838679,0.050155304,0.4456152,-0.7620164,1.4257247,36.564465,29.596344,16.059484,-0.48452356,0.22054978,-0.6166536,-2.0757465,2.550003,-0.3178317,0.0,0.0,3.9829724,0.9881443,3.569313,11.83636,0.049288273,-0.035769463,-0.16519201,2,61.4922,1.5503372
8.470903,31.35341,110.28424,1,1,-1,0.0038160516,0.009373835,-0.031611424,0.17392454,0.6578769,-2.1467462,8.951655,74.29851,110.88725,0.3353343,-1.5080879,-0.104521096,2.6703393,-0.06763239,-2.3362412,5.4301486,0.0,0.0,6.0942388,-0.2207001,-1.2216097,-0.098358154,0.058151245,0.15625763,1,19.7309,1.411162
125.720375,78.69273,7.29156,-1,1,-1,-0.006782256,0.00071411964,-0.19790177,-0.5123441,0.048218213,-5.999888,127.41685,78.758286,7.3317757,-0.1640961,0.040813044,0.10497924,2.7679694,-2.017124,1.2847431,0.0,0.0,1.7040294,4.1115456,7.150516,15.401371,-0.030685425,0.042617798,-0.13388062,2,84.29002,1.9108769
19.692783,9.444222,8.682767,-1,1,-1,0.018495081,0.049341608,-0.036181185,0.6958353,2.1285796,-1.7483516,30.780087,14.844298,15.85619,1.0167757,1.0240442,-1.2101874,0.173413,0.16193788,-0.4940342,2.087999,2.087999,0.0,8.000695,10.3081,-0.1924718,0.1412735,0.072402954,-0.17578888,2,62.902054,-1.5538346
33.5954,13.704615,28.574633,-1,-1,1,8.187087e-05,0.89339566,-0.0073664156,0.0051273704,21.022585,-0.49968502,33.74657,35.36331,77.20112,0.09482934,1.6012326,1.6508844,1.2905629,-2.204516,0.016509255,0.0,16.469593,0.0,-0.67093366,7.567646,-0.38045418,-0.016593933,-0.9773407,0.021110535,1,70.31665,0.5108007
11.719616,11.902481,45.542393,-1,1,1,-0.040035672,0.008897164,0.0017919339,-1.4679108,0.4158535,0.12617852,14.209024,15.396052,126.29481,0.64076954,-0.74857914,1.6789027,0.36275342,1.1811504,1.9743773,5.329473,11.183028,0.0,2.303327,7.198126,-0.020536866,0.222929,-0.11074066,0.105054855,2,45.602165,2.451194
96.67422,52.111668,9.575241,1,-1,1,-0.009231493,-0.0005965009,-0.011815247,-0.6490757,-0.036713984,-0.49936563,129.2344,72.17984,9.593089,0.7992883,0.8516385,0.061046522,1.3292779,-2.506383,0.24590093,0.0,0.0,9.142604,-0.3132588,-0.390458,2.3429835,-0.064331055,-0.011684418,0.08184433,1,38.893208,-1.6404597
44.37646,24.377842,11.525599,-1,1,1,-0.03426159,-0.10176278,-0.009604055,-1.8656712,-5.1585703,-0.47537914,78.79081,35.6717,13.367264,-1.1763835,0.928833,-0.5580433,-0.9390144,0.55585694,1.8628784,0.0,0.0,14.5829,-0.9933876,0.7512356,1.0685271,0.012138367,0.090465546,-0.0079193115,2,140.64537,-1.7121983
43.916904,9.878827,25.93557,1,-1,-1,-0.0037841394,-0.035118677,-0.0028857456,-0.26567987,-1.8477927,-0.21398053,44.205505,30.873114,30.852865,0.11457989,1.8059931,0.60643953,1.1015965,-2.1326697,1.8204741,0.0,0.0,0.0,1.7519752,-0.53296554,-1.1270552,-0.04389763,0.48312187,0.100162506,4,158.07614,0.2765168
14.674485,70.17824,9.480643,1,-1,1,0.12804927,-0.010745573,-0.045713227,5.099644,-0.8335006,-2.2729516,27.270617,96.35131,45.62313,1.2310275,0.83884436,2.2533324,2.7291684,-1.1248593,0.44059625,4.297035,0.0,0.0,25.995121,1.0684714,1.0014325,0.2719345,-0.0071907043,0.5472641,1,61.22269,0.2505054
44.86829,8.185292,14.411254,1,-1,-1,-0.053237315,-0.013596125,0.00089141936,-1.16909,-0.41433734,0.053254105,108.065895,8.561995,14.705962,-1.5259733,0.30223557,0.20176405,-2.7434804,1.1817588,2.9284844,0.0,1.5266869,0.0,-1.1622785,-1.1377898,-0.74577236,-0.04418564,-0.098731995,0.01486969,3,106.312744,-2.7507408
72.93608,7.04096,58.168083,1,1,-1,-0.02510103,-0.00056066766,0.021409962,-1.476697,-0.012181058,1.6401559,112.81689,7.7717123,190.36177,1.0031509,0.45174938,1.8545314,-0.93737155,-1.7666796,2.1886778,0.0,7.0440536,0.0,2.9631734,9.726694,0.4521216,0.015445471,-0.0037908554,0.03003645,0,16.058786,1.6782252
67.498116,22.395355,13.646804,-1,-1,1,0.010400584,-0.01725955,0.45054033,0.64991325,-0.09027986,22.13127,103.90308,99.00674,59.469833,0.9968171,2.1664371,2.1516786,-2.7122216,1.5037746,1.4473714,0.0,4.0242715,1.8700011,0.8119982,23.154789,37.883144,0.021812439,-71.63004,0.7517395,5,33.459644,-3.0893495
77.78384,9.940233,71.96602,1,1,-1,-0.00036325082,0.017999627,0.008742058,-0.023967069,0.5727427,0.7103148,120.12118,10.439087,77.04543,-1.0010325,-0.31550288,-0.37353665,1.2560836,-2.6724672,-1.7682079,0.0,28.82117,0.0,0.7427707,26.750286,-0.48627147,-0.014482498,-0.106698036,-0.09464264,2,150.57632,-0.09301634
50.494465,14.590751,20.223251,1,1,-1,-0.0058587836,0.020670213,-0.0015237278,-0.3896731,1.2729932,-0.091728605,126.60817,36.20643,77.13924,-1.570009,1.5586691,2.014282,-1.40974,0.16930588,2.176078,3.955577,1.4523706,0.0,0.10396729,1.5329372,0.22349621,-0.005724907,-0.005057335,-0.02231884,2,112.347275,-1.8171633
40.780037,18.111319,67.03385,1,1,-1,-0.0017905958,0.5119781,0.0041094325,-0.082545415,23.969442,0.31610388,62.63854,32.574993,67.11891,-0.9939595,-1.1919739,-0.05034705,0.1407221,-1.7823502,0.33686948,0.0,56.445972,0.0,0.5211213,55.509888,-0.89166635,0.05678749,0.0867939,-0.04509163,4,83.88412,2.3687153
78.14089,41.45856,22.958725,-1,1,1,-0.00465889,0.27670658,-0.011847367,-0.34586233,6.254224,-0.8200752,86.47726,43.297165,45.791325,0.45790625,-0.29672867,-1.3137773,-1.2105218,1.3104299,1.7908633,0.0,7.881835,0.0,-0.33815086,6.5690255,0.704986,0.042072296,0.15713501,-0.012577057,2,41.86655,-2.0233808
30.622753,59.760212,83.59285,-1,1,-1,0.048020065,-0.008340236,-0.0077187493,1.9881071,-0.6699915,-0.6221026,107.99492,68.32783,131.60242,-1.9327521,-0.52927274,-1.0261356,0.54853594,-0.69321364,-2.1422024,7.7484207,0.0,0.0,3.7107158,2.0690885,2.3818555,0.0442791,0.08399391,-0.036930084,3,117.60933,0.7909985
47.309578,27.77573,13.446853,-1,1,-1,0.22530842,-0.027045062,0.07112413,10.784229,-1.1905466,3.3045309,196.61592,101.06429,13.48483,2.1028874,1.9652997,0.07513903,0.6679348,-0.3718541,3.0941758,1.286776,0.0,0.0,15.169131,-0.8130631,0.107552856,0.8380852,-0.108745575,-0.02759552,2,258.9167,1.2563667
33.64621,30.531618,37.035015,1,-1,-1,0.019073578,0.0053126086,0.7655714,1.3305258,0.2885439,34.94309,39.854843,77.02463,81.4877,-0.5985242,1.5766888,1.4255639,1.3603569,2.4311745,-1.7708018,0.0,0.0,14.9330635,0.058927856,1.199302,29.307783,0.08592224,-0.011978149,-0.3362732,1,104.32647,1.1352274
47.032192,16.518713,9.491654,1,1,-1,-0.013787792,0.03715611,0.2212313,-0.7034919,1.0741187,8.291839,67.25168,22.156336,12.674176,0.8968964,-0.8043234,-0.7975881,-1.1199348,2.547941,2.5015502,0.0,200.42589,86.01557,-1.4977825,49.33079,107.361176,0.01914215,-0.045243263,0.6539984,2,98.77161,1.7506466
13.290987,11.458888,35.2515,1,1,-1,-0.031831466,-0.025674121,0.00043417836,-0.83230567,-1.019108,0.033315632,38.654327,29.184284,41.967007,-1.7297591,-1.5870298,0.6078492,1.7410988,1.8410325,1.1000179,13.077863,5.807116,0.0,12.144596,12.470935,-0.21298657,0.027635574,-0.115065575,-0.017215729,4,93.1129,-0.22110943
8.185658,29.241606,52.509647,1,1,-1,0.5634645,-0.03148709,0.0035010655,21.842888,-2.2754898,0.24914992,9.263011,45.125202,63.38064,0.50759214,1.0000851,0.6328559,2.6951866,-0.96960026,-0.4476862,15.980025,1.5633464,0.0,8.020555,-1.109524,-0.058368288,-0.93412286,-0.015541732,-0.0045852065,2,31.951744,-2.871285
56.64386,7.883185,54.24942,-1,1,1,-0.03789386,-0.15833397,0.0063167117,-1.2541174,-6.0133433,0.42794627,329.79623,7.888068,54.866886,-2.4473808,0.03519637,0.15072174,0.091409676,0.5803007,-2.8417885,0.0,3.9123104,1.5175008,-0.7167105,7.368568,1.6872323,0.38659668,-0.0005226135,-0.020629883,2,165.02556,-0.1301277
43.172302,7.667561,33.898186,1,1,-1,0.008727466,-0.027803292,-0.009041476,0.4791072,-0.8869796,-0.5867089,105.44984,14.878608,51.31769,-1.5413692,-1.2818801,-0.97473097,1.8514574,-1.6866605,1.5351083,0.0,5.9680567,0.0,-0.8832104,6.2822747,-1.4737515,-0.02312398,-0.03042531,0.029844165,4,65.18916,0.22493097
67.89358,29.661251,54.321205,-1,-1,1,0.030368637,-0.17213711,-0.0090634115,2.0711868,-9.549877,-0.722484,94.572105,30.553701,63.00877,-0.8597782,-0.24469738,-0.5582795,0.17040086,0.55430293,2.201995,0.0,1.9739858,0.0,0.0016933898,24.720537,3.2125623,0.013872147,-0.1380291,-0.029317856,4,51.677097,-1.6705604
45.271343,21.117699,8.953545,1,1,-1,0.0065730014,-0.10370931,0.09339662,0.46797985,-5.5166373,1.7488526,88.83383,66.36813,23.470695,1.2948852,1.8119226,-1.6183059,1.778026,1.1913034,-1.3910629,0.0,0.0,1.310059,0.54441816,1.2605064,3.777543,0.10536945,0.030653954,15.235143,1,124.36083,-0.092096545
68.532486,10.484847,10.464345,-1,-1,-1,0.10913504,0.66068417,-0.42161036,1.7533286,19.997847,-9.722854,204.17693,21.245247,31.801609,1.7553902,1.3320001,1.7764515,1.2919813,-0.7943482,2.2964792,0.0,4.868453,5.2420855,-2.4195573,9.831147,4.7950425,0.05444336,-0.038463593,1.396553,3,33.02574,2.4544823
31.711704,15.277256,156.41899,-1,1,1,-0.022909265,-0.6137684,9.554954e-05,-1.4587283,-22.46297,0.0080264015,35.06811,24.21574,320.78876,0.45612538,1.0349334,1.3458196,2.9247744,-3.0083077,0.24470596,0.0,13.473359,0.0,-0.24414916,8.473778,2.2999134,0.07609177,-0.57500076,-0.019611359,2,163.24425,-3.0124545
48.101738,8.93996,40.02294,-1,1,1,0.009573321,-0.026758507,-0.010540496,0.507004,-0.8817176,-0.7483645,51.033585,18.623549,41.54464,0.34739494,-1.3637033,-0.2748774,-0.636227,1.9636029,2.2629938,0.0,0.0,0.0,0.27140313,-0.31515643,2.3840349,-0.07667804,-1.0608754,-0.009782553,0,50.340477,-1.545061
7.0584607,98.45298,84.85518,1,-1,1,-0.10887103,0.0039018786,0.001377935,-1.8257189,0.3297114,0.11567652,10.692612,151.83948,85.587,0.975602,0.9992958,-0.13123378,-1.3991473,-1.3682932,1.2720302,1.1057122,7.3316007,0.0,0.66702867,5.936953,-0.19401757,-0.0076179504,0.030593872,0.08665848,3,56.41167,-1.4031216
14.388093,17.201717,8.61638,-1,1,-1,-0.0277891,-0.034990367,-0.002397028,-1.3410594,-0.8398811,-0.08485555,15.905041,24.97376,37.68338,0.45525497,-0.91802,-2.155367,-1.922353,-2.84915,-0.23364733,0.0,4.897509,4.479731,1.0626339,-0.1896496,8.448456,0.068074584,0.15727067,15.952679,4,96.61782,-1.999762
31.463255,11.67492,46.012062,-1,1,-1,-0.27237695,0.41907868,-0.020391084,-10.386958,24.436462,-1.5922028,35.622143,13.1597595,50.004856,-0.5086626,-0.49914724,-0.4136375,-1.1350709,-1.1932745,-2.1928277,22.75869,27.953302,0.0,14.091318,18.105003,0.30134887,-0.17375708,-0.27062464,-0.035093784,3,30.502325,0.35712138
33.838078,18.357836,8.6600065,-1,1,-1,-0.0060007344,-0.07543549,-0.0034006138,-0.41254824,-0.8012747,-0.0963426,39.97592,18.551159,48.8042,0.5935584,-0.14499955,-2.4142818,2.3723297,-2.7969532,2.3105826,0.0,3.2723584,2.971676,0.104897946,0.25565577,20.898874,0.016159058,0.031642914,-0.22586918,1,76.10515,0.7011077
56.41991,39.40663,105.542,1,-1,-1,-0.008416596,0.10713007,0.02487939,-0.5655392,6.6769285,1.8160523,89.580956,53.118443,107.996376,-1.0371013,-0.81174356,0.21524362,0.36091584,-0.48424405,-0.59149843,0.0,1.6231608,0.0,-0.1614923,9.914052,0.7601482,-0.058582306,0.047542572,-0.03718567,0,299.33246,-0.1127302
17.32154,9.314166,43.998676,-1,1,1,0.108933255,-0.24385102,-0.0025244623,2.062443,-3.7550914,-0.2053694,43.56776,23.426025,47.20578,-1.5734247,-1.5733643,0.37952492,0.7111399,0.7200121,-2.5560725,1.5287573,1.5287573,0.0,-0.798063,0.6530693,-0.6362914,0.12299347,0.17789459,0.021316528,2,40.345722,-2.767588
60.433487,18.453812,13.907409,1,-1,1,-0.0010627658,0.013122151,-0.07635926,-0.06582531,0.6291776,-4.294113,62.01808,18.801857,14.222747,-0.22850245,-0.19391418,-0.21255077,-2.3726857,-0.91923904,-0.91922635,0.0,19.264938,61.160248,-0.83383787,58.358315,55.62161,-0.06096649,-0.03226471,0.67095184,6,27.416174,-2.7899652
16.430267,7.342587,50.293488,-1,1,-1,-0.05162866,-0.027056694,0.010873309,-1.9884684,-1.2335281,0.8394165,19.225275,8.56205,79.850525,-0.57532215,-0.5686422,-1.0370489,-2.963039,-2.957138,-2.103048,11.698843,25.707037,0.0,24.90058,24.124956,3.2373135,0.81417847,0.13043213,-0.0070724487,3,42.52162,-2.0004132
16.29407,7.623809,8.240467,-1,1,-1,0.0031390984,-0.4707098,-0.1381489,0.19155511,-16.372484,-5.1056666,16.300385,7.7914352,8.3312645,0.027838683,0.20931841,0.14831242,0.10620184,1.2613952,1.2372164,18.564943,8.50732,4.6453857,12.887197,19.93193,17.360197,0.033273697,-1.651535,0.12064552,2,77.18182,0.3004377
17.292974,7.3473096,19.143738,1,1,-1,-0.35824457,-0.8407457,-0.00078010967,-5.2357926,-27.812805,-0.05677344,94.36163,13.241072,23.160164,-2.3814774,-1.1943567,0.6369305,-2.24121,-0.5569319,1.5980152,3.8230197,0.0,0.0,4.4983196,14.556999,-0.31150904,1.193984,-1.3470707,0.0020313263,2,82.85784,-2.678735
56.33527,31.169188,33.320534,-1,1,1,0.008863082,0.0064617572,-0.015988063,0.46019402,0.26525855,-1.2996808,96.96809,32.32718,33.588913,1.1385553,0.27174997,-0.12679614,-2.3193233,-2.913898,1.4742063,0.0,2.3800337,0.0,-0.60976386,25.767399,-0.87171304,0.039818764,0.056868553,-0.07673073,4,84.54602,-2.920908
37.573574,18.674662,10.270238,1,1,-1,-0.021324845,0.38908142,0.021807155,-1.1187078,19.911549,1.1103176,53.168972,23.761131,13.081402,-0.8822225,0.7222667,0.7239761,-1.1615591,-2.707428,-2.6731126,0.0,15.056408,1.9132744,3.430614,25.046095,29.66166,-0.0010566711,-0.08530426,-0.041294098,1,58.06111,-2.7343988
34.43694,26.482365,25.20728,1,-1,1,-0.22995144,-0.0078279795,0.0046452293,-4.0320115,-0.528531,0.30481568,61.404484,47.321007,54.617176,-1.1815411,-1.1841,-1.4082687,-1.3102692,0.646489,1.5906848,20.380976,0.0,0.0,0.5986325,-0.63913184,-0.5913212,-0.15747833,0.053110123,0.076086044,1,93.42498,2.4242792
46.207962,12.793574,11.180941,-1,-1,1,0.00317036,0.040963385,-0.028872717,0.1333091,2.1997244,-1.1810164,158.77663,13.564875,28.120117,1.9056135,0.3455195,1.5733246,-2.0043275,-2.1874073,-0.70810324,0.0,20.489428,1.6199238,-0.34868264,20.541443,1.0716705,-0.029117584,0.06002426,-0.036693573,1,85.824684,1.8242668
8.791318,63.169964,76.59199,-1,1,-1,0.030421149,-0.00080138724,-0.00015861838,0.9023136,-0.064714395,-0.012544526,19.332249,80.32861,121.59308,1.4249146,0.72131634,1.0369296,-1.3641942,1.8555394,2.6105752,9.762036,0.0,0.0,5.082153,-0.6301731,-0.6301731,-0.15583038,-0.09755325,-0.038970947,2,54.760017,0.10519177
79.67238,14.760373,8.196693,-1,-1,1,0.010141392,1.8487219,-0.1692478,0.6885246,18.91952,-4.0200057,87.1241,63.30537,8.975834,-0.42920136,2.1352944,0.43263504,0.3857504,-3.0402224,1.5270773,0.0,28.226809,2.215581,-1.2495102,25.10762,7.8350706,0.049144745,-0.2864418,0.62506104,2,27.753706,-1.5650519
45.282528,41.108757,26.784403,1,-1,-1,-0.008936844,-0.06518478,-0.0028441064,-0.34271732,-0.60353154,-0.14164977,88.62741,93.3824,41.67617,1.2918929,1.4612246,1.0109036,-2.4994175,1.1374389,2.18424,0.0,2.3321884,0.0,-0.9512561,2.5471013,-0.7210105,-0.00025558472,1.0001717,0.0047912598,1,67.525604,-0.39081675
11.581879,76.62762,33.271626,-1,-1,1,-0.016040916,0.00121892,0.020674739,-0.20312306,0.1013795,1.2844622,34.140125,91.896866,119.84494,-1.7440794,0.621253,-1.95479,0.34533393,-2.7532222,-2.7702913,13.876321,0.0,0.0,0.9481446,2.4011848,5.3838716,-0.3249054,-0.034496307,0.08173752,1,77.75195,-0.4726748
12.405451,42.673027,26.841854,-1,-1,1,-0.016887411,0.002267829,0.0023747236,-0.5197082,0.15134223,0.16356657,52.492386,207.47816,34.796997,-2.1214147,-2.2638588,-0.7520417,1.8736035,2.5665216,-2.116641,1.3458133,1.3366154,0.0,2.0036268,-0.313959,3.4002383,-0.105041504,-0.066905975,-0.025959015,2,138.62625,1.6451701
22.12473,8.923515,19.533016,-1,-1,-1,0.054317012,-0.051666074,-0.010456762,0.9086183,-1.2216057,-0.63636565,33.428265,10.811759,20.447487,0.9721103,0.6395857,-0.3047692,-2.0623846,-2.7993224,3.0754828,28.443785,22.164692,0.0,30.02294,21.134956,1.2960244,-0.05067444,0.018192291,-0.040843964,5,78.65611,-2.6187305
14.97033,16.821495,71.426544,-1,-1,1,0.004880691,0.01511788,-0.03423957,0.25773412,1.0041461,-2.7543302,19.09526,23.284634,74.47502,0.7262801,-0.8507045,-0.29113102,-2.5939,1.8082756,-0.11368585,3.283125,0.0,0.0,2.517463,-0.47363198,0.0053694765,-0.028625965,-0.012911916,0.16226268,2,57.715946,-2.2024386
14.738528,55.856956,30.185408,1,1,-1,0.01291132,-0.010945825,-0.008042639,0.52513224,-0.85472935,-0.60400474,85.03891,112.511345,38.96178,-2.4381955,-1.3251609,0.74519145,1.3706753,1.1794406,-0.8093672,21.174452,0.0,0.0,23.886929,0.6869242,-1.0157323,-0.054843903,-0.01240921,-0.019329071,3,112.0471,-2.6097353
42.001244,17.449348,7.056689,1,1,-1,-0.019419266,0.09907109,0.023679443,-0.98407876,4.7988963,0.76929355,83.25423,26.830536,7.0841265,1.3066107,-0.9953427,-0.08815483,2.9526076,-2.7737396,-2.5482125,0.0,5.206981,0.0,1.4502857,-0.5653684,2.3298922,0.00617218,-0.3440113,0.085092545,1,117.674446,-0.83657104
53.183098,8.053546,28.937551,-1,-1,1,0.024661902,0.06331667,0.022390667,1.6965461,0.7945066,1.5311198,71.844864,45.406178,29.523909,0.814988,2.4147236,0.20093939,0.073820874,-1.5334046,0.3152388,0.0,34.556034,1.7871674,0.85290706,54.499123,-0.4228396,0.013805389,-0.1740036,0.008609772,2,123.15616,-2.962345
12.036823,12.37922,47.695923,-1,1,-1,0.38318682,1.0831878,-0.011738375,10.871134,60.041588,-0.90376365,14.873394,15.259777,49.27175,-0.6737106,-0.66961163,-0.256345,0.7043544,0.65911543,1.9527073,5.140505,22.55553,0.0,26.019772,35.208122,3.8653202,-0.061294556,-0.13462448,0.025066376,5,74.704636,1.80901
8.390284,9.532279,93.320404,-1,-1,1,-0.02480858,0.040412903,0.011377135,-0.8695416,1.4097527,0.9523484,8.497919,9.797971,156.41609,0.16000816,0.23556,1.10567,-2.3320758,-2.463826,0.49239254,51.786133,50.981,0.0,28.65526,33.37759,0.042084105,-0.09745598,0.058912277,0.027864456,3,124.98287,2.7158759
29.231817,30.835487,18.842522,1,1,-1,-0.0022381858,-0.030417344,0.005755367,-0.12752527,-1.12192,0.35160297,29.430038,86.64103,19.637495,0.116390415,-1.6929687,0.2894205,-1.0137639,-3.0951705,-1.8006632,5.3923044,0.0,0.0,8.844013,-0.17044681,1.5524473,-0.02161026,0.03634453,-0.054639816,1,85.467316,-0.23726204
80.41828,70.317604,57.39898,-1,1,-1,-0.0033762974,0.007383865,-0.0059469165,-0.24519856,0.4857283,-0.22006226,146.55373,108.45108,57.965954,-1.20774,-0.99933845,-0.1404389,1.1524936,-0.65931964,-2.0605447,0.0,0.0,1.3834181,-1.0875723,-0.06818774,14.962948,0.022338867,-0.036460876,0.14839935,1,83.02755,2.525411
24.00288,14.944477,101.62232,-1,-1,1,0.08566382,0.055104867,0.002046828,5.487467,2.7271817,0.16539492,28.927399,15.320401,149.19173,-0.6300928,-0.22382998,-0.93332726,-0.07733611,0.8328097,-0.9993506,1.3405877,3.5244265,0.0,-0.5563031,-0.5226565,-0.008482178,0.012965918,0.048288822,0.07497072,4,29.797018,1.8502822
9.821769,19.554157,103.91747,-1,1,-1,-0.061736148,-0.028391033,-0.032819834,-2.2762277,-1.8954147,-2.420358,24.970766,47.853725,405.8529,-1.5851157,-1.5434757,-2.0387325,2.6660874,0.3621594,-0.93998986,2.9266899,0.0,0.0,-0.10783856,-0.38727006,0.19916476,-1.6980133,-0.047115326,0.034355164,1,72.7435,2.1003456
101.72006,59.168095,17.70057,-1,1,1,0.21787433,-0.04608126,-0.053286634,14.942557,-1.7893841,-1.6415784,107.54428,69.53689,28.927736,0.33680603,0.5836971,1.0739467,0.46486545,-0.12937085,1.5670811,0.0,6.4598017,1.2503729,84.949905,24.961147,5.0118628,-0.5822029,-0.024814606,0.069877625,3,464.01587,0.69208264
55.222,33.405552,18.881136,1,-1,1,-0.19842501,-0.019856617,0.03317183,-3.4972816,-1.1963922,1.6987386,106.240326,90.83986,22.533192,1.2718484,1.6578588,0.6123576,2.220093,2.4067633,1.1706438,0.0,0.0,15.549766,3.6362455,2.2186885,4.406905,0.103027344,-0.00078582764,0.17630386,1,62.704372,-1.4919531
46.34531,42.641125,25.34014,1,-1,-1,-0.036866546,0.0424254,-0.028270477,-1.3713231,0.6781654,-1.1288446,134.4986,149.50972,82.588715,1.727481,1.9267038,1.8502183,1.3173028,-2.2393358,1.2796812,20.902546,0.0,22.6421,26.472498,1.0621226,43.324505,-0.13478088,-0.011926651,0.10114288,0,57.725716,-0.6191964
20.246758,14.392053,49.788887,1,-1,-1,0.03004725,-0.04966925,-0.017266903,0.9323233,-2.4638755,-1.347548,42.323456,19.378738,50.358746,-1.3676351,0.81011736,-0.1511389,-1.1380694,-0.6570371,-2.7962081,10.403158,5.830042,0.0,8.635178,5.0298843,-1.2041194,-0.1062088,-0.17963791,-0.09701538,2,63.134026,1.3414758
27.70569,11.260399,8.896393,-1,1,1,0.0015713876,-0.3728987,-0.03974218,0.078369975,-10.939683,-1.1083814,92.487,18.276855,42.366177,-1.875348,-1.0652548,-2.242641,1.2892216,-1.907917,0.04568817,5.3576574,33.785637,0.0,-0.5341232,40.908264,-0.48208717,-0.027290344,0.52705383,-0.9001732,1,66.1765,-2.826855
8.895364,7.1011147,60.832535,1,-1,-1,-0.12466326,-0.11402194,0.006192832,-5.0926194,-1.1807714,0.48383224,9.288558,14.217116,165.75877,0.2962438,1.3181674,-1.6600442,0.4599645,-2.2089744,2.3568108,5.138526,8.945806,0.0,7.8386216,3.1700773,0.0025072326,-0.2354126,0.042533875,-0.0049552917,2,81.5415,-1.4759932
127.68456,7.3296843,60.080585,-1,1,1,0.019569993,0.41473484,-0.017106107,1.3776797,7.883369,-1.3314931,144.45052,8.096241,114.09454,-0.50701183,-0.45345065,-1.2565917,-2.8361144,-2.266624,0.5453117,0.0,68.60206,0.0,-0.6887563,51.0091,-0.07417169,-0.13772011,-0.2461834,-0.034671783,3,60.270237,1.8296894
30.74856,14.143993,10.96874,1,-1,-1,0.0045929733,-0.0076521803,-0.10961715,0.27443126,-0.3030916,-4.8146687,59.828827,27.59936,10.998851,-1.2850507,-1.2883809,0.07407943,1.7628345,1.766783,-1.4127821,9.89886,9.89886,0.0,29.745937,29.461266,0.26740032,-0.025577545,-0.098529816,0.31258392,1,62.87898,-0.55248123
9.985856,7.390552,100.526985,1,-1,-1,-0.10003346,-0.061244134,-0.015974158,-0.98501647,-1.105112,-1.3344322,28.20495,20.889303,221.86186,-1.6985528,-1.6993088,-1.4289758,-0.11327014,-0.11482439,0.6512966,1.5582013,1.5582013,0.0,1.0261973,1.1904802,0.6758826,0.08619404,-0.027565956,-0.07207966,4,47.306725,-0.32440984
77.6725,32.054306,19.985325,1,-1,-1,-0.009605421,-0.009336219,-0.018814325,-0.55241764,-0.5756687,-0.9245148,136.25098,38.9912,20.053293,-1.1617107,0.6465702,0.08245027,-2.4503207,-2.0703187,0.11569498,0.0,0.0,2.1602645,-0.7249653,-0.114926144,5.0871162,0.0026569366,0.11798668,-0.133914,0,90.96855,0.9603002
31.856817,24.90666,41.202362,1,1,-1,-0.0055896984,0.06754698,-0.0108847795,-0.2393448,4.7640963,-0.83705574,61.058456,25.904842,46.536987,-1.2674417,-0.2821773,0.50352687,1.0235116,-2.2805154,2.8799028,0.0,58.31104,0.0,-0.4719497,36.800785,3.73751,-0.006828308,0.18513489,0.029317379,2,63.694866,-2.0877404
35.917156,8.199204,7.0269823,-1,-1,1,-0.030782571,0.0077147703,-0.0013555387,-1.8566355,0.30273288,-0.05877517,52.5791,9.111679,32.026722,0.929409,-0.46751097,2.1976964,1.9419324,-0.73335046,0.12673199,0.0,14.867976,0.0,1.049606,0.9785771,-0.7065622,-0.037605286,0.24353409,0.1298294,4,105.88905,-1.1996886
74.11453,48.389915,9.716682,1,-1,1,-0.0049323267,0.0017421005,0.04084465,-0.3454593,0.12120499,1.118457,117.886566,84.066696,16.10877,-1.0394052,1.1499032,1.0919698,2.7330592,1.9653434,0.34996828,0.0,0.0,23.803034,0.32540217,0.88071936,15.653463,-0.018196106,-0.008010864,0.110672,3,117.01345,0.31994435
65.52286,8.945372,39.21813,1,1,-1,0.036283877,0.036283877,0.004717996,1.5429215,1.5429215,0.31877556,75.122574,10.255954,39.51167,-0.53491217,-0.53491217,0.122244745,-3.0963523,-3.0963523,2.2152119,35.272522,29.551191,1.8847371,32.90802,45.08095,-0.4283014,0.005736053,0.005736053,0.041582465,2,25.32874,-0.26837388
15.576492,9.149491,48.301098,-1,-1,1,-0.044131946,0.35390732,-0.014178053,-1.5258061,5.0007844,-1.0710042,22.838877,12.790764,158.73485,0.93159515,0.86494535,-1.8589323,1.0429606,1.040654,-3.0210361,35.649204,23.668606,0.0,27.169773,27.987473,0.18059424,0.021175385,0.29773712,-0.073438644,2,56.51839,2.7212021
24.151693,12.107658,84.851845,1,-1,1,0.025832716,-0.008839243,0.013972674,1.2493665,-0.10305534,1.1373883,26.401842,12.437367,167.14609,0.42838192,0.23284641,-1.2993777,2.1352403,-1.751632,2.0195117,10.045538,11.04116,0.0,-1.3801248,8.270829,-0.3743834,-0.047828674,-0.08657265,0.03129196,1,89.88891,0.27192852
28.068956,22.475979,8.9384365,-1,1,1,0.00919573,-0.013891324,0.008824265,0.58634555,-0.9297903,0.3598906,68.27863,22.759676,16.210026,1.5368695,-0.1587184,1.2018949,1.0200676,2.4215367,-2.8863828,0.0,6.1055946,1.3731792,-0.78682613,22.795147,4.4308796,-0.020886421,0.1649847,-0.06469822,3,114.996994,0.53242356
23.336536,23.347635,29.780472,-1,-1,1,-0.030260414,-0.017233392,0.03336992,-1.812186,-0.99431324,2.0628839,35.974762,58.86987,89.35421,-0.9987083,-1.5761129,1.7628983,1.9593934,2.1643846,0.067152195,1.1195141,32.40325,0.0,1.6292791,42.78958,0.040090088,0.026863098,0.027118683,0.057891846,3,74.04792,2.7188032
24.065168,14.711434,53.60222,1,-1,-1,0.0034693487,-0.05627766,0.0011089009,0.18562293,-3.6006584,0.088730365,25.027857,15.967455,53.64058,0.2819202,-0.41033933,0.03777957,2.135971,-0.31263545,0.07101696,1.4938357,8.593039,0.0,-1.7933081,8.54453,0.76646096,0.07901001,0.036102295,-0.056480408,5,117.05208,-2.9423943
46.888184,7.270474,28.504145,-1,-1,1,0.13785067,0.028841844,0.008063836,4.121436,0.7006443,0.5892136,220.25388,9.258758,29.410872,2.228635,-0.7236646,-0.25154144,2.9193394,0.5530845,-0.53412014,37.234074,26.036936,0.0,47.224773,32.203625,-0.38930163,1.1930771,-74.87502,-0.011833191,1,86.731865,-2.09636
24.54355,81.645935,159.14297,1,-1,1,-0.021703811,0.0014319641,-0.016256945,-0.5893503,0.12114188,-1.1650618,47.742073,119.03423,268.93488,-1.2847238,-0.9238055,-1.1158468,-2.4968078,0.8931129,-2.3067422,168.56262,0.0,0.0,0.50220674,0.09131934,3.4659078,-0.095947266,-0.020879745,0.053937912,4,45.346992,-2.678396
63.18768,33.73505,9.312566,1,1,-1,-0.053793706,0.0035661126,0.12948996,-1.5335722,0.16733335,0.85415095,74.04197,51.20786,10.913927,0.57805556,0.9783019,0.5783478,2.0084913,1.5886728,1.999916,13.024288,7.9873796,15.838394,46.202442,7.4892607,70.025635,0.0479815,0.055557013,0.10289836,3,60.773167,2.0377395
27.849745,9.855725,29.690048,1,-1,-1,-0.0039273105,-0.099077046,0.016045759,-0.20529062,-1.9725598,1.1119853,45.11874,54.616596,73.41553,-1.0628798,-2.3971903,-1.5548192,-1.043166,0.45063657,-2.9785495,0.0,6.3226547,0.0,-0.027772706,1.4592227,0.38611126,0.029396057,0.03463745,-0.029441833,2,59.65729,2.739252
42.930447,13.32472,149.61731,-1,1,-1,0.3312123,-0.60934865,0.00051516906,19.511282,-12.19989,0.044316147,43.05184,13.374098,160.33398,-0.075184904,-0.08606278,0.37626544,2.748864,2.8084824,2.3146982,5.8580966,65.36293,0.0,48.713253,68.38589,2.7974608,0.3949852,0.3839264,-0.01858902,4,94.43837,2.835023
10.325227,63.587376,211.16101,-1,-1,1,0.02639856,0.0036096585,-0.0025479568,0.9532682,0.28574753,-0.2184495,10.761866,63.69701,278.61578,-0.28980625,-0.058690403,-0.7794284,-2.110295,0.9048336,-1.2009931,15.47028,0.0,0.0,16.91679,1.7912964,-0.94130224,-0.8227234,0.10901642,0.014694214,3,131.32819,1.1004379
31.688042,8.637654,40.162964,1,1,-1,-0.014192394,0.020917926,-0.009666846,-1.0010917,0.6779874,-0.70222515,37.551876,8.666412,42.03554,0.5993455,0.081579015,0.3041819,0.86729956,-2.062067,1.3028789,0.0,9.151431,0.0,2.959468,14.773949,0.83238304,0.0688591,0.0055007935,-0.033546448,2,192.39635,-2.0652976
76.905045,32.072548,13.438329,-1,1,1,0.04905779,-0.00647565,0.27152768,2.5762703,-0.33015049,12.522959,142.11945,53.492504,19.720564,-1.2243723,-1.0995065,0.93275636,1.979843,-2.9466681,-2.3749874,0.0,0.0,6.8842616,0.19623865,0.14167506,-0.49666888,0.03907776,0.044231415,0.3613491,5,62.049343,-0.50549674
9.119153,30.703934,32.399826,-1,-1,1,0.0033245934,-0.02962748,-0.0036457926,0.11435205,-1.8265642,-0.26593077,9.880529,92.7883,51.102974,-0.40584564,1.7705044,-1.0285429,-0.49311993,-2.1118145,-0.7743753,0.0,0.0,0.0,-1.664219,-0.26035634,0.36198157,0.038064957,-0.01313591,-0.028268814,2,115.19295,2.9025133
10.941858,48.863823,55.49016,-1,1,-1,0.23111373,-0.0049050995,-0.026359426,6.963576,-0.34470376,-2.0242636,22.212395,52.965275,55.636112,-1.3341296,-0.4069045,-0.07248786,1.0349213,2.4419909,-1.4190683,14.572635,0.0,1.5625378,11.381332,-0.08686066,0.38730207,-0.58867264,-0.014579773,0.06380844,1,42.13151,2.3765242
24.53015,8.674919,48.756725,-1,1,1,0.016942361,-0.11384038,-0.023273941,0.8534944,-4.6353016,-1.8060524,28.202696,9.582072,49.422424,-0.5405961,0.4534283,-0.16504653,-0.77326405,0.5492473,1.9536266,0.0,22.784187,0.0,-0.5269823,2.7181015,1.9785026,0.025693893,-0.16082191,-0.06765175,0,152.75912,-2.2194674
25.105793,21.989355,53.330013,-1,-1,1,-0.0040381653,-0.0048204544,-0.0065941312,-0.21784687,-0.20014724,-0.33100006,36.415073,52.772045,283.66144,-0.9167334,-1.5220292,-2.3554733,-1.0324303,-1.5460526,1.4312983,0.0,10.95865,0.0,-1.119229,14.320429,-0.46384308,-0.06252265,-0.14462924,0.027517557,2,43.455215,0.0040637315
17.501152,7.2503924,34.10216,1,1,1,0.018357158,-0.64572555,-0.01135506,0.9839777,-8.881016,-0.8503499,23.16674,10.1616125,35.606853,-0.7843814,-0.8685703,0.29596588,3.1091392,-3.1062121,0.9346953,7.248107,21.456898,1.3118011,11.524195,17.002453,-0.09940216,-0.18324852,0.7554436,0.0072727203,0,96.858734,-2.8732758
53.72391,22.739874,12.555376,1,1,-1,0.005005636,0.00523655,0.011863246,0.33561942,0.34550005,0.42172536,133.1418,23.552935,12.98322,-1.5572615,-0.26662266,-0.2603259,-2.7857454,-1.2755215,-1.226601,0.0,5.705417,25.248785,-0.049127012,42.405777,43.036335,-0.007127762,-0.018086433,-0.043828964,3,27.474844,0.085928515
16.191519,7.272488,42.81805,-1,1,-1,-0.024298128,0.007877133,0.015123268,-0.9054957,0.17345196,1.1946054,16.675726,10.395199,50.50633,-0.2439554,0.89638686,-0.59063417,3.1171873,-1.174767,-1.1479504,30.7016,8.566865,0.0,36.421852,6.6587415,-0.8817847,0.00050258636,-14.418098,0.016291618,3,53.390423,1.4424244
29.280804,17.941298,48.015404,-1,-1,1,-0.017828144,0.083562955,0.0033618968,-1.1955172,2.580948,0.26768312,35.91755,41.563087,162.07045,-0.66117907,-1.4830314,1.8869537,-1.1604574,0.08900241,1.9290203,0.0,2.0295832,0.0,0.23879059,5.5042095,-0.28208756,-0.048971653,-0.014298916,0.030740738,1,79.45866,-2.572087
12.11199,8.403236,30.569775,1,1,-1,0.0065426547,0.010637914,0.0051174685,0.20115118,0.47785434,0.3275974,34.38443,18.496569,31.01988,1.703983,-1.4259722,-0.17135932,1.1154686,-0.5912129,1.6012685,5.778213,0.0,0.0,9.220966,-0.8089867,-0.06626648,-0.08229828,0.06549072,-0.070379496,4,38.877037,-0.25483796
47.248962,13.161862,28.272007,1,1,-1,-0.013524669,-0.0821825,0.027015796,-0.8929038,-2.7974565,1.8085319,59.969166,13.39635,140.84673,-0.7182419,0.18848374,2.2887182,-0.73566806,1.1067687,1.414961,0.0,0.0,1.1286806,0.41633484,10.411452,1.1751823,-0.022705078,0.06856537,-0.09835625,1,62.429344,-2.1420877
7.2247562,56.648067,66.834595,1,-1,1,-0.008311506,-0.021881996,0.0020187325,-0.20530568,-1.7245489,0.154931,12.5871,82.686264,68.18912,-1.1533736,0.9254209,-0.2009853,0.97853106,-0.27919793,1.982091,23.453386,0.0,0.0,13.507647,0.1893662,-0.9119009,-0.50981,0.0010128021,0.071838856,4,106.2476,-2.4125412
87.4814,67.92279,17.72453,1,-1,-1,-0.0042043254,-0.002474846,0.03401214,-0.32450923,-0.15970299,0.7925175,88.877,111.78647,30.772648,0.17838639,-1.0827972,-1.1491175,-0.36197934,2.8883512,1.9385166,0.0,0.0,9.749133,0.44423243,1.8382759,17.5675,-0.07087326,-0.030536652,-0.1019516,1,41.412148,1.8602499
13.367796,11.160617,54.25018,1,-1,-1,-0.11230141,-0.13166457,0.01493884,-3.6211598,-1.3869733,1.2508494,13.863969,17.244053,66.07387,-0.27162355,1.0016999,-0.64878255,-2.6337054,-2.1414497,-0.4149061,19.03566,39.152355,0.0,7.373164,28.679691,-1.421994,0.441391,0.15005875,0.021793365,5,72.43098,0.9874351
19.454374,21.817644,15.337516,-1,-1,1,-0.03843305,-0.009449159,-0.01641568,-2.4462063,-0.6477492,-0.9933375,39.131416,57.6325,18.557985,1.3235368,1.6265903,0.6371694,-2.3393512,2.956394,-0.7488129,0.0,0.0,0.0,1.3284656,0.53702974,4.3425646,0.11066437,-0.08534241,-0.015235901,1,51.854443,1.7024763
46.318443,7.817115,7.188466,1,1,1,-0.031550586,0.68490344,0.563919,-1.5103401,25.091795,18.601124,46.646988,12.539155,11.730296,-0.11903623,1.0502152,1.0720404,1.1816137,1.1339549,1.1388315,0.0,61.85204,35.586334,3.223266,47.69871,49.798946,0.114112854,0.6309891,-0.23399353,3,63.5353,-0.45790774
44.858143,14.775498,9.050997,-1,-1,1,0.046885595,-0.32197776,0.031889893,2.4070835,-12.238399,1.3314416,44.860184,80.658714,19.828693,0.009532433,2.381907,1.4206966,1.575384,0.55348516,0.61147565,0.0,19.789818,0.0,0.50217235,16.633387,-0.21988459,-0.20546293,-1.4430561,-0.009019852,3,49.938927,-2.0276055
17.974678,24.208729,11.952945,1,-1,1,0.41393715,0.03733841,0.5608455,6.2409444,0.9009634,16.189142,43.526165,57.810944,28.755922,-1.531893,-1.516572,-1.5247159,-1.8762523,-1.8464873,-1.8947364,14.641366,15.933528,14.641366,31.061348,17.859022,16.161873,0.28982353,0.045921326,-0.29860115,4,58.896515,-1.780269
28.768518,25.963161,11.151516,1,1,-1,0.018611154,0.24724714,-0.0109321,1.1856512,15.271214,-0.5307685,31.504606,26.498066,21.533768,0.4327507,0.20264265,-1.2761818,2.0577528,-0.6965474,-1.5725621,0.0,9.9851465,2.1065388,-0.28950337,3.298565,0.51028156,0.03698349,-0.13187408,0.05007553,4,90.49014,1.286673
50.968204,16.780445,14.646111,-1,1,-1,0.12079319,0.033069134,0.0040595825,8.174982,0.87772894,0.20299691,51.51816,33.00037,23.76476,0.14677112,-1.2974541,1.0648555,1.0245303,-0.24221385,2.8874602,4.166363,1.2655376,0.0,27.741728,0.3547877,0.0054992065,0.0068712234,-0.09956741,0.017208576,5,85.58437,-0.9556691
22.896559,32.3359,10.854076,-1,1,-1,0.05071768,0.07874055,-0.034854144,3.0016696,3.6201296,-0.78497976,22.912151,62.460514,37.037605,-0.03690369,-1.2765439,-1.8983434,0.510751,1.9335575,1.8935932,4.657235,21.569815,0.0,25.037928,35.03286,0.8879487,-0.18091583,0.15054703,0.26652908,2,14.294004,-0.9057887
13.780911,7.373064,62.624977,1,1,-1,-0.053337246,0.23673898,-0.014007879,-2.285149,6.397628,-1.1622658,23.217173,13.845582,260.02963,-1.1120497,-1.2433797,-2.1019518,-0.7169114,-0.76531154,-0.29722974,25.04181,24.816097,0.0,11.221004,24.202105,-0.35320613,-0.2240982,-0.8227997,-0.032341003,1,202.52864,0.3853072
98.67951,15.037808,9.103566,-1,1,1,0.008827907,0.007639461,0.026272802,0.43544713,0.21334992,1.067436,252.83727,20.673506,9.68681,-1.5935545,-0.84077394,-0.3560754,3.006047,-2.4272432,0.90018356,0.0,24.573418,31.642586,1.0106351,16.405403,27.07803,-0.06547642,0.008029938,-0.00085258484,2,164.03535,-2.2745087
29.343657,11.86797,7.014126,-1,-1,-1,0.0022300808,-0.033793963,-0.033793963,0.06131206,-1.063875,-1.063875,51.727856,12.466244,7.367713,-1.1676953,-0.31620488,-0.31620488,2.6109462,2.7399871,2.7399871,0.0,30.641178,13.176542,0.21900637,41.72081,41.304073,0.055548668,0.09161568,0.09161568,5,117.18338,-2.7082255
39.628784,19.635328,40.042854,-1,1,1,0.014225757,-0.08476047,-0.027564552,0.5933478,-4.6029716,-1.9161257,81.30685,19.745821,40.077187,1.346312,-0.106037445,0.041321423,-0.91660696,1.4855609,-2.0811741,0.0,12.970801,0.0,1.0494671,7.165377,0.5833372,0.015550613,0.35307503,-0.012386322,1,104.83508,1.5841572
23.304222,13.726334,36.30657,1,-1,-1,0.035624713,0.06403865,0.004628893,2.127931,2.6840677,0.33988634,23.538036,33.86688,47.340183,-0.14153717,1.552412,-0.76110864,2.0443907,2.1340957,-0.9863959,0.0,7.541665,0.0,10.989166,4.408319,-0.4200122,-0.13757801,0.044882774,0.02539444,3,93.62452,0.8988422
10.346562,12.6481,78.914185,1,1,-1,-0.01923273,-0.035430685,-0.013241072,-0.6321101,-0.92438346,-0.9999002,34.690292,36.690308,163.62602,-1.8799329,1.727025,-1.3583721,1.6030257,-1.8040013,-1.5027308,11.456187,0.0,0.0,10.950364,-0.110296786,-0.037194457,0.61341476,0.10149956,0.0112400055,1,114.01267,1.9775761
34.425175,24.899643,110.308586,1,1,-1,-0.06012088,0.003616178,0.008472544,-3.159488,0.18467961,0.70308787,65.23988,28.634077,159.20976,1.2541707,-0.54106104,-0.90989316,-1.3430966,0.624428,1.8521335,0.0,2.8565514,0.0,-0.87248796,6.5826497,0.08079791,-0.10899544,-0.029413223,-0.031087875,1,150.33006,-1.2670068
9.8198185,8.575429,34.231907,-1,1,1,0.063931584,0.011273265,7.036007e-05,2.940265,0.18157807,0.00534002,9.8655405,33.191086,49.03086,-0.096462175,-2.0294054,0.89924455,-1.6843123,2.9042928,-2.0367484,26.255245,0.0,0.0,17.76411,2.7425117,1.542686,-0.046585083,0.30538177,0.03106308,1,31.067688,1.7024833
45.12122,7.526675,80.5279,-1,1,1,-0.0056761177,0.31290337,-0.0018890876,-0.306482,6.6053925,-0.1536268,58.476547,8.396934,488.08545,-0.75158435,0.4763639,2.4881582,-1.3107554,-1.365928,1.80452,0.0,19.875103,0.0,0.3308289,5.8395143,-0.18102993,-0.048988342,-0.0717659,-0.15061569,1,34.26441,2.5475302
7.4991417,26.553486,17.789274,1,-1,1,0.3196153,-0.023659507,-0.027397146,8.908361,-1.70526,-1.693762,18.566862,48.99654,17.825872,-1.5562048,-1.222576,-0.063860424,0.61835337,1.4179928,0.6130262,15.631864,0.0,0.0,5.8744197,0.24731934,-0.78428566,-0.3596115,0.020019531,0.09814072,2,69.199936,-1.6554053
19.804342,8.781331,62.8922,-1,1,1,0.02792676,-0.30153292,-0.012742436,1.3596275,-10.430802,-0.92993486,20.013216,9.141474,78.95178,-0.1451094,-0.2854296,0.7002383,-0.456293,3.1063197,-2.7476342,32.049675,21.023165,0.0,0.99837446,20.608654,-0.80130345,0.044034958,0.11749077,0.054442406,0,135.99734,0.7872424
120.56304,14.391213,9.247987,1,1,1,-0.019380592,0.108611405,-0.01206703,-1.1253616,6.3089128,-0.5507553,136.90494,14.391317,15.05888,0.5149571,-0.003794008,-1.0693369,-0.47657666,-0.39120242,-2.092198,0.0,9.666507,1.1783168,-0.55864143,4.737342,3.9394279,0.03805542,0.1376419,0.017532349,4,134.00252,-2.9683106
85.917854,21.140383,39.39689,-1,1,1,0.036931075,0.007818245,0.0090535665,1.9463558,0.41898924,0.68769056,122.63945,34.05131,46.307156,0.8944425,1.0555068,0.5839485,2.5397427,1.6720924,1.4592676,0.0,41.09972,1.1030571,1.5633535,38.46649,-0.17517798,-0.09790707,-0.016133785,0.004620075,3,87.97655,-2.4621475
10.604133,10.297244,7.660565,1,-1,-1,-0.6617995,3.7470212,3.7470212,-28.525265,66.88079,66.88079,14.823706,14.411103,10.721043,-0.86488634,-0.8665151,-0.8665151,-0.051929403,-0.23280923,-0.23280923,4.255067,20.968147,16.713078,23.56983,14.5575285,17.118639,-1.2832565,-1.4406586,-1.4406586,1,47.211456,-0.4347034
47.3034,19.496363,15.661675,1,-1,-1,0.0135193765,0.3250194,-0.022653744,0.67183334,7.7849545,-1.4887209,57.723274,81.01747,30.210863,-0.65212625,-2.1027818,-1.274933,1.1668917,1.6184484,-1.337307,0.0,7.462466,0.0,2.8245337,26.248453,-1.1052408,0.101530075,1.9538202,-0.03205204,1,72.30171,0.22483626
77.54378,47.963375,7.2294145,-1,1,1,0.003294116,-0.0060605244,-2.711725,0.2251644,-0.40810525,-16.261381,181.05185,54.446793,25.869251,1.4917078,0.51426494,1.9479218,2.1365917,-2.1056504,-0.18183479,0.0,0.0,32.320263,3.476652,0.26816627,16.424774,-0.00019454956,-0.018268585,-46.201622,2,39.303967,-1.8668623
73.11936,28.658785,19.074894,-1,1,-1,-0.018989353,0.020932028,-0.093537614,-1.3456106,1.3369869,-1.6835021,139.50674,29.295235,36.393074,1.2620913,0.21036223,1.2620745,-2.6752338,0.45390406,-2.6843672,5.021172,0.0,25.04403,128.13277,0.04890216,133.81314,0.16345215,0.088897705,0.103507996,6,146.78424,-2.4084089
15.637237,22.773565,8.013822,-1,1,-1,0.073828265,0.06162813,-0.019079154,2.4608495,2.745107,-0.77791154,33.438282,49.897964,17.281862,1.3933992,1.4208367,1.4029403,2.2689173,2.2771852,2.2879508,41.20386,41.570667,21.62894,38.23564,31.529282,44.484463,0.08518219,-0.07010651,0.062641144,5,87.626854,2.615116
39.695972,9.591446,62.0558,1,1,-1,-0.0023654203,7.5907207,0.010879876,-0.1446333,19.804735,0.8415776,40.9328,13.087526,62.15813,0.2489861,0.8298016,0.057395075,1.3374388,-2.7888951,1.0096526,0.0,54.997852,0.0,0.23232313,51.009018,-0.60133135,0.011038303,0.2667408,-0.02213192,1,5.5351233,1.8810477
40.335026,23.45169,8.899677,1,-1,1,-0.0076144193,0.034765597,0.059876066,-0.52927834,1.7138267,1.5300741,71.22196,26.489368,24.942219,-1.1697114,0.5036379,-1.6902283,0.94220936,-2.3193874,-2.252572,5.2376885,0.0,36.252132,5.25002,0.5227559,20.3072,0.03969574,-0.00919342,-0.076545715,2,45.5273,-0.67964023
48.002934,50.16659,8.27618,1,-1,-1,-0.010700907,-0.08355695,0.0037277227,-0.5310105,-5.3229795,0.20262025,108.20907,66.865265,8.287383,-1.4526647,-0.79483354,-0.052024495,-0.58921903,-2.9910448,2.5142877,0.0,5.8169265,0.0,3.6930618,37.699955,2.9903657,-0.0040245056,-0.2496109,-0.019554138,1,52.987045,-2.2389472
74.29286,31.36875,12.277833,1,1,-1,-0.04986319,0.13366732,0.11343216,-3.0742195,5.3166738,1.6117362,76.61843,68.939415,12.663023,-0.24956273,-1.4242475,-0.24984033,1.4773607,2.6067457,1.4710305,0.0,0.0,0.0,0.779778,4.2644587,9.274337,0.02002716,-0.22148132,-0.04158783,2,64.22482,-1.8513718
19.820507,18.3467,85.75421,-1,1,1,0.014450732,0.041802295,-0.018091127,0.9130734,1.8218098,-1.3288023,29.289019,34.695343,180.63759,-0.9422169,1.2516655,-1.3763489,2.5783446,1.5379622,-0.9853905,0.0,12.101782,0.0,1.2259377,20.005823,0.644672,-0.03748703,0.05702591,0.06464386,2,37.72158,-1.4979621
18.872618,19.125486,11.899735,-1,1,1,0.023071773,0.6464089,-1.4035524,1.3980086,2.594283,-11.777696,18.995262,78.85198,51.664516,-0.11394321,2.0946548,2.1478677,-2.1710134,0.7974408,0.88405967,0.0,25.921307,17.228529,0.8854779,14.773821,16.35446,-0.04107666,4.617737,-0.2871437,4,73.10744,-2.0997844
21.247133,19.395437,88.839096,1,1,-1,-0.442307,0.02053305,-0.020885918,-10.727117,0.5578164,-1.6857121,32.87859,91.964134,104.14944,-1.0036975,-2.2381978,0.5789696,-0.6513174,-0.19068211,-2.9890099,31.322956,0.0,0.0,9.666712,-0.7972495,-0.2954025,-0.9565139,0.09944177,-0.030897379,1,53.287216,0.9018438
45.606434,24.356134,11.986096,-1,-1,1,-0.00622675,0.052648168,0.017962936,-0.4151997,2.1299665,0.6975928,49.097885,49.19439,13.6070385,-0.38884136,-1.3283117,0.51437813,-1.861604,1.4248819,2.1546278,25.635923,7.7201023,0.0,7.2531314,12.575547,0.29887712,-0.20464706,0.056533813,0.03425598,0,80.94617,0.61235875
114.371796,75.911,11.4233055,-1,1,1,0.016333625,-0.016859304,0.01784706,0.83820933,-1.1820966,0.80560905,115.889915,88.65849,11.4393215,-0.16275322,-0.5717109,-0.052947488,-0.4443029,2.7496607,1.537524,0.0,0.0,6.3294067,0.016409423,-0.37502557,-0.29129577,-0.0001449585,0.01789856,0.23343658,1,58.457897,0.27025485
77.8186,15.398231,34.958534,-1,1,1,-0.009143774,0.032216504,0.010921281,-0.6613135,1.9598434,0.7938073,89.77441,24.793232,38.536427,0.5474604,1.0550407,-0.44864908,1.8482956,-3.0007026,2.9740496,0.0,33.27356,0.0,0.937162,31.413425,1.263383,0.005457878,0.020583153,-0.03856945,2,80.09995,-1.3017348
38.94457,36.24817,7.9055963,-1,1,1,0.0017930524,-0.00028300675,-0.123309165,0.121092565,-0.01839476,-4.5171013,66.264,54.215202,9.040345,1.1243179,0.9585383,-0.52958333,-2.8555214,-2.78394,0.23907225,33.694645,37.713882,7.9456506,32.965046,35.6194,0.87899595,0.0067338943,-0.021532059,-0.55964184,2,11.233257,-0.2743177
163.17424,17.082773,7.4960165,1,1,-1,0.0021582544,0.01173702,0.013433736,0.14105353,0.47729796,0.50441784,362.88367,67.49757,11.507656,-1.4375322,-2.050756,-0.9932383,-2.874305,0.34539676,-0.6737974,0.0,26.583548,7.846874,-2.3126338,37.177044,0.18683548,0.09405708,-0.012113571,-0.030290604,1,38.76388,-1.6599195
84.64372,9.341783,8.559832,-1,1,-1,0.03214024,0.005227076,0.037927642,2.4267678,0.18657798,0.87594163,86.34183,29.945223,19.420311,0.19997548,-1.8327506,-1.4598402,0.29542035,-1.9576247,0.5231531,14.344416,0.0,0.0,27.322039,2.9718175,-0.23684858,-0.13348007,14.40258,0.008724213,4,111.62114,-2.4873676
30.980066,13.349561,40.60105,1,-1,-1,-0.07683382,0.06690082,0.0036377434,-3.0797307,1.7264727,0.2586884,64.610016,64.94247,179.75717,1.3649908,-2.2644303,2.167955,-1.4476379,-3.1107316,2.904771,0.0,3.0096505,0.0,-0.33050463,6.655429,-0.7650772,0.059833527,0.14925861,0.0024108887,2,48.72471,-1.2621888
27.548717,15.981711,11.103223,-1,1,-1,-0.03525178,-0.124416076,-0.04153259,-2.1621628,-5.1594553,-1.9034712,29.635698,46.42202,11.68108,0.3868292,1.7284346,-0.32124382,-2.5083585,2.7153645,2.416161,0.0,10.262816,0.0,1.7790523,9.730956,0.99941564,-0.044944763,-0.17712402,-0.16899872,1,35.972565,1.344943
31.348263,24.581942,42.208187,-1,1,1,0.010912533,-0.021156639,-0.008557596,0.5971746,-1.1715026,-0.6127197,56.350746,27.97515,90.8945,1.1912866,0.5195631,1.401354,-2.5477257,-1.4707464,2.1256871,0.0,15.317794,0.0,0.16161175,2.159496,0.20849335,0.025720596,-0.13722229,0.11851883,1,24.974705,0.8934195
67.32885,7.736692,54.950798,-1,1,1,0.016244067,0.021941753,0.0001183164,1.0831056,0.94996715,0.009573278,85.42381,9.63391,131.63496,-0.71765095,-0.68674433,1.5200169,-3.0553515,-0.467331,0.98053235,0.0,30.812284,0.0,-0.30730549,17.330368,2.9898555,-0.002292633,0.049682617,0.04805374,2,48.643944,1.244354
113.280235,7.8536386,68.90562,-1,-1,1,0.037042584,-0.046086427,-0.009957299,2.0102947,-1.4881489,-0.7685443,114.06275,8.750324,204.41925,0.117471956,-0.47342512,1.7508837,2.6227162,0.84846836,-1.7533726,0.0,24.747444,0.0,-1.3874768,29.924997,-0.55278283,-0.062577724,0.13960743,0.091056824,1,119.32868,1.3371266
50.59231,17.901459,55.07867,1,-1,-1,-0.009119878,-0.013583721,0.025425665,-0.5812866,-0.4072377,2.0451534,54.36602,18.864128,96.181885,0.38387817,-0.32649896,1.1562039,-0.73209614,0.1614601,2.2349417,0.0,40.60267,0.0,0.8200558,23.392199,-1.4096272,-0.045864105,0.15588379,0.0728035,3,109.007576,1.8933276
12.332207,8.835027,18.180075,1,1,-1,-0.106652185,0.10006723,-0.013476639,-4.904827,1.1130475,-0.8878363,12.887573,22.511477,19.245567,-0.2989976,1.5875044,-0.34067103,2.9193578,-0.1760229,-2.1147482,21.63608,96.30408,0.0,16.328806,24.667187,3.3117006,0.0029830933,-34.84453,-0.08488846,5,247.68884,2.9228842
19.349514,14.398257,8.023434,-1,1,1,0.019575927,-0.10884944,0.034663614,1.0730894,-3.497073,0.9330441,41.742958,53.114647,23.697647,-1.403362,-1.9795939,-1.7461814,1.541428,-2.5082004,-2.5497086,0.0,10.438024,33.226166,0.4645462,16.857567,1.4358435,0.018974304,0.5795059,-2.4732552,3,65.846436,-2.5318797
8.302883,79.88553,24.673277,-1,-1,1,1.4866943,0.0012190235,-0.01663997,5.9142885,0.097536206,-1.1226288,40.921192,142.32379,114.68762,2.2777379,1.1805221,2.2178612,-0.07579412,-3.0583253,1.9522871,31.447487,0.0,0.0,11.445545,-0.9174652,0.1215614,-3.172433,-0.07261276,-0.47585893,1,24.545834,1.1383353
9.113668,7.2676544,44.092884,-1,1,-1,0.05097945,0.09797947,0.014545164,1.5962092,2.0177448,1.0412197,9.265979,21.207287,53.035133,0.1825704,-1.7333138,0.6265713,-0.5204162,-0.57031924,-0.64642495,1.3867635,24.15094,5.5731964,0.05697351,5.436258,-0.0890271,0.26719666,0.18861008,-0.016117096,3,82.883644,2.2914336
34.12583,24.0118,32.753506,-1,1,1,-0.014264568,0.4819128,-0.022117442,-1.0123706,18.567442,-1.4281753,34.127365,32.63542,65.54715,-0.0094809,0.8240046,-1.3176637,1.5945927,-1.9062791,2.3848114,0.0,16.377855,0.0,0.7207423,22.87098,4.560158,-0.051315308,-0.122673035,-0.04327011,2,60.70524,-0.12789194
58.40642,20.467236,16.217327,1,1,-1,0.00535218,0.03164415,-0.012264217,0.29906544,1.6183242,-0.7123735,92.38514,20.488335,22.65368,-1.0322284,0.045401864,0.86380893,-0.11805824,3.0925264,-1.2343999,0.0,22.51108,0.0,-0.05827362,9.556044,-0.6022057,0.025831223,-0.078305244,0.0065841675,1,151.87544,-2.3834724
62.202633,17.957514,7.3923564,-1,1,1,0.0024864867,0.019954763,0.098571144,0.17937428,1.2481357,2.3636913,84.65618,18.828896,33.37674,-0.82599336,0.31028104,2.1880643,0.2577161,2.674162,2.0096753,0.0,10.225418,20.230375,-1.1109475,6.0692782,32.575558,-0.067718506,0.03277588,-0.60730743,2,14.664363,-1.593704
60.898384,18.06103,7.8167715,1,-1,-1,-0.0453088,-0.014494365,-0.014494365,-3.0460043,-0.6575068,-0.6575068,115.23411,78.01039,33.762714,1.2523763,2.1425545,2.1425545,1.145163,2.1211987,2.1211987,0.0,14.363122,16.34845,-0.9519353,24.215282,20.170456,0.09786224,0.1110878,0.1110878,1,25.566135,-1.9459817
39.03213,35.07575,13.226265,-1,-1,-1,0.085423194,0.062475443,0.79213065,4.600424,1.5273348,4.059548,127.43606,94.399605,15.2064705,-1.8520527,-1.6467208,-0.54059994,0.05452539,3.0222428,-0.2997835,0.0,0.0,22.943424,1.172043,0.53883964,25.096989,0.06411266,0.07177353,0.6000576,4,57.760456,-2.2349238
22.491808,7.9467244,11.3343,1,-1,1,0.1259648,0.0024794298,-0.0011546519,2.9459941,0.08945531,-0.06335591,43.78625,9.209842,28.742817,-1.2856618,-0.55660987,-1.5823339,-0.4511104,1.6877756,-2.1332912,9.867899,0.0,0.0,41.930656,0.985712,0.06557306,-0.084754944,0.010131836,0.012619019,3,105.014114,-2.3195844
52.65497,21.799217,24.74804,-1,-1,1,0.21588567,-0.020393373,0.008811488,1.1594423,-0.87999934,0.6082963,57.08287,35.63765,53.170357,-0.40728348,1.0743569,1.3987203,-0.96849936,1.3005338,-1.6883867,0.0,35.91051,0.0,-2.031344,11.36599,0.53596777,0.09388542,0.04194069,0.0011692047,2,113.15319,-3.13781
77.459076,17.522121,10.324305,-1,1,1,-0.017151132,0.13401261,0.0045401542,-1.1372676,5.848179,0.23212679,142.1295,18.978539,10.782362,1.2159078,0.40494972,-0.296625,0.13191494,2.1497698,-0.90895677,0.0,4.9842486,0.0,-1.3740501,-1.1336172,1.4667314,0.014671326,-0.17798615,-0.048431396,4,19.14121,-2.2191355
9.620646,9.052128,25.856606,-1,-1,-1,-0.03481123,0.021937823,-0.016956927,-1.531336,0.18561012,-1.032863,10.919316,21.921421,70.89537,0.51391757,-1.5319657,-1.6667376,-1.0026833,-2.8186219,-0.6437153,5.7416677,16.849997,0.0,1.3547189,16.234457,-0.41700152,0.00027275085,1.4254112,0.009544373,2,100.998184,-2.3567803
9.597095,58.644234,83.307396,-1,1,-1,0.07280465,-0.00308344,-0.022001784,1.2271632,-0.25594455,-1.6020006,42.98044,60.463505,108.34729,2.1797276,0.24844131,0.75712067,-2.9109209,-2.7308893,1.7426676,2.0485613,5.025234,0.0,2.8204985,2.4187133,-0.8662472,0.2671535,0.0031129122,0.04491687,2,41.198097,-0.8746135
92.54203,74.5189,13.474557,1,1,1,0.0049817236,0.03781336,-0.025197828,0.2969366,1.9424887,-1.0376705,401.7871,103.71535,14.45088,2.1478722,0.85859436,0.37841332,0.76328725,-2.2967978,-2.3140836,0.0,13.030249,9.727813,-1.0378869,39.456917,13.5999,-0.0070495605,0.07395363,0.042526245,2,57.725414,-1.8582075
136.45004,62.85284,14.284708,1,-1,-1,-0.0012530484,0.0014360931,0.06284582,-0.08478727,0.074367955,3.4817357,153.53433,119.40277,18.294868,-0.49533123,1.2570223,-0.732801,-0.80496657,1.208639,-2.192151,0.0,0.0,12.532434,2.1867092,1.558803,4.699572,-0.1635437,-0.108924866,0.32830048,1,81.07063,-1.9805659
51.300766,56.36425,7.245908,1,-1,-1,-0.12988053,0.022809261,0.31670287,-6.2513046,0.98596835,2.9041965,167.82426,285.54358,23.015846,-1.8541348,-2.3058202,-1.8231398,0.5483699,0.8981769,0.5392527,19.372854,0.0,68.377914,73.53196,-1.1723453,99.52016,0.6379585,-0.2584381,1.0371819,3,58.125744,-0.35679308
63.292988,9.572055,60.72246,1,-1,-1,-0.021140292,0.11466795,-0.020135723,-1.4533921,2.7673445,-1.6697726,68.666176,13.852309,75.89088,-0.40919235,-0.9135824,-0.69287765,-1.7708645,0.24299577,-1.6333207,0.0,22.591122,0.0,0.8453383,21.28337,0.52400434,0.047649384,0.169281,0.0572052,1,33.532867,0.8960773
43.93873,15.246642,40.19817,1,1,-1,0.014077587,0.020003757,-0.032289445,0.65526533,0.43817523,-2.3635223,50.062096,36.22637,76.584045,-0.5219957,-1.5110224,1.2603843,-0.71677744,1.6250511,-2.8495786,0.0,5.6087766,0.0,0.0014499512,12.602148,-0.68570477,-0.003364563,-0.034996033,0.08254242,1,29.536955,1.2465812
42.373814,52.494297,63.15371,1,1,-1,0.033161134,-0.00036991382,0.008563127,2.2754843,-0.029836727,0.6922884,42.977688,52.584248,104.448235,0.16862658,-0.05849874,-1.0889585,0.9473719,-0.4512765,-2.7909694,1.8428677,0.0,0.0,42.9364,-0.04282672,-0.6351851,0.05019188,0.055265427,-0.0484066,2,95.23033,-2.67601
31.529865,81.938156,118.94099,-1,1,-1,0.018726636,-0.005731855,-0.0055293133,0.41541004,-0.4410005,-0.47041887,62.162304,220.80884,266.23462,1.3003668,1.6481268,1.4447886,1.4242727,2.9018877,-1.5059874,2.46746,0.0,0.0,31.343145,-0.7432723,-0.13347742,1.8265228,-0.028297424,-0.010047913,3,276.84476,-1.9734443
17.1872,16.645967,45.784847,1,-1,1,0.07278797,-0.18835875,-0.011426576,3.980284,-3.7527878,-0.8171067,28.280783,46.323177,87.75348,1.0825436,-1.6826538,-1.2674385,-2.0687637,-2.2312577,1.2180475,0.0,10.561425,0.0,4.9015293,11.611135,0.74358994,-0.23463058,1.1828499,0.042964935,1,102.68463,-2.1994176
20.14504,20.271025,22.211746,-1,-1,1,-0.038249485,-0.038249485,-0.0020259002,-1.2623149,-1.2623149,-0.097742036,54.650414,54.99219,22.376524,-1.6553018,-1.6553018,-0.121732265,0.8807985,0.8807985,-0.6172146,2.8172193,2.8172193,0.0,26.174076,24.5447,0.35188305,-0.0119018555,-0.0119018555,-0.09510803,1,80.4032,1.8359869
25.680891,18.209227,45.46638,1,-1,1,-0.07187758,0.023395093,0.006181694,-4.315785,1.3518246,0.4934195,35.160748,20.783255,45.848843,-0.8347822,-0.52561224,0.12959565,0.54415613,0.10003282,-2.6291027,10.073385,0.0,0.0,5.1717963,-0.27206156,-0.12747781,-0.0018872023,-0.019254923,0.056792855,3,354.801,1.0158255
17.09106,7.675301,69.23422,-1,1,-1,-0.02707284,0.04060615,-0.022478584,-1.3554624,0.6478941,-1.7857759,33.154102,15.000559,361.36057,1.2815125,1.2902173,2.3362222,-1.5489752,-1.5515721,-2.719407,0.0,0.0,0.0,14.519611,22.355608,0.47260204,0.01776886,0.012987137,0.1036911,2,66.37858,-3.0204892
53.960236,7.2684765,17.382011,-1,-1,1,-0.024755307,0.010161673,-0.0039195735,-1.5514987,0.4471655,-0.25868642,107.296425,7.3038836,43.216698,1.310255,-0.09866487,-1.5607922,-0.9133766,2.2265644,-0.90367347,0.0,9.489379,0.0,0.94114655,0.15182766,-0.29587162,-0.040561676,-0.022388458,0.035072327,1,62.458153,1.1438415
19.213978,19.394129,14.968498,1,-1,-1,0.013271219,0.6654118,-9.224445,0.7784595,10.492874,-24.397308,19.578634,63.20737,49.002293,0.19451948,1.8501837,1.8548778,-0.99985856,0.90423894,1.0033935,0.0,14.055948,14.055948,-0.08071527,20.110487,14.458252,-0.094620705,-0.7429733,-0.3532486,3,88.34777,1.6718098
53.542812,21.868755,18.111708,-1,-1,-1,0.0018385883,-0.0028713797,0.0018385883,0.14450927,-0.13399276,0.14450927,100.44165,76.83391,33.975983,1.2421538,-1.9288371,1.2421538,-2.311138,-1.9228796,-2.311138,9.257324,0.0,547.77936,48.15828,-0.8211682,47.084373,-0.05433178,0.039627075,-0.05433178,4,79.00986,2.9073713
59.00511,25.18044,38.660633,1,-1,1,-0.020403003,-0.01057,0.0048616207,-1.1313474,-0.18928415,0.3345255,107.00991,31.498346,46.30301,1.2019286,0.694353,0.6188469,-1.9125409,0.8813911,3.0142496,8.440453,0.0,0.0,2.5292933,1.6109483,0.070930056,-0.040618896,0.021972656,0.1005249,4,82.2355,-0.5589284
43.602314,16.268108,7.310516,-1,1,-1,-0.0122552,-0.06348254,-0.08587398,-0.6405932,-1.6360393,-1.1015737,112.01176,54.640972,10.147237,-1.5964049,-1.881789,-0.8546927,-1.9130962,-2.1995833,-1.7476028,0.0,0.0,2.1063838,1.7389793,0.108154126,1.7030542,0.03666687,-0.07884979,0.0953598,3,54.39906,-1.2755706
19.779022,8.197692,70.76389,1,-1,-1,0.039722975,0.363123,0.0044765747,1.2273314,6.719644,0.35337827,20.63218,39.121674,113.34751,-0.29267013,-2.2448087,-1.0483836,0.736308,-2.7189429,-2.0379162,12.739,5.7576666,0.0,19.26962,13.449997,1.1864556,-0.34875488,-0.20674896,0.07519531,2,34.47837,1.6814592
52.916534,16.430504,56.797935,-1,-1,1,-0.0033240442,0.20532922,-0.0057607633,-0.22025125,2.6628654,-0.46873185,53.606953,57.351593,65.64478,0.16136311,-1.9220275,-0.55113524,-2.4284098,2.03228,0.10705338,0.0,9.3273535,0.0,1.7765692,7.4170284,-0.41608167,-0.13825464,0.23652315,0.06499958,3,40.39088,-2.4613776
41.319534,9.757092,83.07007,-1,1,1,0.012143344,-0.43113342,-0.03348219,0.82175225,-18.263191,-2.6355612,41.531162,9.765717,131.53702,0.101166435,-0.042041562,1.0336001,1.8639381,-1.682643,-2.415284,0.0,21.837751,0.0,-0.7122531,20.952534,5.1520414,-0.074668884,-0.025505066,0.06590271,3,63.44398,0.1588148
32.6253,10.962176,9.209549,1,1,1,0.0031728623,-0.011230407,-0.05014579,0.22429948,-0.19352138,-2.3363166,34.08535,10.9628315,18.458252,-0.2980679,-0.010932349,-1.319409,-1.2240945,2.014471,1.5252573,1.3376963,8.174993,18.011408,-0.15138611,5.61247,26.96937,0.032978058,-0.0484066,0.08243942,3,55.096928,2.7510114
21.05503,24.485329,7.4681206,1,-1,1,-0.10643183,0.0040951716,-0.041149702,-5.182074,0.24125417,-1.4569222,23.18641,48.45456,8.899201,-0.44624162,1.3047022,-0.60958993,-1.9475163,1.7142429,-1.4507291,5.6004295,2.3092659,3.0622008,3.1416757,-0.95342594,1.1876074,-0.13609314,0.01675415,0.14949417,1,64.189095,-0.71934706
7.623195,31.277113,43.168354,-1,-1,1,0.14743048,-0.019526223,0.02310308,0.93608415,-1.3584665,1.7849934,14.380973,41.062172,107.74038,-1.248783,-0.7717145,1.5649719,-2.2350807,0.5503052,-1.2456167,9.695165,0.0,1.3509,6.2655387,0.016221924,-0.24051711,0.104766846,0.020347595,0.00017547607,2,81.466736,2.2944286
8.312581,9.190517,33.85181,-1,1,-1,0.0030553667,-0.021571908,0.011263101,0.12591289,-1.0382675,0.79468304,16.061178,17.544573,187.75897,1.2768692,1.2627401,2.3980863,-1.6577373,-1.626653,-1.6811519,9.181236,16.404434,1.2280563,30.211027,28.68071,0.16822657,0.19965029,-0.41660595,-0.089422226,1,50.123474,1.3695904
30.47266,7.2421536,7.30801,1,1,1,0.0002675342,-0.015274073,0.6475367,0.017310051,-0.16755112,22.007664,30.485352,31.135221,13.512671,0.028860833,-2.1377592,-1.2250386,0.32468548,-0.92933077,-3.0160873,0.0,6.6822553,14.365687,-1.0853288,2.1865556,4.7499995,0.08491135,-0.090278625,0.82850456,2,38.49435,-0.6281926
285.6455,10.964853,65.88149,1,-1,1,0.49033648,-0.019094693,0.0026025171,21.998125,-0.9514713,0.21129575,353.87582,13.789741,66.39628,-0.6781109,0.70323694,-0.124919094,-0.8140148,3.0610762,-0.8152841,0.0,0.0,0.0,154.39984,0.82475144,-0.013340149,0.28217888,0.060417175,0.017232895,1,273.34454,2.302069
9.095552,28.506773,80.53712,1,1,-1,-0.24657455,-0.021351807,-0.021691317,-7.7854357,-1.1141083,-1.7190274,9.991586,64.140045,85.78443,-0.4403113,-1.4505712,-0.35904807,-1.8764076,0.3567064,-0.9963519,25.67894,0.0,0.0,32.438,-1.2062263,-1.1781309,-0.4636345,0.020721436,0.034765244,3,66.07622,-2.3929586
12.331803,10.296405,18.993189,1,-1,-1,0.29608387,0.117370345,-0.0049044155,16.344368,7.8297086,-0.36291313,16.09912,13.529121,30.937307,-0.7630152,-0.77302915,-1.0697354,-1.6618814,-1.6455748,-2.0997088,3.8365161,3.8365161,0.0,75.34857,72.859055,0.0970838,-0.07850647,0.10023117,-0.024345398,3,65.60522,1.7599729
21.616253,15.389474,32.44913,-1,1,-1,-0.16017923,-0.026127411,-0.028238889,-8.7550745,-1.2292719,-2.1692166,22.359001,24.46801,73.50089,0.2614026,1.0388542,1.4580394,-0.62861335,0.62099147,1.4718014,13.571735,0.0,0.0,1.9427713,-0.087813415,-0.6155429,0.18265152,-0.057531357,-0.011762619,1,139.09486,2.341104
75.13104,31.784107,24.811502,-1,1,1,0.017017763,-0.019844633,-0.00082305074,0.7030479,-1.1989633,-0.055582933,150.15102,35.04418,48.580326,1.316104,0.44913763,1.2923454,2.1353433,-1.6536694,1.7656801,0.0,9.5375185,2.9580562,1.4524096,1.2950654,-0.95221263,-0.007709503,0.05889511,0.10021973,1,134.1528,-0.50159895
51.700947,17.19259,47.201122,-1,-1,1,-0.008993705,-0.00061415025,-0.0077870646,-0.5586505,-0.03383612,-0.5450326,79.72416,33.966465,59.560284,0.9991014,1.3027757,-0.7087288,-1.6253175,3.0068564,1.2414212,7.7779922,0.0,0.0,3.2531703,0.9536343,-0.40246028,0.008078098,-0.009738922,-0.057836056,1,54.255585,-1.7914673
108.09804,35.778656,9.136543,1,-1,1,-0.019431327,-0.023965182,-0.1519254,-1.3845814,-1.2519196,-6.067607,112.80183,165.28409,9.532148,0.293946,-2.2115355,0.29322445,0.012235249,-0.7023639,0.017880784,0.0,0.0,0.0,0.88191885,0.09410104,11.435378,0.013153076,-0.07329941,0.08021164,3,80.86617,-2.7092288
21.610096,11.738825,7.0219383,1,-1,1,-0.012123586,-0.09920515,-1.0608985,-0.40415487,-3.1303499,-42.121376,43.445038,11.753782,9.007346,-1.3229443,-0.05047489,0.735311,-2.3875442,-1.9336193,0.051322285,0.0,18.116192,4.046096,2.6792016,5.3074985,6.2379947,-0.047222614,0.18346071,0.7045188,3,74.67463,2.235089
26.642124,21.88359,18.79868,1,-1,-1,1.2505805,0.014394359,-0.46326637,79.98781,0.8300935,-24.191826,36.518898,35.45143,25.802034,0.83646923,1.0628197,0.83841306,-1.8051456,1.5280567,-1.7639315,4.7497654,0.0,4.7497654,37.030914,0.8139079,50.79131,0.4666114,-0.052896976,0.4032699,2,73.11595,-0.8896718
23.696165,8.835474,12.826555,1,-1,-1,-0.00579578,0.28669706,0.617649,-0.17708215,8.398619,18.144178,126.23493,24.617588,37.482864,-2.3570507,-1.6839523,-1.7348623,0.6306435,1.834878,1.7854232,0.0,10.814912,24.561995,0.7251035,18.549486,16.965017,-0.16202927,-0.37359238,0.5382652,3,105.61382,1.6478872
7.125078,58.947727,51.706303,1,-1,1,0.060417097,-0.008755804,-0.0081296945,1.0008149,-0.6581817,-0.61704254,21.968607,90.53187,253.95801,-1.791741,-0.9937778,-2.274208,1.6283033,-1.5910687,3.099796,43.46189,0.0,0.0,19.013193,-0.2187871,1.726116,0.059692383,-0.0076065063,-0.04145813,0,30.288124,0.07789658
25.85163,9.593195,101.63391,1,1,-1,0.009221447,0.0595177,-0.011973983,0.5001629,2.5282917,-1.0409827,26.900932,16.113777,106.76708,-0.28396416,-1.1083349,0.31650096,0.25487724,-1.7574745,-2.5607145,2.9230547,13.987176,0.0,2.1646085,7.1564536,1.296442,0.24983978,0.49097443,-0.0021476746,1,24.745447,-0.8266714
21.441236,11.913654,56.519566,1,-1,1,-0.030604208,-0.3201707,-0.031173961,-1.8141617,-7.7234483,-2.2744932,59.851307,32.945927,66.00679,-1.6859457,-1.6759082,-0.5715931,-2.2673512,-2.2422662,-1.0357224,24.500751,21.319017,0.0,45.686222,32.730457,0.06735974,-0.30472517,-1.1050644,-0.13171387,3,32.058365,-1.7098373
89.11493,25.80988,7.164296,1,1,-1,-0.020203374,0.028430548,-0.0695368,-1.5094821,1.3235966,-2.5577931,90.48723,41.345272,9.123327,0.17527033,1.0485009,0.7236264,2.0207474,-0.41416758,-0.6497575,0.0,35.444637,7.742309,0.09782104,4.1064224,1.7750845,-0.037924767,0.2538414,0.12723446,2,38.821495,3.0984795
23.584812,8.68427,94.544914,1,1,-1,-0.025662422,-0.16359103,-0.016736384,-1.3295598,-7.09082,-1.3794389,33.101048,13.5321455,375.56046,-0.8705676,1.0127887,2.0562575,1.7393155,0.59424394,2.875805,0.0,2.487645,0.0,1.3394114,1.1254482,2.4714088,0.06012726,1.0520706,0.08553314,1,131.16792,-0.8000902
20.462065,13.421431,91.40751,1,-1,-1,0.0043737967,0.041672476,-0.01786042,0.23006697,1.2609057,-1.4837301,22.678797,63.86465,93.5308,0.4613726,-2.2418318,0.21512239,-0.17427684,-2.7270246,-1.2120054,10.523135,16.789381,0.0,15.580187,3.1748495,0.21787497,0.040506363,-1.1496964,-0.0011444092,1,70.90492,-1.6410898
32.946815,12.924506,61.545673,-1,-1,1,-0.05641984,-0.014204098,-0.0056152055,-3.9982893,-0.82722235,-0.461986,34.322796,16.711771,82.97526,-0.2880145,-0.747986,0.81200016,-2.1756215,1.320384,-2.8340502,4.434242,0.0,0.0,1.3684809,16.921625,-0.41308978,-0.08601189,-0.018392563,-0.019796848,1,97.68405,1.2231319
83.670265,8.729059,18.500143,-1,-1,1,-0.015841551,0.36355966,0.0013626657,-0.8499683,19.572605,0.08934771,176.1578,11.831347,43.561275,1.3757684,0.8199256,1.5010462,0.113453194,-3.0817678,-2.3952303,0.0,9.343609,0.0,2.4541001,13.86916,-0.7347212,0.08522797,-0.11197281,-0.023052216,1,25.67732,1.0721385
122.29977,33.051434,12.991009,-1,1,-1,0.007588769,0.10249017,0.17597327,0.5353728,3.9128265,3.9871755,271.56274,44.71985,17.697918,1.4358014,0.81734174,0.82745004,-0.21643697,2.9344056,2.9360187,0.0,14.217248,14.217248,-1.1512147,61.986336,63.240288,-6.1035156e-05,0.55514526,0.053138733,4,39.721,2.6172855
15.259679,10.262343,7.665915,1,-1,-1,0.0071127038,-0.05594645,0.23775916,0.32937557,-1.9830544,2.5623024,40.508686,10.357407,12.179253,1.6319215,-0.1360076,1.0379114,1.0596597,0.50653493,-2.6276646,1.0852882,2.3839905,0.0,0.3259522,28.696682,0.8958071,-0.013698578,-0.19960213,0.09640074,4,113.15032,-1.8217576
32.005684,28.957619,10.003046,1,-1,-1,0.0011715054,0.12162649,-0.007775092,0.07479011,2.131666,-0.2923625,63.158787,40.36162,19.473326,-1.3014398,-0.8606755,-1.285647,-0.1611574,2.632039,-0.33568975,12.056385,0.0,35.47345,10.719812,1.1495739,29.203184,-0.013114929,0.046821594,-0.059532166,2,143.62595,-0.23686184
20.42289,11.800091,15.25109,-1,1,1,0.0933087,0.008646359,-0.011050117,4.8376255,0.34354734,-0.6520264,50.351353,68.43068,22.48119,-1.5515891,2.4433432,0.9388468,-0.6207671,1.05863,0.22937141,27.829771,24.803112,0.0,16.756733,6.977804,3.7189038,-0.9324703,-0.014540672,-0.029325485,2,25.051651,-3.08736
66.00019,11.199093,23.524103,1,-1,-1,-0.018887993,-0.019222375,-0.02969007,-1.0262185,-0.71540034,-2.0816417,167.87277,24.110495,51.647484,1.5855988,1.4010489,1.423122,-2.74766,0.49856701,3.0985203,0.0,45.141838,0.0,0.75329643,8.434407,-0.6691821,0.03253174,-0.10963917,-0.012560844,0,35.179672,-1.7803131
68.22017,25.418884,79.73702,1,1,-1,-0.12865815,-0.2539159,0.013096284,-9.876652,-8.565594,0.94459695,113.00367,47.05323,129.29132,1.0909169,-1.2263821,-1.0639725,-1.8369895,3.0297961,1.2387614,2.598376,6.8623104,0.0,29.434887,1.7798939,-0.38025647,-0.030906677,-0.0868454,0.037002563,1,36.166473,-1.2949375
12.538274,49.599056,47.541573,-1,-1,1,0.0878826,-0.018074516,-0.020122059,2.1997879,-1.357546,-1.4951152,14.433361,65.9792,247.44081,-0.543108,0.79185945,2.3333547,-0.78570694,1.2106373,1.5478499,0.0,0.0,0.0,2.6881804,5.4453096,0.063855864,0.13267517,0.12100983,0.030906677,2,104.178154,-1.8227282
21.988325,47.128796,59.938576,1,1,-1,-0.017969966,-0.018087253,0.009669485,-0.63091856,-1.3293856,0.76773614,22.00906,112.36956,67.43218,-0.043425895,1.5148578,0.494972,-2.9755301,2.5940676,-0.0039225365,1.8390635,0.0,0.0,34.819344,0.54577035,-0.49349415,-0.013290405,-0.03127861,-0.0007686615,2,84.41469,2.7775977
13.415942,59.30763,43.989838,1,1,-1,-0.07517215,0.002539822,-0.021401493,-3.1739151,0.20700839,-1.5976549,24.137802,94.024254,65.234,-1.192368,1.0351609,-0.9469982,-1.5928757,2.9857543,0.56219184,6.7701745,0.0,0.0,3.024724,-0.44153565,0.0065964353,-0.05263138,0.07465744,-0.044532776,3,41.42103,-1.9150465
57.352364,47.00372,84.52552,1,1,-1,0.0055138823,-0.010357903,-0.004143717,0.41622442,-0.6098075,-0.3453504,69.81802,58.86088,104.47245,0.6479278,0.6961531,0.67416316,-0.7686434,3.0652704,-1.7284449,0.0,2.251966,0.0,6.9790435,23.470522,0.20520227,0.00894928,-0.18013,0.021717072,2,107.633125,0.79978406
22.668123,10.874287,90.40932,-1,1,1,0.039154533,-0.12318839,-0.00072618114,2.0651398,-6.376043,-0.059212185,101.700836,13.17263,137.34357,-2.181565,0.639224,-0.9793413,-2.3775816,-3.0345273,-0.7939851,0.0,14.295258,0.0,0.8954707,2.306092,-1.3538015,0.124485016,0.24937153,0.0072135925,1,122.33644,2.2139113
26.20701,13.8476515,39.48665,1,-1,-1,-0.016541854,-0.029459698,0.0034783462,-1.0120121,-1.7961307,0.26766896,34.212578,34.307945,57.194244,-0.7629896,1.5569336,-0.91480607,3.0778744,0.37701297,2.2869008,1.783254,1.529144,0.0,0.5681703,2.8989425,0.4096305,-0.02217865,-0.084472656,-0.07272339,2,50.03097,-0.5242587
10.146538,7.0406957,34.66353,-1,1,-1,0.08551043,-0.054766398,0.01671037,1.3815012,-1.6587659,1.2156417,15.431355,10.749995,46.50305,0.9808432,-0.9860507,0.8046199,-2.379496,-0.8815056,0.40745556,2.6529648,2.3082228,0.0,-1.2705197,-0.6436671,-1.6699067,0.0066103935,0.9235344,-0.10073328,4,166.34013,1.1813502
55.914883,16.283188,11.989777,-1,-1,-1,0.013367988,-0.053675365,0.09702026,0.7491952,-1.908604,4.7609887,316.81207,47.776234,52.72834,2.4197454,1.7391491,2.1610615,-1.8555092,-1.404238,1.9681977,0.0,0.0,0.0,0.36510158,-0.053750917,14.148572,-0.02946186,0.27576518,0.016824245,2,34.505043,1.2558674
11.417923,7.881126,15.972022,1,-1,-1,0.02781203,-0.03394779,-0.027488189,1.1660794,-1.0430064,-1.7910566,20.091955,12.427599,20.573036,-1.1655271,-1.0282344,-0.7418818,-0.13277735,-0.07198627,0.46663654,10.305154,15.476674,1.4148444,8.53979,13.798254,-0.16116668,0.11604309,-0.10864258,0.17139435,2,12.203576,-1.3843364
99.78898,38.249,8.127834,-1,-1,1,0.013260873,0.62901837,-1.0619563,0.61737305,11.483364,-41.22944,140.53343,48.63131,9.7470665,-0.8754413,0.72108,-0.62118626,0.6856957,-2.4200742,-1.0896562,0.0,17.797445,13.932779,0.3611687,12.447426,12.602914,-0.09520531,0.17158508,-0.6978321,2,26.572872,-2.530848
27.9569,123.576225,92.04727,1,1,-1,-0.01212602,-0.013157384,0.008663539,-0.8095269,-1.0877166,0.72346246,33.92833,191.15475,111.22345,0.6424886,1.0032065,0.6347793,-1.1186075,1.68692,-2.8022442,0.0,0.0,0.0,-0.13900855,1.1748742,0.83694947,-0.038632154,0.0005097389,-0.042832375,5,76.57322,-1.4726411
17.880487,11.217001,74.1436,-1,1,1,0.07295285,-0.042652495,0.015915338,3.6041553,-0.8778517,1.3291411,18.230782,14.952602,90.85857,0.19762157,-0.7950218,0.65946054,1.1055455,1.1495973,-2.6661417,33.54941,0.0,0.0,64.78467,8.124168,-0.12479724,-0.08667374,-0.040100098,-0.02544403,5,90.740906,0.7930344
69.000145,43.63703,8.306867,-1,1,1,0.033954944,-0.029055256,-0.0077521056,2.1279097,-1.9834936,-0.32566965,125.21974,45.178776,13.245782,1.2027246,0.26504713,1.0425988,0.4388803,-2.9204082,-2.95164,0.0,8.010686,0.0,0.26688042,5.264936,-0.4218644,0.008037567,0.041801453,0.01543045,2,53.654,-2.8312278
107.03598,21.981695,51.9815,-1,-1,1,0.01830791,-0.023226237,-0.016912473,0.95670867,-0.15975818,-1.1573657,184.1451,64.00785,150.02711,1.1379383,-1.7310616,-1.7216139,0.74678683,-2.3771427,-2.3631835,0.0,0.0,0.0,-0.32138586,-1.2291173,-0.5006062,0.009290695,-18.621841,-0.099113464,3,25.935114,-0.46677747
11.558565,56.405144,66.240616,1,-1,1,-0.058218647,-0.008727198,-0.0014154423,-2.7457654,-0.6592292,-0.1129042,11.58723,56.996082,85.724594,0.07041122,-0.1446148,-0.7493371,-0.9311942,-2.8909593,-0.92070913,0.0,0.0,0.0,0.040726043,-0.51465064,-0.3932766,-0.20399666,-0.017019272,0.04055786,1,82.47521,2.8285334
30.090336,11.998691,49.1509,1,1,-1,0.022262828,0.11950659,0.012176685,1.0231771,2.6517582,0.8432402,99.79984,56.57626,62.07563,-1.8685668,-2.2325,-0.7101823,-1.0978657,-1.6218646,-1.0420779,2.9967926,41.950607,0.0,0.39466846,27.816088,-1.3679404,-0.08638334,0.5043745,-0.02376318,0,230.4063,-1.6708767
197.63338,20.93742,7.198169,-1,1,-1,0.02681333,-0.05732561,-0.01763057,1.1075001,-2.4000878,-0.44853598,718.8862,90.023026,16.12838,1.9649827,2.1378686,1.4459097,-2.8172882,2.1572201,2.227805,0.0,7.521061,20.590237,-0.8395979,3.5744534,14.7261505,-0.099897385,0.43187714,-0.105947495,1,56.67858,2.4470725
33.83816,27.783018,32.60531,1,-1,-1,-0.008690588,0.0073103225,-0.039454076,-0.36686328,0.22895485,-2.8283408,139.5712,27.855278,39.83564,-2.0951033,-0.072107546,-0.65422636,0.9555476,-2.3457153,2.4376042,2.4659715,30.922546,0.0,1.0446368,21.13404,2.0045154,0.059249878,0.031822205,0.12568665,1,81.05179,-1.4966257
7.805455,8.682979,43.194443,1,1,-1,0.050061516,-0.11611421,-0.013961441,1.2823076,-0.97925216,-1.1075088,20.790743,22.62338,45.28935,-1.6355721,-1.611721,0.3101923,1.7721744,1.7749127,0.8175207,14.709019,4.6399684,3.4095573,4.4986625,5.7119846,3.9086182,0.5025921,-4.451935,-0.13716888,3,42.21546,0.40203145
12.707661,54.77097,32.010303,-1,1,-1,-0.08487708,-0.0057159117,0.024005622,-3.7031684,-0.4385818,1.7790639,17.229715,80.90218,43.199253,0.8204226,-0.94165194,-0.8134906,-1.5053775,0.3643562,0.9753895,0.0,0.0,0.0,-0.7001238,-0.5313036,-1.2119079,-0.06645393,-0.028154373,0.02791214,0,133.28992,-2.6162465
22.01449,9.05312,38.965073,-1,1,1,-0.013352679,-0.018736126,-0.02399397,-0.67441493,-0.7903525,-1.7231543,56.939606,21.943325,39.536613,-1.6037791,1.5329291,0.17104787,-0.900308,-0.62076753,-1.0226529,0.0,0.0,0.0,-0.21585034,-0.5902667,-0.89088804,-0.06474686,0.017608643,-0.02054596,1,81.674805,-3.0047314
54.88827,7.3870134,31.42215,-1,1,1,-0.0073479563,0.14195144,-0.010264166,-0.535125,0.5549777,-0.6750458,60.977028,31.43074,41.70037,0.46677133,2.1271057,0.7882558,3.0767844,2.9670424,-2.070186,0.0,26.03743,0.0,-0.3694248,24.28858,-0.1423012,-0.049064636,92.56354,0.031051636,1,59.46853,-0.36333
31.87355,18.541222,58.327625,1,1,-1,0.2555023,0.019900061,-0.011533709,16.742107,0.92707163,-0.90863,45.563778,21.928047,251.03769,-0.89651424,-0.595583,-2.1388965,1.6061972,-0.03006202,-1.7214767,11.138687,4.704979,0.0,20.248646,2.6887524,0.0,0.07076645,-0.12412262,-0.014541626,2,115.48893,-0.654345
14.706721,79.19579,34.34142,-1,1,-1,0.0057231076,-0.0051042973,-0.011233308,0.12157355,-0.41366088,-0.80078244,15.663067,149.91864,36.353176,0.35870582,1.2528594,0.3406273,0.9085544,-3.0395546,1.8082969,1.4699024,0.0,0.0,4.0513663,1.7478225,2.631937,-0.01750946,0.053012848,0.004146576,1,83.405136,-0.92442155
64.2552,19.66229,16.05383,-1,-1,1,-0.015391728,0.019026022,0.012461209,-1.035562,0.81811535,0.52839553,184.99028,50.694397,34.979836,1.7189618,1.6003326,1.4145885,-0.27638277,1.315952,1.5111748,0.0,21.146887,26.69712,1.1638258,9.377752,2.392304,-0.029468536,0.5767708,0.08201122,2,115.0438,-1.3492644
70.45712,9.124056,7.412439,-1,-1,1,-0.01389014,0.13937816,0.01831257,-0.9715654,3.5349574,0.7403604,70.78924,23.778261,19.348965,-0.097056344,1.6119788,1.6137351,2.1090014,-2.8136013,-2.8239005,0.0,28.008427,37.327366,-0.37876177,24.604921,26.05686,-0.06345749,0.046253204,-0.008876801,5,12.25811,-1.6219403
7.685634,21.045683,16.4272,-1,1,-1,0.081571974,-0.005435456,-0.0030290952,2.5716286,-0.32893974,-0.1958249,12.722531,105.68538,16.432272,1.0900909,2.2968533,0.023999687,-0.7782055,0.44765034,-1.2247009,15.200665,0.0,0.0,1.8192699,1.179267,-0.5456897,-0.6216011,0.20353699,0.043909073,2,94.36074,0.4338671
8.969616,50.96413,57.902126,-1,1,-1,-0.021446196,0.0134057095,-0.020264415,-0.7340572,1.039067,-1.699622,24.237368,114.54203,57.96091,1.6510556,-1.4493343,0.045020834,0.883415,-1.7171983,2.0031693,0.0,0.0,0.0,-0.45974144,0.52945083,3.375921,-17.494781,0.03639984,0.0042800903,3,129.24174,-0.59520113
64.84722,38.51711,24.968992,1,-1,1,0.025436277,-0.02368407,0.25247967,0.8433806,-1.564751,15.77558,64.88365,42.20804,26.203695,0.033519775,-0.43435743,0.3132003,2.1435337,0.11839966,-0.5520308,0.0,0.0,53.061935,0.27108526,-0.568421,48.133495,-0.07798195,0.050405502,-0.1443634,2,37.003143,-2.65026
92.97346,7.559947,75.975586,-1,-1,1,0.052689444,-0.08711381,0.012433029,2.3944755,-3.808881,0.9378536,142.46872,11.556562,106.75909,0.9908216,-0.9876261,-0.8722772,-0.541198,-1.6340263,3.0853775,0.0,33.687035,0.0,-0.0467475,7.6322336,0.14975199,0.0036697388,-0.43183327,-0.04950142,0,28.497046,0.42178074
40.053635,11.713225,13.756325,-1,-1,1,0.013118437,0.016598012,-0.003916681,0.9316685,0.9597969,-0.21449274,44.356308,19.224913,29.108192,0.45946243,1.0793374,1.3814663,0.5589768,0.17614315,-2.6362476,1.0327774,1.404837,0.0,1.1303679,-0.21959302,-0.38262537,-0.014968395,-0.02417469,0.032580853,3,166.88951,1.2674661
14.135471,12.9439945,90.49343,-1,-1,1,-0.01817641,0.019896721,-0.006011713,-0.86515725,0.8282078,-0.5063938,14.142528,13.440203,93.593994,0.03159484,-0.27601662,0.26103,1.5395081,1.2616107,1.90468,0.0,2.42111,0.0,-0.96192896,12.910953,5.0044155,0.057779312,0.2674961,0.016248703,3,102.13842,-1.796183
30.231457,13.431711,9.384285,-1,1,1,0.49280012,0.04112173,0.03293135,25.023771,1.0411587,1.4991612,30.371325,13.481895,22.2124,-0.09615582,-0.0864172,-1.5068164,-1.4569902,-1.4432395,-1.668537,8.286886,28.131128,2.9662802,39.141796,42.62532,3.2217526,0.5105119,-0.07048428,-0.051430702,2,53.223812,2.4327903
21.113388,8.000373,103.50458,-1,1,1,0.018041248,-0.045504447,-0.013692602,0.3768512,-1.3301293,-1.1482102,56.966663,21.580345,124.87573,-1.6494474,-1.6491631,-0.63203907,2.687402,2.6907215,0.89638454,0.0,0.0,0.0,0.37430987,2.910135,0.84410095,-0.19355202,-0.08513069,-0.043748856,2,124.905045,-1.3979886
10.788953,12.940399,46.12707,-1,1,1,-0.006388206,0.41304043,-0.0044360096,-0.10227364,4.763004,-0.35442767,29.413876,35.000473,50.888855,1.6606195,1.6520833,0.45055702,-2.9410486,-2.993933,0.43971696,55.18038,52.91674,0.0,60.24466,20.54277,0.18425769,0.93678665,1.3828735,-0.036884308,5,94.46365,-2.7732644
13.037066,11.791281,34.07328,1,-1,1,-0.05146916,0.0045678252,0.020664198,-0.76853466,0.16902953,1.3608147,23.21879,21.310507,173.93575,1.180106,1.1977811,2.3135846,-0.8310239,-0.7911706,-1.4498426,11.226682,16.974064,0.0,15.87512,18.316263,0.11396494,0.042922974,-0.056396484,-0.09218788,5,68.16808,1.4785317
35.57319,8.065321,86.392426,-1,-1,1,-0.0055968724,0.0082354285,-0.0032457304,-0.23974657,0.2275213,-0.2697508,79.10982,27.073298,184.60692,-1.437511,-1.8811574,-1.3925872,-0.89625305,0.914326,2.733317,0.0,18.683416,0.0,-0.3713045,8.061726,-1.0216671,0.00819397,-0.09654999,0.011581421,1,82.96814,0.12721415
35.92917,7.465259,26.959827,1,-1,1,0.05626064,-0.67067945,0.026476001,2.7954998,-16.19455,1.7062397,138.58359,28.132719,58.412796,2.0258274,2.0017326,1.4082369,-2.0692246,-2.032153,1.5075363,5.783658,40.494354,0.0,47.467113,53.06054,-0.3422632,-0.13381195,1.4335327,-0.4539032,2,109.10092,1.6793525
24.192627,72.91866,22.234201,1,-1,1,0.02813888,0.017502662,-0.031989638,0.85049045,1.3397859,-2.5068913,27.071901,119.41056,22.361158,-0.4831686,1.0764972,-0.10670857,2.9572384,-1.8224044,1.0452102,5.2784653,0.0,2.4438283,36.971855,-0.48412758,-0.48412758,-0.07846069,-0.0434494,-0.092918396,3,61.206642,-1.2325809
78.182,18.256748,49.440155,1,-1,1,0.025818625,0.0146726435,-0.018049069,1.1919318,0.87075746,-1.4659173,423.44623,19.863361,51.149525,2.373901,-0.416509,0.26220173,-2.0226464,-1.4995171,1.2650639,4.8849616,7.859915,0.0,23.677336,12.948642,4.649578,-0.06694031,0.03780365,-0.02161789,3,39.038727,2.8821363
27.462652,8.276002,33.920727,-1,-1,1,0.003409445,0.005235882,0.012880194,0.19227053,0.2040764,1.0546697,54.27933,17.094872,38.485615,1.3032697,1.3540275,-0.5131403,1.7744992,-2.6221435,-0.28797776,0.0,34.161953,0.0,-1.2825044,32.192905,-0.5185251,0.06796265,0.011444092,-0.06941986,1,27.580502,-0.10506848
23.42908,30.673542,54.317993,1,1,-1,-0.2251274,-0.0024253665,0.0075775455,-13.3339405,-0.16517162,0.6376145,24.438301,45.27513,54.84925,-0.29247203,0.94066656,0.13973387,-0.68180245,1.282404,-2.6950788,13.714915,1.878221,0.0,8.231307,0.547386,-0.26952612,-0.14798498,-0.020831585,-0.035254,1,58.12108,-1.6010721
21.108019,15.873517,16.467503,1,-1,1,0.019209603,0.037176307,-0.0115,0.61665815,1.9711936,-0.6604274,53.730022,16.383017,20.337637,1.5864363,-0.25269425,-0.67280346,0.51967895,-1.5553827,-0.1526798,15.89999,6.518878,0.0,11.5063095,2.059329,-0.235143,0.2113533,-0.013061523,0.05179596,2,88.59614,3.0941422
34.565105,28.878286,17.273352,1,-1,1,0.009130808,0.017770432,0.12256286,0.5249188,1.1302828,7.4650073,118.72762,53.350384,51.295803,-1.9052384,-1.2240093,-1.7519552,-1.6588236,2.785582,-0.7493026,0.0,0.0,26.526686,-0.27747577,-0.12994976,55.877716,0.07491875,0.05566597,-0.23414993,4,179.48877,-0.9182674
27.913914,21.401897,108.95053,-1,1,1,-0.0032875463,-0.045038648,0.021346722,-0.21146746,-2.353231,1.7248597,35.66094,22.981394,170.66704,-0.72879106,0.38186765,-1.0196421,2.3298466,-2.8745408,0.3243984,0.0,24.337616,0.0,0.5174051,23.025213,0.27918857,0.0035476685,-0.15159988,0.051597595,0,79.96396,-2.6141558
23.980492,33.58102,7.393776,1,1,1,0.00040030782,0.063714005,0.016261224,0.025392426,1.4763722,0.6030654,45.63722,33.606503,13.084084,1.259111,0.0389562,1.1723514,-0.22515222,-2.6892977,0.8247205,0.0,15.352114,65.02011,-0.586577,10.918943,14.04887,-0.006515503,-0.04366684,-0.03396225,3,106.38487,-1.6307344
8.059543,9.556997,57.838577,-1,1,1,0.04999128,-0.038901843,0.017262954,2.376142,-0.20244744,1.3638158,9.13252,22.55365,160.90544,0.5104466,-1.5035155,-1.6823175,0.15241112,2.4777074,0.8885806,8.461484,22.262453,0.0,5.3680377,9.967084,0.20618345,0.043045044,0.37019348,-0.011432648,2,42.275917,-2.2800534
40.14072,7.753932,102.24735,-1,1,1,0.010320401,-0.12953226,0.02107206,0.3830276,-1.1525213,1.7214373,126.07249,24.343409,230.79613,1.8112477,1.8108207,1.4541559,-1.267714,-1.2640892,2.6179867,0.0,0.0,0.0,1.0090058,5.5652404,1.5005268,-0.045639038,0.06028557,-0.017971039,2,32.688766,-0.53333515
24.37411,11.2878685,21.776033,1,-1,-1,0.0028974668,-0.050084308,0.0032560197,0.15889387,-0.5490254,0.17987923,24.394356,36.414734,41.374786,0.04075709,-1.8394551,-1.2572012,1.9742972,-1.1802114,-2.6146672,0.0,2.4945285,0.0,0.68576396,7.6375966,1.4719856,-0.15001297,-0.27414703,0.025501251,0,58.69727,2.9280312
10.901662,7.3838534,58.14854,1,-1,1,0.07076367,0.011956472,0.0063698674,4.2057667,0.32704595,0.49728882,10.902414,22.380531,233.8714,-0.01174708,-1.7736475,2.0690918,1.3982708,1.7246184,0.97781813,2.5782392,6.0409074,0.0,2.3152125,-0.2848942,-0.416525,0.17449951,-0.017097473,0.026191711,5,63.072315,-1.2859703
117.43488,7.2060986,13.964527,1,1,-1,-0.04586854,-0.46697482,-0.018886253,-2.8730476,-19.853983,-1.0416858,148.28673,7.307956,14.032772,-0.70986617,-0.1679391,-0.098534904,-0.50460625,-2.4759629,-0.56999964,0.0,3.3753157,0.0,-0.17624432,32.802353,2.5220857,-0.014745712,0.20302391,-0.039375305,3,13.761312,1.0199205
33.042065,8.596371,31.870392,1,-1,-1,-0.024726138,0.020952677,0.0082349405,-1.4457712,0.44211358,0.6172052,37.696415,9.77817,39.507515,-0.5247346,-0.5185307,-0.67915267,0.7585575,0.7557569,-2.131032,0.0,0.0,0.0,-0.2083562,2.4708176,-0.55517954,-0.11355591,-0.29614353,0.03791952,5,123.263374,0.866421
18.755304,81.38813,35.39581,1,-1,1,0.016485032,0.004783702,0.006305913,0.51728237,0.41833743,0.43758556,21.225664,82.06492,132.35954,0.5077818,-0.1288657,-1.9936974,-2.0095842,-2.5485394,1.8633966,8.743904,0.0,0.0,12.279078,3.4841821,-0.24276485,0.062625885,-0.019691467,0.06402588,3,81.01393,-1.9409088
15.412403,9.399136,9.567157,-1,1,-1,-0.023601642,0.015856458,0.0025457076,-1.4741136,0.8168778,0.14127377,17.17395,9.41588,11.745008,0.47366855,0.059681248,0.6624867,-1.2850282,-2.1855204,-0.7146794,9.771287,176.35712,0.0,8.075524,24.6642,0.42996815,-0.07448673,-0.048840523,0.011795044,3,40.435474,0.121537805
10.577443,66.50149,40.066727,1,1,-1,0.028257348,0.009873548,-0.0077369153,0.8989685,0.8227405,-0.6206132,62.925888,72.88179,47.85591,2.4692411,-0.4346151,-0.61385846,1.5337706,-2.1223261,1.6872174,0.0,0.0,0.0,1.1039394,-1.0953388,-0.6250918,-13.82158,-0.105522156,0.035868645,2,48.149235,-0.5749644
86.49944,25.546225,7.434904,1,-1,-1,-0.024404384,0.043057006,0.0050036125,-0.6223989,1.0779105,0.13470197,199.74779,145.27301,30.221426,-1.4794939,-2.4234505,-2.0800264,-0.7685551,-2.4778056,2.8364727,0.0,0.0,2.8044703,3.2480164,-0.19743492,8.064263,0.07293701,0.010627747,-0.06858063,1,107.50689,2.173683
12.491789,7.0836363,40.62196,1,1,-1,0.10844465,0.034342803,-0.013206283,2.4783032,1.192002,-1.0288924,43.834927,20.607672,49.91018,1.9275563,-1.7300823,0.66397184,2.1540596,-3.1146345,-0.8711483,45.290905,0.0,0.0,54.1582,-0.2117666,-0.36368224,0.18548584,-0.08331299,-0.029190063,0,66.86977,-1.3141032
54.00021,20.634388,22.07835,-1,1,1,0.035091307,-0.02870446,0.090328716,1.5882324,-1.1034362,0.3935679,210.9498,57.754345,60.46241,-2.0389793,-1.6888288,-1.6654341,1.9706326,-1.8604864,-1.6690341,0.0,23.967922,32.665855,1.7669543,3.4258199,17.771774,0.029895782,0.1611023,0.03056717,2,43.2181,0.3975687
16.1338,17.299248,51.16728,-1,1,-1,-0.03180383,0.032330178,0.0070917243,-0.95371413,1.162781,0.55107486,16.463095,17.645393,52.950134,-0.20169869,-0.1997145,0.2632154,1.646405,1.6544569,-0.283537,71.97251,88.47333,0.0,84.73047,85.64006,-0.9144719,0.38849258,0.21406937,-0.004863739,1,185.69548,0.9269429
74.38913,18.202671,11.7921915,-1,1,1,0.031118607,-0.00537266,0.0065241368,0.7101203,-0.16705188,0.23552056,299.0313,51.201588,20.464931,-2.0685425,1.6941402,-1.1486262,0.29162836,2.9481091,-2.5330653,0.0,0.0,1.7413675,-0.5834203,3.4035177,1.8430986,0.23463249,0.04301262,-0.20059967,2,81.66495,-2.1872556
20.683676,19.55513,12.84066,-1,-1,-1,-0.081347644,-0.2974086,0.568886,-3.8889487,-11.791694,1.9297976,31.362062,41.740906,27.277912,-0.9768372,1.3913596,1.3859416,2.2272718,0.36551285,0.2918416,4.237003,0.0,0.0,28.369844,8.267141,7.2167473,0.7067604,-1.9432564,-0.17546558,2,101.39747,2.645307
71.404884,7.9536324,13.23692,1,1,1,-0.012567086,-0.01901713,0.051128484,-0.9780322,-0.6141482,2.4913712,76.83983,10.347276,13.319279,0.3877319,0.7575752,0.11149374,0.5949717,-2.9612746,1.1731951,0.0,6.664175,14.295567,0.65855575,5.2118044,12.708851,-0.013540268,0.103723526,0.29117775,4,33.830097,-1.7930145
12.259862,82.02344,19.561575,1,1,-1,-0.133496,-0.00021736827,0.0186618,-6.7296333,-0.018463992,1.1634327,12.461701,102.74695,29.30742,-0.18120931,-0.696674,-0.9608156,-1.3784288,-1.6386354,2.8657966,22.354017,0.0,0.0,33.88961,4.1020174,0.2582091,0.0683403,-0.047657013,0.011148453,2,139.99709,1.749398
7.998666,31.929665,18.654158,1,-1,1,0.1084632,-0.0073375055,-0.0082857115,2.0456254,-0.5303245,-0.45898736,20.525496,32.96367,20.496298,-1.59521,0.25379252,0.44080427,2.7405062,-2.455585,-0.57731193,13.690802,0.0,0.0,3.3383787,-0.7176418,-0.026625426,-0.25262928,0.008181572,-0.090667725,2,19.409025,-0.7362351
13.090784,7.0057406,42.934696,1,1,1,-0.053620227,-0.053620227,-0.011594387,-2.3188255,-2.3188255,-0.87052566,15.2128105,8.1413765,112.54898,-0.5619632,-0.5619632,-1.618311,-0.87090725,-0.87090725,2.9644494,18.731543,19.77204,0.0,23.275118,11.184294,0.1936951,0.11979675,0.11979675,-0.037475586,6,98.219635,-1.8982273
44.951523,15.048219,35.851303,-1,1,1,-0.0034195478,-0.035635013,0.013960274,-0.20762241,-1.0747358,1.0141177,72.2912,57.097157,80.40824,1.0535085,2.008806,1.4470072,-0.038854994,-0.033619564,-2.2391934,2.2822196,18.542768,0.0,0.06851275,9.086085,-0.57493407,0.036952972,1.611557,-0.0053710938,0,93.4812,2.042785
74.95905,8.707207,8.828958,1,-1,1,0.01423652,0.022939695,0.12234401,1.063324,0.6008202,5.0077214,99.442955,18.18295,18.097452,0.7877209,1.3664808,1.345235,1.9548994,1.5283649,1.596125,0.0,5.682942,34.052776,-0.57322675,21.64209,27.582172,-0.007785797,-0.037872314,0.1571312,4,61.589264,2.033511
44.992943,12.958398,42.06035,-1,-1,1,0.016282097,0.06853558,-0.022587933,0.80915195,1.1353974,-1.5531492,111.26956,71.47641,73.5634,-1.5549588,-2.3924503,-1.15811,-0.4300394,-1.4948404,2.8956015,1.1756837,6.4872065,0.0,0.39706305,18.130417,0.3546164,-0.026100159,-3.0779724,0.09075928,1,58.138676,-0.5068979
57.288387,7.1398854,103.12235,1,-1,-1,-0.005429895,0.0606866,-1.0488166e-05,-0.39670125,1.3254521,-0.00065761677,58.283813,12.870723,103.32808,0.18614836,1.1946802,-0.06314779,2.334463,-1.831133,-2.3675103,0.0,20.840511,0.0,1.6889551,-0.5040036,1.1602678,-0.041030884,-0.31520844,-0.108760834,6,114.83717,1.1753434
67.0825,31.766949,7.2826853,1,-1,1,-0.012188355,0.034687508,-0.06037735,-0.895391,2.1421015,-2.78349,71.02608,39.363083,8.286259,-0.34123278,0.67846227,-0.5189617,2.6035657,0.39663127,-2.315739,0.0,0.0,0.0,0.68682384,0.04473569,1.8252261,0.039560318,-0.043024063,-0.24394989,2,60.293217,-2.405841
95.32696,14.795762,9.037514,-1,1,1,-0.00036003016,0.007948206,0.24218385,-0.024647443,0.46943375,10.664157,147.21082,23.289242,11.71039,-1.0010136,-1.0259073,-0.7513001,-0.2539332,-1.7990658,-1.8410368,0.0,18.568605,18.886875,0.22640216,0.15535247,2.966907,0.0033311844,-0.098400116,-0.16587734,1,132.22882,0.6187612
56.140015,17.077755,33.364574,-1,-1,1,0.042897254,-0.20980419,-0.0141203925,1.4190164,-8.2392,-0.9551635,103.530464,25.540838,77.97175,1.2218986,0.9584433,-1.492715,2.9623463,-1.2993,1.8165551,0.0,5.915694,0.0,-1.4931949,29.548275,-0.89102083,0.0030136108,0.12096405,0.076049805,3,89.61876,-0.66663563
7.9655714,7.027668,121.30344,1,1,-1,0.38596952,-0.053139944,-0.017227482,7.2592,-1.8906229,-1.4873387,14.538691,12.856356,217.15724,-1.2095746,-1.2123209,-1.1863358,-2.536483,-2.456713,-1.6390934,36.143734,29.197515,0.0,31.42704,24.79584,0.41971058,-1.0050898,-0.08936024,0.085847855,3,105.45284,1.0362952
62.548412,7.6092696,33.120792,-1,1,1,0.0015931298,-0.111028,-0.009446924,0.10616889,-4.9469795,-0.63493437,100.861885,8.475065,37.626926,-1.0569448,-0.47262493,-0.5158866,1.3937201,-1.4167486,-0.32045355,0.0,3.1927564,0.0,1.4800711,0.83303213,-0.6192755,-0.023220062,-0.07109165,0.1284132,3,32.61312,-2.0025368
30.87541,35.297,100.55064,-1,1,-1,0.02091074,-4.635106,0.00027341288,0.38623196,-72.47216,0.02252956,57.780033,48.14303,189.8375,-1.2393013,-0.82919955,-1.2497221,-0.6155958,2.8599246,-0.31934837,97.3462,28.668394,0.0,2.0990384,36.591522,-0.7959619,0.07057953,-2.351921,0.007896423,1,18.999706,-0.9279505
67.98177,34.13921,22.607422,-1,-1,1,-0.0029603082,-0.066454664,-0.01657079,-0.2161482,-3.796034,-1.0619711,87.476105,41.237,23.514977,0.7402884,0.63415706,-0.2823757,-1.2135859,-2.4973853,-1.5107844,0.0,24.53041,0.0,-0.2778862,21.084974,-0.30754304,-0.011107445,-0.12851906,0.0047798157,1,80.48021,1.2807342
37.572037,7.553539,89.65924,-1,-1,1,-0.01398116,-0.08841384,-0.000459772,-0.8752843,-1.5365324,-0.03856749,52.639847,26.283321,137.4498,-0.8680732,-1.918747,-0.99139404,0.67653906,-2.1898386,0.99878055,0.0,6.3954015,0.0,0.83128417,5.810718,-1.0162904,0.038967133,1.0192356,-0.005241394,2,79.64788,2.4091537
9.8252945,8.14002,9.608494,-1,1,-1,0.06073776,-0.32023835,0.035485797,1.0143054,-11.383405,0.65151346,10.113061,10.635,36.66745,0.24143909,-0.7642199,2.0147626,-2.8712006,2.1139631,-1.2165437,0.0,1.5121888,0.0,3.0278044,14.472415,2.4408574,-0.03320694,-0.45775223,-30.67379,0,56.557526,-3.0767274
57.561813,7.84799,54.913498,1,1,-1,0.018695988,0.02396652,0.0018943849,1.0155921,0.6013409,0.11190235,97.82107,15.645431,54.92062,-1.1228011,1.3132311,0.01599018,-1.3137994,-1.6885457,1.0973843,0.0,0.0,0.0,0.45045057,2.2763565,1.0808805,-0.00674212,-4.535448,-0.040589333,2,28.610865,2.8219874
36.908955,21.301558,12.716998,-1,1,-1,0.0064143795,-0.0049039824,0.0021196285,0.39891753,-0.11170556,0.11443604,68.68896,56.731224,12.930591,-1.2327292,1.6354206,-0.1830249,1.0804662,-2.1884737,-0.95531493,0.0,9.1431465,0.0,-0.2008745,6.350294,4.0848775,0.007907867,0.12874413,0.02513504,2,29.56809,3.0353234
25.703707,13.539274,26.65406,-1,1,1,-0.006510444,0.02392201,-0.01063282,-0.3938791,0.99885726,-0.7383317,27.486626,74.276306,127.24098,-0.3703428,2.3869324,2.245133,0.64167047,2.0514748,1.6570495,4.885066,3.3489966,1.0491098,9.368099,8.753,1.2963502,0.083966255,-0.08004475,-0.0115709305,2,104.05881,-1.8388157
58.012707,26.288406,20.528233,-1,-1,1,-0.01837045,0.0482346,0.08653292,-1.1269615,2.6358383,1.8521278,82.76871,90.2314,112.50601,-0.8937849,-1.9044671,-2.3859236,1.6615865,-0.94399476,-0.3973516,0.0,9.430762,5.885716,0.070546634,13.525599,4.3250303,0.026878357,-0.4165802,0.2647171,3,65.83097,-0.9923448
40.74787,24.01198,7.1049037,1,1,1,0.020365378,0.046819545,0.013862049,1.177289,2.9641907,0.36491656,63.423714,34.330097,26.806622,-1.011327,-0.8967004,2.0029674,1.5702151,-1.5807534,-2.80046,0.0,13.148206,0.0,-0.24195337,0.51833403,0.030852601,-0.0064315796,-0.008140564,53.491104,4,4.079356,3.1264548
16.1576,48.69544,37.046562,1,1,-1,-0.16041228,0.0013871156,-0.007864537,-8.089944,0.112237655,-0.60567456,18.65642,75.90907,38.529484,0.5492238,1.0133039,-0.28199467,-2.2653258,1.470531,-0.9533192,16.17275,0.0,1.0714663,9.783822,2.4481068,-0.57754564,0.6486664,0.012626648,-0.057357788,1,76.85426,-1.7333747
11.38771,13.951428,18.010742,1,-1,1,0.4044461,-0.006416808,0.020763258,22.985027,-0.34219202,1.4123485,30.328798,17.638914,18.249678,1.6354405,-0.71190107,-0.16260456,-2.1410213,-2.4484553,-1.887106,19.81904,0.0,0.0,8.769815,-0.5211148,-0.5211148,-0.734581,0.010360718,-0.089738846,2,99.53978,1.7100891
80.460205,24.02848,14.437505,-1,1,-1,-0.018669859,-0.0008802576,-0.010071796,-1.2668571,-0.05515568,-0.5778957,143.25224,24.76247,20.114872,1.1797181,-0.24654563,0.8600784,-3.0112517,-1.6452411,2.6516182,3.2197833,5.21832,0.0,11.970236,2.7944922,-0.36499232,-0.2113514,0.07653427,0.06683922,1,113.90423,0.83445835
8.147791,76.31047,90.24962,1,1,-1,0.017394155,0.008447859,-0.014975774,0.36402214,0.68795204,-1.1831483,43.939293,179.15198,257.64456,-2.3695,-1.4977722,1.7099572,-2.5271022,3.0806472,-0.15583205,7.1972136,0.0,0.0,6.695778,-0.2702837,-0.22064987,0.020643234,0.060487747,-0.007411957,2,62.789513,-1.3739433
32.813004,18.052483,44.652447,-1,-1,1,0.013080032,-0.05186388,-0.02089483,0.81058955,-3.6923707,-1.5202068,35.02839,29.63505,49.82129,0.36542872,1.0795913,0.47662988,-2.2576096,0.15142383,-0.6153367,0.0,10.40338,0.0,2.7410455,26.013124,-0.5780875,0.124427795,-0.023117065,0.044322968,4,78.49612,-2.4678967
11.50049,39.1526,64.90421,-1,1,-1,-0.01679616,-0.01553762,0.018012142,-0.8271377,-1.0749991,1.3234307,18.463984,43.699192,383.0909,1.0513554,-0.4773707,-2.4612525,-1.9402289,-2.4063957,-0.66305566,1.5703921,0.0,0.0,-0.24352856,-0.55807763,-0.2547343,0.055368423,0.0049991608,-0.022943497,1,55.49758,1.4265338
134.26372,9.248892,56.20232,-1,-1,1,0.010133467,0.010346222,-0.0014469003,0.77345866,0.21288767,-0.120380186,155.93602,24.429607,56.962368,0.5608051,-1.6265105,0.16426396,1.0411955,0.50449485,2.530149,0.0,24.392986,0.0,-1.3090057,6.422534,-0.99822366,0.004219055,-0.100997925,0.005332947,5,81.44468,0.40062803
19.223013,16.396288,28.528328,1,-1,-1,-0.08702613,0.071335256,0.017417612,-2.510859,1.2782916,1.0531367,60.95445,95.2649,100.08927,1.8213196,2.4452643,1.9273529,0.9257206,-2.7171893,2.4927397,0.0,1.0535958,0.0,0.66241926,15.405884,-0.29378203,-0.05734825,0.47146034,0.095401764,1,108.15304,-0.37381318
45.00434,7.4425697,34.028835,-1,1,-1,0.028933875,0.044880774,0.0027224116,1.6067661,1.713899,0.21302389,45.68886,7.5479455,34.19872,-0.1741937,-0.16807872,0.099833526,-2.0286689,-2.0229557,1.9104413,1.6133157,7.737992,0.0,19.109108,67.11534,-0.44181782,0.036693573,-0.0049476624,-0.033229828,2,100.73148,0.8882226
26.682346,23.923695,13.374191,1,1,-1,0.3731812,-0.0416353,-0.08683087,8.153522,-2.543867,-1.715337,62.78747,26.519775,32.032246,-1.5003461,-0.46175176,-1.519821,2.508489,-0.9468991,2.567515,5.294166,0.0,16.757818,9.749961,-0.4579657,19.841604,-0.19095612,-0.011407852,0.34707642,2,67.99323,1.187142
39.057568,12.319992,24.021177,1,-1,-1,-0.38443446,1.0004673,0.02526209,-16.753206,50.358326,1.6161777,84.70564,27.335009,24.472427,1.409319,1.4349353,-0.19348146,2.4578004,2.3941882,1.2121245,63.30381,19.582134,0.0,14.970755,27.891027,1.1481068,0.4892006,-0.66692734,0.049438477,1,79.384514,-1.2440377
75.4736,60.91461,11.246937,1,-1,-1,-0.027261104,0.011386812,0.0258833,-1.7355059,0.21937384,1.1982499,80.5227,73.792885,12.067391,-0.36377442,-0.6393109,0.37968174,0.28053397,-0.0795521,-2.5264282,0.0,0.0,119.57682,0.16997196,2.144524,209.8445,-0.03881836,0.0754776,0.022232056,5,27.613306,-2.1743917
16.244755,84.59101,50.347084,1,1,-1,-0.07248624,0.01218866,-0.00844335,-2.990174,0.9927162,-0.6475835,42.251118,92.327965,200.41292,-1.6098163,0.4245026,-2.0584216,-0.40226433,-0.60658115,-3.019472,2.5686166,0.0,0.0,3.2790487,5.421846,0.2988767,0.23791504,0.031044006,-0.06503296,2,72.89334,1.4535346
377.98184,249.64977,10.8010845,1,1,1,0.02148406,-0.002313908,-0.85979116,1.3733647,-0.17591324,-24.472918,433.71634,268.60718,12.394892,-0.5365914,-0.38728282,-0.53678155,-1.8317853,-1.9730002,-1.8138285,0.0,0.0,257.26608,136.23463,493.85785,715.63275,0.039787292,-0.04095459,-0.087150574,3,260.19324,-1.9430014
10.276298,62.58269,65.53341,-1,-1,1,-0.24364665,-0.0015685873,0.004030092,-10.614943,-0.12780623,0.29659346,12.685634,117.60164,258.35974,-0.6720521,-1.2441841,-2.0484526,-3.066228,0.4940226,2.8906357,25.64985,0.0,0.0,25.612612,0.26023155,0.67577136,0.16744614,0.030582428,0.024715424,0,40.95971,2.8982182
26.980331,9.74101,30.75385,1,-1,-1,-0.0055586277,-0.16809167,-0.009389379,-0.2912754,-3.0803058,-0.6156305,82.44683,39.991436,34.37317,-1.7822763,-2.090294,-0.48050597,3.0554643,-0.12197107,0.22706515,0.0,0.0,1.805955,0.4256839,1.6097249,0.31887963,0.0009613037,-1.4596443,0.028583527,2,98.264366,-2.8653831
34.196102,10.263147,8.106983,-1,1,-1,0.00792411,-0.07818975,0.17627683,0.47821778,-2.3809884,7.0060053,52.88069,10.449395,12.513138,-1.0028154,0.19022419,-1.0003577,-2.5218947,-2.2014651,0.9311491,0.0,2.0691051,17.31327,1.5477252,0.8920223,7.0950685,-0.015447617,0.2323761,-0.4799862,2,119.85201,-1.1532478
71.66476,24.338202,10.613915,-1,-1,-1,-0.010708368,-0.026263837,-0.11001447,-0.4728406,-1.1948426,-4.310149,220.78793,34.969666,15.449202,-1.7909056,-0.90363,-0.92156774,-0.50445604,-0.5575927,-0.6058502,0.0,2.0656734,47.42676,0.24979052,48.547005,53.72259,-0.094322205,-0.044692993,-0.39313126,2,77.21728,0.7262484
7.1139874,64.30831,30.206907,1,-1,1,0.2910485,-0.015249583,0.012714947,10.777493,-1.1915101,0.8434528,13.687502,80.85451,30.91669,1.2719396,0.7027945,0.21633303,0.49338454,-2.459402,0.14024195,0.0,0.0,0.0,3.7901156,-0.84765327,0.012661682,-0.18800735,0.07933426,0.14250946,1,82.949646,1.8765574
54.595478,16.234186,73.69383,-1,1,-1,-3.0306215,-0.047818907,0.012654296,-43.21708,-1.6045517,1.0540423,135.57036,47.3624,105.72482,-1.5594286,-1.7330989,0.9015204,-1.3008043,-0.20989409,1.7164618,3.8530407,0.0,1.0612067,29.84989,-0.55049926,0.6500386,-11.796677,-0.09409714,-0.042060852,1,59.232845,-1.0530407
58.343365,25.885038,20.162731,1,1,-1,-0.011530063,0.13396123,0.006845637,-0.64951986,8.380141,0.3952699,101.24396,30.407055,20.269167,-1.1485188,-0.5828106,-0.10270585,-1.1160288,1.7327851,0.8797332,1.025709,10.451287,1.0013343,1.293837,40.232613,3.0821967,0.033510208,0.07551193,0.08787346,2,137.73277,2.9204974
22.174831,9.967487,7.025563,1,-1,1,0.29036933,0.20682397,0.08251893,9.731755,5.8339276,2.1988442,30.617151,13.647463,9.687591,-0.8470499,-0.8348436,-0.84514576,1.8912468,1.8923389,1.9025636,4.3304424,4.3304424,104.66477,50.294785,51.26791,75.74026,-0.13588333,-0.7373314,-0.39709854,4,33.534622,-0.13559046
10.11281,36.98584,85.83703,-1,1,-1,0.0042056357,-0.002145538,-0.009690032,0.14105278,-0.1463391,-0.82310426,10.446104,37.296745,87.98911,-0.25603938,0.12953986,-0.22345896,-2.3865192,1.3418517,0.878806,91.18215,0.0,0.0,114.13043,0.23966333,-0.8313919,0.27561188,-0.13938141,-0.06426239,1,58.286575,-1.0146894
33.44078,11.289891,69.35811,1,1,-1,-0.00805422,0.073193096,-0.00877968,-0.41394904,3.1102908,-0.7132881,59.614933,40.554153,76.14381,-1.1812716,-1.9519136,-0.43881583,0.8563066,-1.8336228,1.5650562,0.0,14.341705,0.0,0.47565013,6.224205,0.90441,0.029014587,-0.041297913,0.077373505,1,66.67797,-0.7069095
94.667435,21.626593,10.294256,1,-1,1,-0.0104507925,0.023181982,-0.10114925,-0.54379,1.0961547,-0.640737,195.13641,26.053513,34.077747,1.3516384,-0.6294002,1.8665696,-0.05320384,-1.7829083,-1.6260619,0.0,0.0,15.887859,0.33612984,1.8621919,4.1631703,-0.09925842,-0.076984406,-0.12639236,0,85.90138,1.7278538
12.15681,22.908628,30.617998,1,-1,1,-0.034318835,0.017421516,-0.0064424784,-0.90961134,0.87211144,-0.4279712,13.631472,70.179375,158.1015,-0.4877034,-1.7849154,-2.3252854,-1.43206,-0.84818697,2.3139234,37.660736,1.2490178,0.0,18.236855,1.9380656,-0.1616125,0.17390633,-0.33565903,0.102529526,1,75.1256,-2.9008124
39.301308,12.3070755,13.763131,-1,-1,1,-0.005819072,-0.051907912,-0.006080018,-0.16634463,-2.5085042,-0.32848513,206.3381,15.675891,27.088818,2.3422098,0.7239895,-1.2984011,1.0008,1.0009648,-1.8869504,0.0,7.047661,0.0,0.106807984,0.5506847,-0.6133007,0.07400513,0.07849884,0.05594635,3,86.0974,1.7780831
15.621335,16.180588,19.913078,1,-1,1,0.6249533,0.24866706,-0.0032195044,29.85045,6.934072,-0.18032342,91.47132,94.343994,24.93179,2.4531627,2.4488466,0.6958341,2.4159946,2.450633,0.8231539,15.669642,0.0,0.0,13.749455,21.347338,3.0940576,1.3650665,1.410492,0.10411835,1,59.788326,0.63467216
24.09077,11.0324745,66.71662,-1,-1,1,0.11145542,0.08100925,-0.011914537,3.4926798,0.85554385,-0.9395307,24.119324,65.24263,88.06714,0.04868219,2.4631906,0.78009033,0.91174936,2.9945934,0.326981,0.0,0.0,0.0,2.7022505,2.0217214,1.6665441,-0.07593346,-26.035809,-0.017417908,4,44.649483,2.669578
45.885887,8.09882,27.747053,-1,-1,1,-0.037389845,0.0086990995,-0.0076483437,-1.1205842,0.32306325,-0.5344162,72.59048,12.48054,32.717976,1.0324036,0.99825484,-0.5899798,2.8424718,2.6233768,1.7654976,8.209837,8.68466,1.2455568,25.592392,63.673313,0.8360372,-16.708178,0.031085968,-0.0075683594,4,76.787155,1.8597335
28.77877,7.3837643,52.341724,1,1,-1,0.01393943,-0.011662745,-0.0027837956,0.7423744,-0.32554746,-0.20576052,29.078642,9.071127,59.557564,-0.144235,-0.663798,0.51923496,2.0045877,-1.0063465,-2.8530204,0.0,15.507381,0.0,0.3726748,4.243365,1.2682194,-0.06409621,-0.052182436,0.046376467,2,29.30954,-2.521121
35.880226,7.767318,60.258247,1,1,-1,0.015843919,0.016669514,-0.0013610938,0.83945554,0.46459034,-0.111838624,171.69107,8.85985,76.76691,2.247556,0.5243634,0.72428596,1.4045372,-0.17469157,-2.3273973,1.6663978,0.0,0.0,1.8019403,17.888508,1.7729266,0.08017731,0.07544708,0.014549255,1,92.60252,1.0102823
69.67613,57.99735,7.1608825,-1,1,1,0.0046382244,-0.0023276245,-0.08526524,0.23836325,-0.15355748,-1.3723465,238.01,111.87722,23.943499,1.8994539,1.2749634,1.8770598,-1.3952755,1.7638801,-1.7923385,0.0,0.0,6.0087147,1.2880851,-0.035893157,10.44809,0.15665627,-0.047660828,-0.26073265,3,89.11468,-0.119632214
9.642318,42.508377,30.298876,1,1,-1,-0.036694977,-0.000104320556,-0.005342851,-1.4758985,-0.007434809,-0.37389484,15.007372,76.38707,38.26896,-1.0112563,-1.1908951,-0.7102934,1.6728932,0.8182119,-2.3669882,0.0,0.0,0.0,-0.06668305,-0.59463984,0.5801977,-0.003036499,-0.010002136,0.028144836,1,88.99628,-1.8013422
45.388344,43.108837,8.92795,-1,1,-1,0.002393871,-0.037968658,0.010268125,0.16023137,-1.6884537,0.532577,46.60599,64.9284,20.68246,-0.23112008,-0.9679047,1.4830079,-1.286385,2.4785485,-1.254178,0.0,0.0,0.0,-0.7189174,3.971479,0.084875,0.081921816,-0.06946015,-0.033851624,2,32.373238,-2.9497766
21.362703,7.2410216,24.835325,1,-1,1,-0.10683278,-0.058267705,0.027849108,-2.3091855,-2.2431073,1.9697951,22.218403,10.527061,28.493061,-0.28210342,0.9199092,-0.53626937,-3.1020734,-2.598613,0.046478435,0.0,53.021732,0.0,3.9332898,19.955769,-1.7013526,0.044439316,0.05984497,-0.03914833,4,121.239044,-2.5407372
63.777405,30.118622,7.278466,-1,1,-1,-0.001134298,0.0025994857,0.13344865,-0.079581335,0.17094126,4.273329,112.576454,46.96545,11.360015,1.1692898,1.0137193,1.0149062,1.7699567,1.4386138,1.4327974,0.0,0.0,0.0,-0.30032146,-1.7260025,0.9596141,0.023287773,0.027456284,-0.08052015,2,43.046116,0.12663536
41.61317,12.7854595,7.535253,1,1,1,-0.04335314,-0.21415022,-0.030565824,-2.0626588,-1.5126164,-0.2589717,180.35986,69.73079,15.480803,-2.1461024,2.3809679,1.3478392,2.8799698,0.29559875,1.550331,15.830748,0.0,3.6406257,38.571407,0.77748024,2.9789608,0.31904697,44.3043,-0.24197292,1,59.79302,1.2566967
58.953293,48.31005,17.623356,-1,1,1,0.014519781,0.008638394,0.06895193,0.7131741,0.48087865,2.8905036,60.11359,48.708736,23.913921,-0.19807771,0.1283846,-0.8216145,1.6449535,-0.25921455,0.73541784,0.0,0.0,9.791,-0.8902365,-0.3366376,10.244139,0.08811951,-0.13713455,0.0775795,2,108.74832,2.953467
36.280994,15.166143,104.74332,-1,1,1,-0.027808204,-0.4262138,0.0025434461,-1.9508075,-19.49848,0.2149163,36.321877,37.89917,108.862526,-0.04746793,1.5663333,0.27953926,0.5534284,-2.9876595,-0.79944915,15.156873,7.2916784,0.0,3.1139107,8.597794,1.0052122,-0.037441254,0.45160294,0.029758453,2,12.288361,-1.8535393
8.8972225,9.577592,97.56828,-1,-1,1,-0.040689167,-0.040689167,-0.011625718,-1.2127482,-1.2127482,-0.9875644,23.995737,25.830687,112.90205,-1.6489933,-1.6489933,-0.55354595,1.6876593,1.6876593,-1.3787419,14.274636,33.967075,0.0,13.61799,13.649787,0.70822984,-0.120652616,-0.120652616,0.014877796,4,83.38927,-0.5456757
69.91364,19.209345,9.618107,1,-1,-1,0.009898872,-0.0029923562,0.14900012,0.6530971,-0.08542622,1.4168996,81.92238,19.216946,13.808622,-0.57803386,-0.028127251,0.90253216,-0.87765265,-0.8015524,1.1502873,0.0,0.0,30.905018,2.4059453,1.3111447,106.85145,0.041980743,-0.029281616,0.051914215,3,49.420185,-2.926302
86.96569,13.436782,16.851656,-1,1,1,0.0014356207,-0.047812108,0.012608371,0.08770264,-2.4906042,0.7718366,151.64322,30.621443,79.5353,1.1544211,-1.464806,2.2334816,3.09583,1.1001065,-2.9948866,13.553075,0.0,0.0,30.4812,0.4960609,-0.11377023,0.010915756,-1.0252118,0.12382603,1,32.65176,1.5598229
19.826103,29.14082,10.07248,-1,1,1,0.01873782,-0.014232621,0.00029179113,1.0768313,-0.8318102,0.018000316,26.738302,55.79179,10.109589,-0.8125003,-1.2661575,-0.085171774,-2.0355875,-0.108384,-1.7483209,0.0,0.0,0.0,-0.104181945,-0.4565266,2.004871,0.028991342,-0.014499426,-0.12125862,3,108.65351,2.776072
64.97887,49.70522,17.22307,1,1,-1,-0.028695105,-0.128821,0.07290035,-2.1796422,-3.728079,3.5158856,65.06902,108.56112,61.52888,-0.052672207,-1.4172653,-1.9462135,-2.0303123,1.0164961,-0.65851647,0.0,0.0,4.8274894,1.6181891,0.69828784,3.103333,-0.010887146,-0.124420166,0.19636536,4,117.129425,-0.31522158
35.945732,20.511387,54.447384,1,-1,-1,-0.00497354,0.017327253,0.00053728203,-0.2921848,1.011901,0.044056386,36.49571,20.996056,149.70708,0.17470738,-0.21696423,-1.6697522,2.0171084,-3.120456,1.4734375,0.0,6.3905773,0.0,2.0273142,3.2848768,-0.10671219,0.0011253357,-0.34758186,0.0803833,3,76.351295,-1.9964545
21.82206,21.218508,62.305866,1,1,-1,0.15184274,0.038184088,-0.004332496,6.189379,2.2040446,-0.33478278,78.25866,21.256899,85.57342,-1.950214,0.0601464,-0.839364,-1.9500148,1.0023073,1.809512,20.454527,7.02978,0.0,22.51206,2.0071127,-0.12169098,1.4182892,0.31007385,-0.04433441,0,60.057785,-0.940614
50.504105,26.48215,7.3561153,-1,1,1,-0.004068588,-0.0134963095,0.016858239,-0.2697829,-0.7294024,0.82215255,85.98245,78.142334,8.299973,1.1250361,1.7451726,-0.5011344,-1.775,-2.232878,1.7275248,0.0,1.5941739,0.0,3.0165472,1.0167532,0.99164236,0.048171997,-0.028755188,-0.033485413,1,36.807026,0.13887884
60.02271,33.737537,17.265581,-1,1,1,-0.0025816062,0.10614464,-0.033922426,-0.14257579,2.6641154,-1.3762121,152.72412,169.25565,89.551994,1.5859919,2.295862,2.3298264,-0.10415372,1.6432744,1.6822798,0.0,0.0,13.971533,-1.0848873,30.803118,51.09895,0.006713867,0.67977905,-0.16311646,1,51.35705,2.3387387
61.88284,48.094395,16.480694,1,1,-1,0.0036250178,0.007724569,-0.009625051,0.26796007,0.23813902,-0.5408942,82.902596,96.297165,30.596464,-0.80251217,-1.3182579,-1.2298282,2.9951901,1.2212803,1.8080165,0.0,0.0,0.0,0.3142481,1.3595262,-0.055935,-0.02985096,-0.052184343,-0.021523237,1,147.76073,-3.1052048
35.148056,13.379993,11.133137,1,-1,1,-0.012673684,-0.004761875,-0.04201233,-0.72142094,-0.2229118,-2.8039389,49.229534,15.074424,12.525806,-0.86766076,-0.49810234,-0.49511206,1.7853578,0.41544846,0.3822775,0.0,14.8637295,2.576396,0.9467763,36.877846,33.54941,-0.04169464,0.05728531,0.0047416687,0,69.59565,-2.7060242
9.616238,8.776208,28.433056,1,-1,1,-0.11313874,0.018878223,-0.0017872722,-2.7720609,0.5018145,-0.1239022,25.619932,23.026752,29.030045,-1.635823,-1.6192894,-0.20453109,0.7888049,0.7652282,-0.13119408,4.7507725,20.33124,0.0,10.705887,15.496833,-0.6113564,-0.6436844,-0.5986023,0.041332245,4,69.46284,-1.0574586
98.82896,9.654588,27.42953,-1,1,1,0.027534904,0.26229072,0.01298358,1.5866817,9.242779,0.84214264,99.740585,14.6509495,49.58785,0.13572179,-0.97792476,-1.1981214,2.1549008,-3.1064372,1.5981928,0.0,56.192585,0.0,-0.6907569,40.02586,-0.1914497,-0.0260849,-0.6568718,-0.15033722,1,54.874363,-1.371027
13.724506,9.756841,30.25589,1,-1,-1,0.07345092,-0.067313276,0.01598427,2.9032705,-1.226581,1.170656,15.003154,23.947674,71.3244,0.42837727,1.5467004,1.5023265,2.7020504,-0.76155084,-2.5704846,1.5031027,25.389084,0.0,7.49326,9.403723,1.2573295,0.07237244,0.9341965,0.05924225,1,71.80052,3.1039479
7.2349067,7.6944304,27.133102,-1,1,1,0.052422866,-0.014103321,0.008796199,1.6376477,-0.45145303,0.6742756,14.2239065,14.925878,30.015217,-1.2971082,1.2814995,-0.45691526,0.19591254,-2.5259533,-2.835109,0.0,6.272401,0.0,0.338813,0.98240757,-0.053489808,-4.6439905,0.14760303,-0.14483452,3,99.06633,-1.9069237
52.196136,10.264102,41.787037,-1,-1,-1,0.52700055,-0.06885639,-0.0047844923,7.035933,-0.6199088,-0.3679148,308.14764,58.993633,78.04737,2.4614663,2.434269,1.2369884,-0.023778891,0.053362258,0.53735965,21.651999,53.883816,0.0,12.509573,13.485156,1.0630318,1.0288277,1.0834885,-0.040088654,1,20.839775,-1.7483028
35.935364,29.821705,59.968952,1,1,-1,0.05266444,-0.01959513,-0.0011779414,3.4971097,-0.57426006,-0.092917725,38.9071,65.65515,87.83399,0.40393427,1.4262277,0.930117,2.4521797,-2.8554614,-0.032443274,1.4718925,16.568531,0.0,10.514156,17.949694,-0.054647826,0.38246036,-0.026587963,0.058244467,2,42.998184,0.36922112
9.786718,15.250082,17.882442,-1,1,-1,-0.13330847,1.1714466,0.011888397,-1.7737347,14.961463,0.83466005,29.91311,48.00147,20.015709,-1.7825146,-1.8135481,0.4836935,1.686883,1.6619982,-1.8304061,82.767136,36.24091,0.0,52.890198,67.47748,-1.0982019,-0.2634802,-1.9314623,0.028199196,3,101.65056,-0.96556014
12.476223,118.47779,104.46396,1,-1,1,0.08109912,-0.02380498,0.017105158,3.280123,-2.0007334,1.3537469,22.507332,121.00653,138.60432,1.1955911,-0.20624106,0.787932,3.0519557,2.6306086,0.47897694,6.370519,0.0,0.0,2.0298939,-0.51180893,0.8364767,0.20621109,-0.0059432983,0.07915115,2,109.01627,-1.2696022
50.33881,8.096379,194.13774,1,1,1,-0.022295186,-0.19365284,0.000576264,-1.3621652,-0.642448,0.04913757,65.530876,24.10779,210.96448,-0.7585917,-1.7547946,0.41340095,-2.2668593,0.88556594,0.96543914,1.5785507,0.0,2.1627095,4.080962,1.794895,-0.34371546,0.016414642,45.83169,-8.010864e-05,5,67.48781,-1.4134244
7.8252854,110.816605,59.670784,1,1,-1,-0.026079563,0.0041493154,0.010821144,-0.87788916,0.3530563,0.8453021,34.995605,294.7421,76.0382,-2.1782682,1.6339957,-0.72470415,-0.73560303,1.327102,-0.98385304,0.0,0.0,0.0,3.3664138,2.0234303,-1.0388882,-44.608677,0.055397034,-0.05405426,2,104.45467,-1.4817125
8.565705,8.586545,140.92175,1,-1,1,0.25440252,0.14007355,0.0053634066,7.922715,3.4128673,0.44489074,31.109735,31.974295,763.1367,1.963386,1.9893458,2.3737435,1.7932919,1.7973415,-1.6436553,43.980663,32.75128,0.0,47.86153,43.87383,1.24907,0.32717323,-0.20612144,-0.0017242432,4,43.184093,1.6578212
60.835014,16.836853,66.68526,-1,-1,1,-0.009167211,-0.09249251,-0.0015999055,-0.70185786,-2.4203176,-0.13043094,60.95992,17.302248,199.5264,-0.0640696,-0.2345846,1.7599362,0.53789157,-0.5740013,-2.1016214,0.0,5.60815,0.0,-0.8376306,-0.34569013,-0.15257767,0.045640945,-0.16085243,-0.052497864,3,58.00328,-2.1385884
58.546772,23.695452,150.20685,-1,1,1,-0.0147718005,0.013257605,-0.0073668687,-0.9539306,0.7868978,-0.6407223,59.718655,23.803915,273.9493,-0.19974843,-0.095644586,1.2086718,0.8738628,-2.8085802,1.8516786,0.0,10.414707,0.0,-0.43354827,0.6487983,0.07010419,0.002002716,0.033208847,0.009414673,3,163.3205,-0.76769614
25.885664,11.074597,21.14796,-1,1,-1,0.03778952,-0.04952233,0.029448427,0.5966601,-1.2335651,1.7644068,57.565624,26.521023,21.994663,1.4375014,1.5196753,-0.28199592,2.3406324,2.3648164,-2.6103537,8.182425,28.04921,0.0,1.9546404,11.936996,-0.9595432,0.0972805,0.08996391,0.0037708282,5,87.625114,-0.110328585
69.12633,17.627542,8.344174,1,-1,-1,-0.00074962527,-0.0029027595,0.027376257,-0.032577716,-0.1549179,0.76986647,241.87387,27.241236,25.077549,1.9245528,1.0019532,1.764653,-2.2661002,2.2926424,1.0273635,0.0,0.0,17.936304,1.0639131,0.87265366,7.2102113,-0.00022506714,-0.015911102,0.0317955,4,49.04707,-3.1210573
120.97509,49.829857,8.774828,1,-1,-1,-0.0051231403,-0.006360433,-0.010271813,-0.424931,-0.43829963,-0.36519423,121.355835,69.46715,19.570639,0.07931711,-0.8609534,-1.4407548,1.9259342,-2.189003,2.1977918,0.0,0.0,2.1582716,0.6649864,-0.009795837,2.2353961,-0.12158203,0.008617401,-0.0936203,2,99.68146,-1.5001616
60.361385,7.4619107,132.38931,-1,1,1,0.15115207,0.015355433,0.00038252608,3.9231255,0.41454974,0.032469224,122.73519,15.55871,548.9658,1.335996,1.3647443,2.100569,-0.7663084,-2.9136548,-2.1990483,0.0,0.0,0.0,0.23261622,3.652866,0.32649046,0.01171875,98.99562,0.02155304,3,63.956768,-0.17449602
9.342695,22.769548,90.487175,-1,1,-1,0.015402532,-0.018584402,-0.0007087987,0.5363171,-1.1302364,-0.060231097,9.66303,50.096928,94.74005,0.26112434,1.4255023,0.30540308,0.73256254,-1.4800208,0.38656533,77.43266,0.0,0.0,39.20239,-0.6459589,3.3509364,0.043079376,-0.07418823,0.007823944,1,53.74886,-2.6955378
14.845911,17.715626,37.901752,-1,-1,1,-0.09046343,0.29286063,-0.003378691,-3.5335507,6.204256,-0.23385774,57.91033,70.23554,221.50737,2.037468,2.054256,2.4512043,-0.5148186,-0.654887,-0.17324148,28.840948,45.03297,3.2917764,43.481323,42.231674,1.9634786,0.26715088,0.14219666,-0.0061836243,2,7.29467,-0.031220473
130.64339,16.212904,14.899826,1,1,-1,-0.004775873,0.025955444,0.023544267,-0.3241908,1.306763,0.3622674,244.2294,29.659224,15.354998,1.2380629,1.2122998,0.24655429,-2.0634491,1.0599042,0.26284394,0.0,20.069157,0.0,-1.1203998,9.952719,0.90134734,0.023739576,-0.022211552,-0.014157534,2,94.04358,0.077033296
25.339638,94.82972,32.513393,-1,1,-1,0.08626807,-0.010233216,0.008475594,2.5720701,-0.811787,0.6077406,49.137695,95.20907,36.157326,1.281099,-0.08940967,0.46912098,-1.1087134,2.599682,1.8744304,26.37858,0.0,0.0,16.19084,1.7489402,0.7110012,-0.34153748,0.11653137,-0.036064148,1,77.949356,-0.4456384
22.577154,16.975153,9.306338,1,-1,-1,0.018071003,0.029846044,-0.015374725,0.6508405,1.6822995,-0.46827275,30.873919,21.17808,9.81474,-0.83300954,-0.6899291,-0.32905748,2.5616322,1.022089,-2.5566607,15.614138,0.0,6.7255764,8.278633,0.534135,15.000885,-0.020973206,-0.015365601,-0.19772339,2,94.118996,-1.0377631
32.122265,32.67538,40.233406,1,1,-1,-0.010645619,-0.014638338,-0.0059011253,-0.5431662,-0.73187983,-0.4385523,78.23564,119.04918,70.95196,1.5382332,-1.9666727,-1.1681617,2.549007,0.75075,-1.4983318,15.352977,0.0,0.0,40.019077,-1.1578629,-0.72942287,0.12569046,0.012439728,0.036201477,5,218.52304,-1.5522323
52.479317,19.546469,52.00373,-1,-1,1,0.0048139943,-0.09877867,-0.012269193,0.3014836,-5.918415,-0.9283459,130.9133,20.269157,58.872875,-1.5644261,-0.27109852,-0.5084842,-1.0198585,-0.22734164,-2.7810192,8.202399,14.786658,0.0,-1.227104,20.41055,-0.78881836,-0.061465263,0.49177742,-0.050771713,5,42.14206,2.0104733
59.770622,22.745228,9.11451,1,-1,1,0.002307423,-0.029527627,0.26065332,0.13360749,-1.8278652,7.08501,202.43399,26.545147,29.003548,1.890503,-0.57027954,-1.8250407,-0.9632423,-0.7985993,-2.660219,0.0,0.0,2.8099835,0.35522985,0.8746508,-0.107031375,0.0017333031,-0.025074244,0.40210176,0,83.418205,1.9937387
12.985694,87.214874,79.26112,-1,1,-1,0.5707562,-0.01659876,0.0025809626,19.714022,-1.3639716,0.21780807,13.787763,153.3275,100.59974,0.3496854,1.1643915,-0.7182442,-2.5282397,0.9007751,-0.92221,18.966192,0.0,0.0,33.302677,2.302122,-0.7537373,0.006447315,-0.03922701,-0.054288387,3,69.49446,-2.3625958
80.58994,42.694725,12.157498,-1,-1,1,0.07184119,0.0011487314,-0.009452046,1.5165131,0.07558806,-0.4837959,81.62776,43.311363,12.795379,-0.16031337,0.16975449,-0.32253873,1.0287335,2.2024848,-2.3236816,0.0,41.974403,8.502918,0.49632946,53.635838,0.31463587,-0.00850296,-0.033920288,-0.021026611,5,110.73838,1.6164021
52.27841,18.024582,11.733572,1,-1,-1,0.019619716,-0.04501318,0.010916463,1.4194297,-1.4035727,0.298532,52.29824,37.34995,24.21674,0.02754269,-1.357656,-1.3530804,-1.2169122,-1.7117,-1.8077344,3.1075199,20.469095,20.469095,0.38984302,13.522259,11.489081,0.08638573,0.0022525787,0.08925724,3,41.112717,0.44716933
38.16948,29.42023,17.470325,1,-1,1,-0.0056600887,0.038273875,0.016086737,-0.33753657,1.2856178,0.628649,48.15962,38.75143,56.621246,-0.70858926,-0.77677727,-1.8443297,-2.5589051,-0.10460187,0.46855015,3.6121395,0.0,7.4260087,0.4438307,1.7596841,21.111895,-0.031426966,0.00873211,0.04675755,1,22.731022,1.1497906
18.687809,9.083814,76.19816,-1,1,1,0.06545132,-0.04119463,0.015919613,2.5380313,-1.1084863,1.2949134,19.328598,9.390662,77.26892,0.2611322,0.25919583,0.16744335,0.97497207,0.97969997,1.401247,0.0,1.5722616,0.0,-1.1474454,3.3118393,-0.115867674,-0.11148429,0.0659225,-0.040735006,3,50.140484,-0.8252052
33.227936,12.351158,56.055904,1,1,-1,-0.006228205,0.08448907,0.013939911,-0.27887568,3.298622,0.91356796,150.75922,53.636707,70.10326,2.1930683,2.1481028,0.69393855,2.0313013,1.8583446,-2.7973738,15.073162,27.854336,0.0,14.947069,36.90051,-0.7703439,0.07087326,-1.3022614,0.08221817,1,52.85516,-0.3754217
159.38263,25.71717,11.249595,1,-1,-1,-0.005128982,0.021525908,4.25874,-0.35016793,0.94565594,50.893654,174.16069,30.355362,24.07694,-0.42736927,-0.5919108,1.3943902,1.6231148,0.82752234,-1.5743719,0.0,0.0,8.824154,-0.076631956,-0.88688296,116.32685,0.0040740967,-0.1223259,-2.7649574,2,84.75397,2.6778624
10.472492,39.48359,61.51671,-1,1,-1,-0.0997119,-0.014811506,-0.007282086,-3.1488369,-1.0865226,-0.5919908,57.4849,48.00445,83.88083,-2.387515,-0.6456945,-0.82877165,1.7539833,-1.3149148,-1.1002944,21.415018,0.0,0.0,18.77325,2.6988065,4.657612,2.053111,0.03562832,0.03299427,1,48.0016,1.0594068
32.053238,19.410156,34.56349,-1,1,1,0.057829708,-0.006174928,-0.024034299,1.2009809,-0.24519859,-1.6123928,69.058716,48.236908,73.18333,1.4018896,1.5602896,1.3822086,-1.8909001,1.1892335,0.22912988,0.0,8.154721,0.0,-0.026242798,-0.82737046,0.61369216,0.16785431,0.08037567,-0.06486511,2,73.24489,2.3356776
52.82206,21.147821,9.600015,-1,1,1,-0.02051383,-0.082913235,-0.03272765,-1.460438,-1.6392072,-1.4120413,52.8501,42.923664,9.647058,0.03258252,-1.333936,-0.09895799,1.5422682,2.1826668,-2.56238,1.454853,0.0,23.40392,0.40963343,0.6822681,23.52639,0.052393913,-0.049199104,-0.06792545,0,46.202755,-1.1796136
45.42172,24.962582,16.13442,1,-1,1,0.008518663,-0.4765948,0.6671145,0.55381566,-14.816472,26.784529,78.34244,45.59246,29.765211,1.1410578,1.2103869,1.2223369,-1.6451923,-2.7027695,-2.7895343,0.0,26.920301,21.519121,-0.56164145,28.34606,37.85497,-0.010313034,-0.09301901,-0.95281506,3,84.1457,-1.6936795
114.93643,15.251415,25.548841,-1,1,1,0.006080518,-0.10766868,-0.008196829,0.39647242,-7.4552946,-0.5440487,116.0749,16.07118,111.25265,-0.14063372,0.3264211,2.1509054,2.8664207,-0.71852964,-1.2469314,0.0,22.815296,1.2381257,-0.37193015,26.66386,-0.11401765,-0.11790657,-0.050596237,0.05856037,1,15.780194,2.1309795
52.761692,9.583163,12.629598,-1,1,-1,0.009978869,-0.06447489,-0.0534974,0.3515135,-2.4779546,-1.7330885,258.6168,15.071497,28.412413,-2.2721374,-1.0248022,-1.4504102,-0.077067874,2.2657094,1.6669497,0.0,2.1102793,7.61603,48.407394,7.4057655,-0.33212072,0.092268944,-0.0568738,-0.09142637,2,25.365564,-2.347847
26.667852,14.10851,7.51407,1,-1,-1,0.0046489895,-0.424615,0.6412016,0.20159568,-6.7228117,24.616724,67.39944,72.06673,36.16555,1.5786659,2.3142393,2.253506,-2.4789767,0.8565862,0.6980978,0.0,36.663387,29.665874,2.7659116,25.19741,21.479239,-0.04011917,0.35043907,2.120329,2,46.97948,0.9041298
12.933668,28.753609,28.271704,-1,-1,1,1.5226948,-0.022197818,0.0149099985,3.9354453,-1.7166483,1.0400994,13.289613,33.485863,61.43859,-0.23407453,-0.56612337,-1.4116057,1.9666212,-0.5687998,2.463855,25.586718,0.0,0.0,48.243313,-0.44729555,0.73537123,0.01140213,-0.04006958,0.047727585,2,198.49959,1.2385311
29.646008,26.865847,8.318159,-1,1,-1,0.006926952,-0.03622164,0.025886647,0.41558507,-0.88443935,0.5400165,33.330685,28.65807,24.296654,0.4935515,-0.36326674,1.7343637,-0.58663946,-0.98701924,-3.0403316,2.55202,0.0,0.0,11.201439,1.9471055,0.055458955,-0.07992554,0.030479431,-32.572838,3,111.116554,-1.0190552
21.670317,11.112482,28.327997,-1,-1,1,-0.0021723206,0.14477876,0.009780796,-0.096584134,2.1406271,0.6581207,53.45958,29.924715,28.845621,-1.55226,-1.647355,-0.19084197,-2.9179392,-2.786834,-2.0248113,56.32058,19.467905,0.0,24.75721,16.746681,-0.5929783,-0.042949677,0.08190918,0.051059723,2,114.118034,2.2859814
31.12373,9.84982,80.64933,1,-1,-1,-0.075499654,0.40082294,0.022188284,-4.50128,17.260084,1.8257515,35.615356,11.29083,84.947044,0.53098345,-0.53453493,-0.32502753,2.1284504,2.5973167,-0.83380693,0.0,44.590084,0.0,0.5235092,21.222952,5.3262997,-0.090797424,0.2919464,-0.05595398,3,91.38415,3.0209568
118.55152,27.99702,17.192255,-1,1,-1,0.011895493,-0.005331363,-0.066812366,0.72965497,-0.33351707,-2.525718,157.01299,30.30559,67.05085,-0.78518987,-0.40335763,-2.0372827,-1.0623611,1.7872502,-0.1718251,0.0,0.0,0.0,1.3240217,1.1980244,1.8438227,0.025079727,0.018377304,-4.4574146,1,72.68605,1.8777125
23.559107,11.040608,105.4262,1,-1,1,0.118765384,-0.39607337,-0.0028253456,6.7314277,-9.661718,-0.23737971,29.698078,13.979449,122.673164,-0.70708793,-0.7143505,0.5644764,2.6426091,2.6575644,-1.2541329,0.0,75.87572,0.0,22.04159,47.90797,-1.0234706,-0.58584976,-0.41473198,0.008892059,2,87.3812,2.818047
29.669603,53.814438,47.123997,-1,1,-1,0.042383645,0.010212748,0.015436137,2.488533,0.71809876,1.1927724,85.887375,189.30832,76.264885,-1.7247963,-1.9301388,-1.0615517,-1.5862166,2.4967372,0.2709848,16.871618,0.0,0.0,6.678888,-0.3033849,-0.6573481,1.320221,0.033634186,-0.035274506,0,25.049372,-2.896796
15.561485,9.745477,34.749454,1,1,-1,-0.014229971,0.0028012872,0.005134014,-0.59610295,0.09345765,0.36358923,40.689526,12.708456,59.908627,-1.6155668,-0.7612738,-1.1405128,-1.5490108,-1.1403,2.0353124,0.0,23.850922,2.637403,-0.10848114,7.401173,1.2811502,-0.043571472,-0.14047623,0.010650635,6,45.756966,-0.16827847
15.151581,9.3702545,10.371517,1,-1,1,0.22848186,-0.007459311,0.0098426165,9.917986,-0.3565653,0.44398466,19.463757,10.115827,28.962881,0.7376204,-0.39631957,-1.6863718,-1.6753885,2.6459239,1.3369987,15.403264,0.0,0.0,3.6789613,0.36621788,0.4898408,-0.2199707,0.045410156,-0.16864014,1,94.1728,2.1127198
7.690799,8.449887,71.594986,-1,1,1,-0.085559465,0.023848146,-0.0021090857,-1.8631753,0.80388296,-0.1740084,10.46725,11.652403,74.66039,-0.8260314,-0.8452458,0.29159155,1.365827,1.3818175,-2.088236,110.29632,50.42735,0.0,70.79037,53.63613,-0.35828772,-0.078487396,0.03497696,-0.07828522,7,73.77947,-2.5450916
52.904087,10.549432,25.072105,-1,-1,1,0.051161837,-0.0051724208,-0.00693055,3.0715394,-0.14027767,-0.4463921,60.3236,47.356476,37.297844,-0.52361035,2.182135,0.9512648,0.036308076,-0.9190284,-1.397511,0.0,0.0,0.0,0.31834057,1.3284942,1.5354441,0.06457901,0.23822975,-0.114276886,1,56.588547,2.4061875
41.32533,26.631292,35.185913,-1,-1,1,0.033390492,-0.019709544,-0.005190235,0.877332,-1.3296978,-0.38068438,125.82415,29.243416,53.9263,1.7784278,0.4393676,-0.99103564,-2.9138713,-2.597798,1.011112,1.3005005,1.5198226,0.0,1.1560462,-0.15338205,-0.29620254,-0.055778503,0.001914978,-0.012641907,0,50.493645,0.48335356
13.102132,20.39079,40.128487,-1,1,-1,-0.2607727,-0.09395855,-0.024226503,-13.5448885,-3.0540295,-1.5941283,29.269072,46.141632,114.414635,1.4425592,1.4569353,1.7086124,0.8819977,0.87955606,-2.3941042,8.964818,8.964818,0.0,10.676869,15.940889,2.361765,0.33758163,-0.5965729,-0.0013599396,1,42.620155,1.5922109
17.494568,57.853664,40.121952,1,-1,1,0.02070885,-0.0004652612,-0.013983965,1.151077,-0.031832747,-1.1014873,18.324806,137.1151,47.951694,0.30687532,-1.5082388,-0.6149953,2.7456737,-1.8303332,-0.030365631,14.980568,0.0,1.540827,14.873116,-0.34286264,1.7061801,0.029701233,0.075553894,-0.042346954,2,82.513306,2.3579812
52.979897,14.456611,23.874195,-1,1,1,-0.014792498,-0.0004466231,-0.00019823924,-0.6393221,-0.026667064,-0.012673389,235.8688,19.333956,28.36677,2.1736517,-0.7999362,-0.60422987,-1.0352707,-3.0076637,-0.49670833,0.0,29.137093,1.0303819,0.25053868,20.529804,-0.31413025,0.12474918,1.5722985,0.009347916,1,93.60521,-2.8005788
9.419667,7.7825284,50.03546,-1,1,-1,0.3893856,-0.29167792,0.011238247,3.020788,-1.3201696,0.8956117,9.744473,8.050246,57.50838,-0.26186007,-0.2615507,-0.53995234,0.9318573,0.95044523,-2.3563025,24.687723,18.51227,0.0,47.238598,42.232838,4.168764,-0.13157845,-0.22324944,0.065546036,3,65.47548,0.50921327
11.318792,19.991982,56.769447,-1,1,-1,0.06189667,0.0051075732,-0.011374405,2.6352766,0.3252982,-0.8599601,19.306944,20.117847,58.263786,-1.1273973,0.11202994,0.22893912,0.015603177,-1.0391657,0.8500804,0.0,0.0,0.0,0.17120227,4.87057,2.135533,0.00409317,0.041387558,-0.048600197,1,108.61029,-2.9252908
56.743908,26.506235,102.84121,-1,-1,1,0.02473401,0.20922606,-0.010165969,1.3330504,7.362674,-0.8236181,76.393745,47.379726,173.35826,0.8098966,1.1845123,1.112753,-0.5576593,-0.9691898,0.8431913,0.0,13.248845,0.0,0.7500316,24.069414,-0.26844043,0.029351234,0.6619687,-0.042778015,2,55.49324,-2.540404
23.979403,17.008358,9.275516,1,-1,1,0.14852864,-0.20801942,-0.08933609,5.4153986,-8.889707,-4.339636,78.72081,56.351875,11.870737,1.8578107,1.8674635,0.73162717,1.9885184,2.0279772,0.9652313,28.988607,9.290872,0.0,86.0115,102.09382,0.44670185,0.16433811,-0.020170212,0.031137466,5,120.9328,-0.17000335
63.465595,13.555708,7.134108,-1,1,1,0.022089327,-0.00287794,-0.08882174,1.6107423,-0.14029154,-3.5204883,63.546124,14.807643,7.1375027,0.050370246,-0.42653784,-0.030847717,-0.92516905,0.66738904,-1.5071743,0.0,0.0,74.89691,-0.22131377,0.7077324,70.18235,0.17946625,0.03926468,-0.6874008,2,85.79484,1.3309404
119.26859,55.224335,7.010915,1,-1,-1,-0.005956802,0.028519908,-0.008869582,-0.43685675,2.1330035,-0.23164596,228.28513,57.65064,17.408953,-1.2658436,-0.29535538,-1.5594031,-1.4416727,1.0636495,1.0718453,0.0,13.290288,8.772775,0.7884835,12.805387,5.4766517,-0.024679184,-0.15005493,-0.01112175,1,44.34125,-1.5767313
119.34666,45.50432,9.114794,-1,1,1,0.0042069945,-0.020408979,-0.0046611684,0.23697229,-0.7427902,-0.1759048,132.26314,100.122,14.10819,-0.46114823,-1.4255571,1.0040342,-0.56514525,-1.0437353,2.0495386,0.0,0.0,0.0,-0.8689547,4.153927,3.5252454,0.040893555,0.039096832,0.011882782,4,81.78623,-2.0190547
21.819033,8.313139,114.153206,-1,1,1,-0.0069399094,0.037530098,0.014511129,-0.34776235,0.71991897,1.1334511,79.821,38.24333,509.98886,1.9709249,-2.207251,-2.177227,-1.3081502,-0.035735503,0.02892834,1.2945534,112.055115,0.0,2.1670847,-0.41553497,6.4196405,0.06836319,-70.13572,0.0677681,1,170.4303,-2.8253376
21.903316,20.152344,11.301443,-1,1,-1,-0.0014440401,-0.01786408,-0.05654611,-0.08744938,-0.63219213,-2.233391,42.771973,25.625082,64.64685,1.2892454,0.7212434,-2.4294267,-1.3210789,-2.8735178,0.6839427,0.0,1.7179592,0.0,0.02445459,-0.26556873,8.794855,0.026697159,-0.0759058,0.09029865,6,3.9545774,0.4079738
57.90879,11.950992,33.516823,1,1,-1,0.0020198543,0.001975287,0.0076965215,0.14193663,0.04285363,0.56193477,58.148678,30.870983,34.990364,-0.09099107,-1.6023825,0.29543543,-1.0428914,-2.737271,0.70491505,0.0,13.482486,1.25262,-1.4003149,5.285513,3.8279483,0.0005760193,-0.14238071,-0.052438736,1,95.791954,-0.81577426
50.271053,10.711836,141.08853,1,1,1,0.015596685,-0.031858724,-0.0019406482,1.1388118,-1.534441,-0.16290551,67.29688,11.467801,604.16174,-0.8014011,0.3735186,2.13368,-2.7287273,-2.9197803,0.82038015,0.0,0.0,0.0,2.044116,0.41216603,-0.66479206,0.051755905,0.059667587,0.05303669,3,100.253395,-2.7319508
105.14939,7.4054804,56.85255,1,1,-1,-0.009680404,0.12522884,0.031030798,-0.5747571,4.6159315,2.459001,171.38281,8.515666,57.84643,1.0705473,0.54094595,-0.18670475,-2.981061,2.0366647,0.13954818,0.0,8.522619,0.0,-0.08003232,1.3784382,0.19271454,-0.009590149,-0.038394928,0.0049324036,2,114.940475,0.5990161
36.078644,10.677843,24.293407,1,-1,-1,-0.037581045,-0.012264974,-0.002144771,-2.0308623,-0.36861455,-0.15312257,36.896282,59.03491,25.999956,0.2124975,-2.3948243,0.37264282,-0.4193402,-2.9179442,1.449302,0.0,0.0,0.0,0.5497378,1.2942699,0.25371563,-0.06503487,-38.115852,0.028892517,2,30.35908,-0.4035929
68.50099,15.7233925,11.199143,1,1,-1,0.007920624,0.07438892,-0.005576977,0.55941004,2.559056,-0.2748872,76.30548,34.195145,16.040558,0.47293222,1.4124603,-0.89923567,-1.4046162,-1.741613,-1.690786,0.0,22.799503,0.0,0.5538871,56.369713,2.207487,-0.0017127991,-0.008831024,-0.03837967,1,66.0351,1.2524889
162.7173,27.443716,101.104324,1,1,-1,-0.052101903,0.4333683,0.0068253586,-3.1976445,11.658069,0.5624219,213.83125,79.90692,103.0378,-0.7732189,-1.7309865,-0.19525571,-3.081095,-2.4250445,0.7647572,0.0,27.929768,0.0,2.569821,24.624578,-0.48244134,-0.07074165,0.46834183,0.048074722,1,61.176918,-2.0046723
28.156805,28.644522,7.738199,1,1,-1,-0.012526531,0.41202995,0.0450536,-0.67844605,17.348497,1.7471628,28.649918,81.846,8.379593,-0.18688089,-1.7108921,-0.4043918,2.471031,-1.1324899,2.1561725,0.0,8.667977,3.3197312,-0.19333448,1.3014448,0.15637268,-0.06243086,0.056234837,0.011498451,4,84.03855,-0.42109635
25.85356,15.372247,54.87685,1,1,-1,0.022091007,-0.09966584,0.004089491,1.1000438,-4.4727063,0.32350156,73.96272,16.884783,60.25481,-1.7122111,0.44004852,-0.4391781,0.89210516,3.0028071,2.4926028,0.0,5.5270405,0.0,1.4911098,-0.21591589,-0.22678614,0.0864315,0.12684059,0.07129574,2,122.51187,0.94526136
31.078485,151.98253,8.019092,1,-1,1,-0.03626703,0.009092329,0.010461671,-1.9619522,0.770743,0.58478934,76.05261,371.85312,14.433311,-1.5434221,-1.543229,-1.1927907,2.1094594,2.107863,-1.3189262,0.0,6.040138,0.0,3.1542256,1.3031664,-0.026512695,0.048684597,-0.0107131,0.022313118,3,148.34483,-1.1194519
16.703218,12.994482,40.548058,1,1,-1,0.0076700943,-0.005298131,0.016998887,0.32491827,-0.28534392,1.1482968,16.870472,20.234278,40.6427,0.14139704,1.0118737,-0.06826074,0.1360494,2.594995,1.2327627,52.109562,0.0,6.0477576,5.7964544,0.01618335,0.03555127,-0.13531876,-0.04137802,-0.10822487,1,97.8481,-1.6067975
79.197174,10.933359,13.211266,-1,-1,-1,0.008162129,-0.03800463,0.09890862,0.5697261,-2.381719,1.172368,87.49076,18.554804,14.804516,0.4537454,-1.1211054,-0.48631048,-2.881105,0.55284965,0.48462352,0.0,2.354043,7.5123086,2.4620569,1.9000759,6.1768575,0.024822235,-0.02111435,-0.037269592,2,58.95134,-1.7341149
87.7206,9.639109,8.704186,-1,1,-1,-0.006168417,-0.11675867,0.17398751,-0.42200294,-2.5817099,8.313653,90.12468,11.311412,11.115129,-0.23358901,-0.5808525,-0.72810376,0.16454779,-1.2307738,-1.5468953,0.0,1.0214077,1.2433424,3.1689034,5.510091,4.6177664,0.038528442,-0.2016983,0.041671753,2,75.61322,-0.3537897
91.90125,72.42021,7.4300847,1,-1,1,-0.013950637,0.07987924,0.10982879,-0.82419115,4.8900537,4.3868012,532.75934,81.35972,8.363074,-2.4429789,0.4918949,0.49603602,2.235652,-0.14180183,-0.14907624,0.0,0.0,0.0,-0.24050507,45.86011,68.258316,0.065112114,-0.054468155,0.15581226,2,90.630356,-2.615103
23.344717,49.9429,80.375786,-1,-1,1,-0.16296501,0.0018962922,-0.014969109,-6.538527,0.14667885,-1.1673754,96.35348,55.294643,330.84018,-2.0957909,0.45889944,-2.0929763,1.4625306,0.37890193,-2.489343,3.985671,0.0,0.0,2.874853,2.113877,-0.59400165,1.2180824,0.028617859,-0.08050537,0,48.496426,1.6223227
22.897604,15.036899,36.47072,-1,1,1,0.036414623,0.03254,0.0020421848,1.4036986,0.37869602,0.15297303,42.94745,35.11132,72.50853,-1.241976,-1.4917916,-1.3100762,-2.6175094,2.2103362,2.951896,0.0,0.0,1.2590587,0.2737273,1.7398491,1.9381844,0.121147156,-0.078941345,-0.00050354004,3,113.18888,-0.5808789
37.325665,8.7696,38.951836,-1,-1,1,0.00011174984,-0.028865892,-0.00296501,0.0066150595,-1.2050321,-0.22670095,41.726105,20.245054,59.08167,0.48093,-1.479163,-0.9772881,-0.11924718,-2.7537374,0.9172543,0.0,8.159366,0.0,0.2400354,-0.43555298,0.074283324,0.0071792603,-0.57956696,-0.026927948,0,81.81883,-2.4543865
153.07594,55.836983,7.637872,1,-1,1,-0.012641815,0.018056389,-0.1715408,-0.88507515,0.7980328,-3.4705493,173.93126,62.31125,7.6416917,0.51624745,0.4770231,0.031624656,1.2406248,-1.9271457,-2.0381334,0.0,0.0,87.25416,-0.96195316,1.1964526,104.69803,-0.06100464,-0.016654968,0.24455261,2,4.0248127,2.7724533
108.49296,10.238267,59.577766,-1,-1,1,0.014415668,0.03415001,-0.013452322,1.1189947,1.4833761,-0.9773724,122.85805,12.660165,73.186226,-0.50908315,0.6749434,-0.66364443,-1.7551783,-1.6864638,1.23382,0.0,26.310776,0.0,-0.45399633,27.184727,-0.22206329,-0.02623558,0.5362606,0.035856247,3,72.25957,-0.44469383
37.609413,22.250315,78.59878,-1,1,-1,-0.045821458,0.0076042973,0.0082559055,-1.447036,0.53949237,0.6791824,39.54928,25.94851,100.73184,0.31981823,0.56883925,0.73387945,-1.9748249,0.15390193,-0.48413405,1.9904957,0.0,3.2500954,2.9087882,1.1100773,4.2337494,-0.0070972443,0.059617996,0.021962166,1,115.25508,2.461091
32.560722,12.113273,9.685729,-1,1,-1,0.038449604,0.0058113574,-0.010874333,0.64089906,0.20432518,-0.28003162,32.69703,20.516039,16.397423,0.09146945,-1.1186227,-1.1180841,1.0787035,2.74316,2.7428927,0.0,0.0,0.0,0.30237895,7.827427,10.987596,-0.0013427734,0.06791687,0.051475525,4,13.660078,-1.8137375
65.66811,35.30708,28.87082,-1,1,1,0.0013246831,-0.029274825,0.015582757,0.08234668,-1.7916443,0.77276915,66.56293,37.922455,34.16991,-0.16489609,-0.38256583,0.5969753,-0.92135036,3.090416,2.0367837,0.0,0.0,5.820869,0.93937063,0.73843426,2.1746294,-0.0286026,-0.1011982,0.025222778,2,79.05725,1.8691573
32.968628,11.655628,36.385666,-1,1,1,-0.03661291,-0.104468435,0.013249664,-1.1111803,-6.045934,0.9659976,141.34816,12.305024,58.8002,2.13493,0.3322814,1.0596933,-0.9582205,1.6308174,0.8768319,0.0,4.2107,0.0,0.29522526,6.315115,-0.6689976,-0.17582631,-0.29017448,0.01082468,1,91.16209,1.0392406
34.537533,33.563335,39.288704,-1,1,1,0.04853273,-0.031015467,-0.07889775,1.1937563,-1.1288294,-3.318119,57.42623,82.36105,115.60949,1.0956465,-1.5464549,1.7422181,-0.8057407,-1.3854201,0.7997288,0.0,0.0,2.5274963,1.1318747,0.76681453,4.820168,0.042097926,-0.007812917,-0.86066663,3,95.67768,-0.63367194
129.69542,13.251937,110.81823,1,1,-1,0.012827732,0.01691664,-0.019596374,0.8219423,0.81124175,-1.5673372,156.19446,18.868673,489.20383,-0.6288333,-0.89093786,-2.1649523,-0.12544025,0.73479944,-2.8674848,0.0,3.3138354,0.0,-0.9866259,27.164427,-0.53455657,-0.030376434,0.1151886,0.023426056,4,27.02123,1.1992316
35.831856,81.32182,7.646409,-1,-1,1,0.037419144,-0.011971854,-0.021434715,1.3751117,-0.9567327,-1.0647709,66.66131,151.96141,35.421448,-1.2323179,-1.2375603,2.214365,1.281421,1.2830068,1.4769266,0.0,9.029611,0.0,4.53284,4.964102,-0.15145405,-0.3839569,0.038383484,-0.06071472,3,82.34263,2.9010065
30.02733,9.152313,63.32406,-1,1,1,-0.0015017245,0.02784367,0.008754677,-0.092415236,1.1639253,0.7018885,58.028908,21.640352,87.93931,1.277101,1.5056455,-0.8554038,2.6588368,-2.455264,-0.4186609,0.0,18.616959,0.0,1.9589204,3.0819502,-0.565476,0.021595001,0.029766083,0.0078086853,0,126.61897,2.892933
37.763733,13.545888,30.5658,1,1,1,0.008732017,-0.12075687,-0.009455235,0.24825104,-0.99585855,-0.58745307,46.246284,16.694725,32.444515,-0.6583045,-0.6692843,-0.34882542,2.5430539,2.478796,-1.8140265,23.338533,38.588043,0.0,39.544956,56.855755,1.0942014,-0.06251335,0.14187318,-0.04779756,4,119.19472,1.4421098
60.314327,16.531242,8.162612,-1,1,-1,0.02414203,0.19435956,-0.0018735676,1.6835915,7.0656023,-0.010716275,117.61029,71.94756,17.626154,1.2875706,2.150365,1.404441,1.1796342,-0.09210068,-0.7400302,1.0325986,3.4947984,28.67094,0.6512846,0.8224718,8.51192,0.02161789,0.8437271,-0.50468445,1,112.060295,1.8829542
25.5339,21.398306,10.029035,-1,1,1,0.011378911,0.21681382,-0.018005844,0.67387927,9.279576,-0.83817124,26.913105,37.713673,14.537043,0.32721663,-1.1674414,-0.91581035,-2.977272,-2.4769912,1.0487499,0.0,15.843827,30.958927,0.9829328,45.53904,35.625153,-0.06836319,-0.46147156,0.0114479065,2,131.61177,-1.9992989
63.909225,7.0950475,67.06358,1,-1,-1,-0.013315794,-0.013041389,-0.004211761,-0.74134964,-0.4232402,-0.34710538,85.872116,38.88606,75.242805,-0.80696994,-2.3859575,-0.48899817,-2.9311376,-1.3109089,0.1501023,0.0,0.0,0.0,-0.5403461,10.539151,-1.5353657,0.0035514832,-68.2124,0.01971054,5,117.008255,1.9462022
76.80357,44.15522,9.429925,1,1,-1,-0.023006368,-0.07045969,0.11807004,-1.6807756,-3.2298858,2.5244944,116.09258,91.9352,33.13807,0.97268516,1.3631072,1.9290535,-0.17583048,0.78949887,3.040071,0.0,0.0,10.429882,0.98588914,1.3689768,0.43946895,-0.03432083,0.08847618,-5.331213,1,20.84925,-2.7998743
100.1293,18.397423,45.509296,1,1,1,-0.03472393,-0.015589782,0.027926875,-0.8768692,-0.49345684,2.085692,303.0251,56.14815,152.83492,1.7720133,1.7809404,1.8816466,0.3069981,-2.107863,-1.352297,0.0,4.364253,0.0,0.09569538,3.848815,-0.6733481,-0.07868576,0.29957962,0.07126045,1,41.19563,-2.9485428
57.790306,7.3062553,42.553753,1,-1,-1,0.011410414,0.007933694,-0.015568486,0.825569,0.10709163,-1.1549007,110.4805,32.773518,117.91812,1.2644367,-2.1813743,-1.6780955,2.2062066,2.2922223,0.44671866,0.0,4.333447,1.4201677,-0.102947265,0.67728776,0.05096692,0.018762589,1.3073015,-0.04907608,3,58.34565,-2.2546225
28.691368,13.498065,130.79967,-1,-1,1,5.3476906,0.0047318526,0.016547875,15.715014,0.1584338,1.4124271,96.968666,58.763397,213.27283,-1.8882965,-2.1506603,-1.0710381,2.7807286,0.20019287,-0.9047175,11.253968,6.7261686,0.0,20.675318,4.141421,-0.39435205,43.20038,0.21483994,-0.002412796,1,91.46097,2.3891864
82.69649,8.736848,35.31303,1,1,1,-1.0758315,-0.13158971,0.0015365478,-26.604658,-1.0344208,0.1218474,105.672966,11.107484,35.734802,-0.72917885,-0.7209497,-0.15437429,2.049349,2.0506818,-0.6263368,0.0,10.622419,0.0,78.55417,118.06613,-0.10965308,1.3741035,0.0031166077,0.011856079,3,113.6638,-2.4180362
66.82843,25.626179,8.687961,-1,1,-1,-0.017920839,0.012532469,0.121287525,-1.2909921,0.6687943,1.1632065,80.55866,78.657616,27.129707,0.6305259,-1.7869786,1.805154,1.896374,-0.4767139,-2.9334447,0.0,0.0,16.651913,0.55876905,0.6803886,7.589051,-0.017894745,-0.02917099,-0.61160374,1,154.06091,0.008317588
60.116947,10.262405,115.02139,-1,-1,1,0.037699435,-0.077179685,0.009501941,1.1046401,-3.4339979,0.81966245,210.2943,14.241161,223.09358,-1.9242767,0.85434896,1.2813517,1.8264093,2.7227118,0.47238627,0.0,4.3678517,0.0,1.7512761,-0.24107116,-2.211486,0.008146286,-0.010278702,-0.015615463,7,24.155073,0.04571258
114.3598,40.018627,7.895646,-1,1,1,-0.00018951295,-0.12239209,-0.0062191174,-0.013954981,-2.203651,-0.27090842,114.42938,147.26736,7.895665,0.034880277,-1.9770578,-0.0021924234,-1.6387539,2.8373883,1.9418331,5.08861,0.0,5.141174,92.432144,3.448913,-0.11391571,-0.05456543,0.022476196,-0.07044983,3,60.175293,2.95606
14.714837,7.158287,68.453926,1,1,-1,-0.0073654763,-0.060674116,-0.0002110336,-0.3549409,-1.4138371,-0.017738838,15.649785,7.1997304,68.57034,-0.35461566,-0.10755441,0.05829219,-0.36164436,-1.6909138,2.0724914,4.1752934,4.2141438,0.0,-0.33484045,6.1018844,0.65159535,0.09270859,-0.22756195,0.059165955,3,5.248997,0.5572291
37.860535,25.725338,23.211336,1,-1,-1,-0.0039519733,-0.21608135,0.02163494,-0.28231174,-14.587191,1.0697383,40.737457,25.971272,36.537457,-0.38741198,0.13816519,-1.0259674,0.56757253,3.1009898,2.8806665,0.0,0.0,0.0,2.0805101,11.301096,0.42245874,0.0015830994,0.4704132,0.00064849854,0,31.699574,-1.1459175
127.04305,10.394012,39.193085,1,1,-1,0.041084275,-0.075277984,-0.007915502,2.118767,-1.3302634,-0.55950725,286.28455,17.31388,42.5254,-1.4522821,-1.0979284,0.40949112,-2.4670694,2.0547915,0.76336235,0.0,0.0,0.0,-0.3054649,3.2432861,-0.24698891,0.008266449,2.670288e-05,0.054302216,1,117.200836,-0.19470793
8.500651,56.36834,33.697147,-1,1,-1,-0.027445756,0.009942471,-0.020705348,-0.7943183,0.77404106,-1.437726,22.641165,229.86047,185.78845,-1.6355094,-2.0833268,-2.392015,0.1988785,3.0305247,-1.1758404,22.929924,1.2102513,0.0,24.39724,0.51851857,0.18379986,0.05627823,0.011478424,0.13153839,0,33.24142,0.57717234
161.90895,37.970573,17.490166,1,-1,1,0.014154165,0.007852606,0.011181317,1.1019591,0.3971238,0.6468335,202.03166,123.80195,18.031446,0.6902205,1.8506261,0.24815066,1.3094536,0.9153429,-0.9343032,0.0,0.0,13.465087,2.346341,0.96085256,4.2828054,-0.025314331,0.08930206,-0.007255554,5,89.7652,2.2571852
20.5844,7.5578747,43.344963,1,-1,-1,-0.14964354,-0.037410036,-0.005620611,-1.9232767,-1.387836,-0.41544974,100.35977,8.974868,109.79023,2.266688,0.6031643,1.5810637,0.5637933,0.47502172,0.5610526,0.0,0.0,0.0,0.8765931,1.796535,1.7940029,-0.14175797,-0.23444033,0.069300175,2,93.30906,-1.8509525
22.527826,16.03072,80.51569,1,-1,-1,0.07262426,0.38912693,0.007063323,2.767875,11.451553,0.5679479,66.6267,21.77407,123.58799,1.7476104,0.8230593,0.99305385,-1.2562435,-0.66999453,2.3420663,0.0,11.989193,0.0,0.43973345,39.629692,2.57461,-0.17232513,0.02684784,0.06994629,1,71.257355,-0.19882777
40.115692,41.785927,51.82221,1,-1,-1,0.02257519,0.03973159,-0.0026932815,1.6303583,2.91461,-0.22466893,123.87012,49.109444,60.87882,1.7932968,0.5837248,0.5829164,-2.5841799,2.8607728,-0.38364276,4.9498377,3.9073374,0.0,0.58635616,11.411074,1.5482022,0.062379837,0.11004257,-0.07284546,2,36.133125,0.7227899
74.230156,8.847223,7.426442,1,1,1,0.011391268,-0.09514169,0.07208041,0.6623513,-4.98411,2.541945,249.25813,9.815386,11.854062,1.8815179,0.46366268,1.0439168,1.5260264,2.5563972,0.88752425,0.0,10.702712,3.6999266,2.0889246,1.0835764,0.00013104249,-0.042282104,-0.38352966,-0.006095886,1,62.86424,2.7847064
7.668514,41.08878,18.882328,1,1,-1,0.155559,-0.012161677,0.013969169,2.7229753,-0.8044483,0.83171237,8.085738,66.41832,21.841265,0.32839367,-1.0600342,-0.55274105,0.77348715,0.73556256,0.79717565,19.631456,0.0,0.0,7.967882,0.4991172,2.042882,0.013027191,-0.026229858,0.0524168,2,15.668959,3.0957797
51.23301,30.260855,12.79929,1,1,1,-0.0006896723,-0.057028458,0.44867218,-0.022829438,-2.3231075,19.071413,88.104355,159.24109,22.20232,-1.1374208,-2.3445587,-1.1480534,-0.71984625,-1.2466408,-0.790629,7.3513236,0.0,15.69497,24.90504,0.81323177,71.40399,-0.26765442,0.08531952,0.10306549,2,72.02668,-1.5497775
20.160368,18.016438,117.768166,1,-1,-1,-0.11721499,0.3226318,0.022336524,-1.4498161,11.41058,1.8858099,92.944695,32.71299,179.70038,2.2094579,1.2033551,0.98522276,0.16862503,0.9939752,-2.3349354,0.0,29.785349,0.0,0.15821142,30.476263,-1.1657099,0.05740738,-0.3705368,0.0061740875,1,42.011093,0.074121855
60.812042,7.184335,54.725216,-1,1,1,-0.005869017,-0.121237785,0.003332917,-0.2894946,-4.3974733,0.27298194,61.76444,17.885529,54.75344,-0.1767517,1.5622128,0.032059155,0.019002777,0.17482418,1.933677,0.0,0.0,0.0,3.0225532,-0.078572415,2.127881,-0.03224945,40.642223,0.008457184,4,31.689327,2.8886242
14.294812,68.702995,50.281258,1,1,-1,-0.109183095,0.015217616,-0.008819644,-2.1186185,1.1638216,-0.6462972,43.621502,201.98758,97.267166,1.7808031,1.7412955,1.2782638,2.1125767,2.1146216,-0.18519962,0.0,8.124449,0.0,-1.2039541,-0.3491826,-0.726646,0.047937393,-0.021722794,0.017921448,4,41.63285,-1.775455
135.22282,8.655761,18.646109,1,1,-1,-0.028736733,-0.11809576,0.05437329,-1.9295092,-2.3966317,2.2782483,135.24327,10.708057,41.931705,-0.017386522,-0.67569673,1.4499879,0.5615985,-0.78732014,-2.3468273,0.0,14.348541,0.0,-0.37654072,4.1730146,-0.6505721,0.105522156,0.17602539,-0.086769104,1,80.13448,0.41161853
27.020294,22.181469,15.624153,1,1,-1,0.056847125,-0.036964577,-0.0065301885,1.733207,-2.1378992,-0.36096847,87.16979,50.379833,18.01332,1.8394811,-1.4610573,0.54616934,0.666807,-0.17119735,-1.5155901,18.219028,1.5500952,1.2732142,18.550758,0.42360735,1.2499309,-0.20339966,-0.01524353,0.0061416626,2,31.532446,1.1755708
21.708303,9.538782,122.68015,-1,-1,1,0.030019674,0.08071626,0.025682917,1.6540831,1.1284992,2.103513,27.267029,30.894667,143.82268,-0.7011793,-1.8436329,0.57897115,2.47681,1.8388457,-3.0497568,0.0,0.0,0.0,7.228562,0.5556928,0.19828162,0.042829514,-0.20990562,0.0042037964,1,129.95598,0.38768804
37.71793,8.870401,45.392113,-1,1,1,-0.017952304,0.28713652,-0.016530273,-1.3285538,14.455505,-1.2286412,46.721996,19.471056,155.40764,0.67791593,1.422892,1.9018153,-0.88074857,1.199955,-1.7358489,0.0,16.907085,0.0,0.077874206,16.089628,-0.5608797,0.0010099411,0.14019728,0.04899192,1,104.537254,2.2611992
9.734419,8.581078,74.38571,1,-1,1,-0.020816263,-0.29322785,-0.015475452,-0.6866303,-4.36853,-1.3015298,19.072237,37.94304,114.1886,-1.2931093,-2.1666346,-0.99316764,-3.1228118,-0.2589224,2.9766424,80.989716,77.63446,0.0,74.06587,99.153786,0.17584202,-0.063643456,-1.1714153,0.043315887,1,54.53924,-2.1355247
90.786125,37.08454,7.563313,-1,1,1,-0.011129907,-0.12531744,-0.18818367,-0.86399,-8.5583315,-4.536969,116.258354,54.645454,21.853289,0.7326047,-0.93836874,1.7228016,1.8500311,1.7654204,-1.2388908,0.0,0.0,1.8493465,-0.5911457,0.26248088,9.012379,-0.06097412,-0.020469666,0.22616577,1,13.817743,-0.28505683
9.829186,99.4423,69.419014,-1,1,-1,-0.0060594706,-0.01133825,-0.0027609002,-0.16684137,-0.9536143,-0.22564363,37.152218,146.1879,118.86734,2.0048378,0.93516487,1.1321404,-3.0027688,2.9299736,-0.90478057,13.526537,0.0,0.0,26.342556,0.35216224,-0.52181435,-0.10188675,0.014465332,0.09239578,2,91.186485,-2.9853659
95.67511,31.99597,23.12399,-1,1,1,0.010810798,0.013585538,0.24457069,0.5153518,0.7441247,9.088356,264.0888,49.986973,92.944885,1.6739181,1.0161729,2.0684369,-2.708936,-1.3390379,2.2098215,0.0,0.0,17.05766,-0.9476075,1.4163594,23.975458,0.11543274,0.061710358,0.7471771,3,129.17905,-0.11108539
172.50282,31.34821,19.548431,-1,1,-1,0.022305224,-0.04273481,-0.04349105,1.6035347,-2.718107,-2.7081811,759.3633,45.222557,72.18734,2.1620555,0.9091972,1.9806577,-1.2560833,2.1931503,-2.172792,0.0,0.0,10.196896,0.66262835,-1.2836416,30.712551,0.0970211,-0.13405418,-0.07387543,3,252.77696,1.8550119
31.344559,24.161833,35.69641,-1,1,1,0.017548015,0.041402508,0.013149036,0.85537136,0.89071,0.9432851,51.38404,32.91258,36.21163,-1.0778408,0.82728994,0.16967359,2.470318,-2.0176108,2.5214067,3.3574145,6.2779307,0.0,2.9596953,-0.07277655,-0.7459011,0.008794785,-1.1932087,-0.03356743,1,67.27192,0.5525322
41.211823,36.694183,28.910011,1,-1,1,-0.00041230206,0.019680941,0.01746132,-0.030664641,1.158957,0.8279841,66.64341,38.511063,44.999855,1.060536,-0.31340307,-1.0113754,0.13752183,1.5771337,0.91478825,0.0,0.0,11.608111,0.5630171,-0.45707104,2.9382837,-0.0023422241,0.042617798,-0.033302307,1,13.762638,1.9612848
27.254356,13.518868,14.36888,1,-1,-1,-0.04935013,0.018058099,-0.008849552,-2.4816275,0.87013894,-0.5705477,35.4637,13.518901,16.494026,0.7578906,-0.002193854,-0.53734225,2.9836922,-2.8840919,-1.1224422,0.0,3.411517,0.0,0.411953,-0.07366779,1.3795943,0.028007507,-0.00667572,-0.0636673,1,70.842094,2.9979618
132.1631,18.042648,28.130726,1,1,-1,-0.00371921,-0.08042156,-0.017890917,-0.27617875,-4.2873087,-1.301419,152.94458,18.97998,52.715607,-0.5536875,-0.32095876,-1.2409145,2.6652935,0.29802698,1.929228,0.0,11.400782,1.2909645,1.4360781,19.203796,-0.3686588,-0.044029713,0.026521206,-0.012081146,2,111.4629,-1.608072
7.095369,72.7566,174.82741,-1,1,-1,0.14739133,-0.0020757373,-0.015193495,0.8640432,-0.1630485,-1.2471333,19.1501,77.2471,202.92317,1.6497778,-0.3495537,-0.55960107,-1.1068978,-0.62825286,-1.7210945,11.392713,0.0,0.0,2.9712124,2.3402023,-1.0601457,-0.17213249,-0.16994095,0.0013046265,3,118.8358,-2.5059423
46.10598,12.504671,8.98108,1,-1,-1,-0.025702186,0.014607946,0.014607946,-1.8181436,0.3761247,0.3761247,57.538017,20.46118,14.695589,0.6904093,1.0754925,1.0754925,-0.88582265,-3.0022247,-3.0022247,4.911919,50.737442,50.737442,2.3766513,26.291296,10.838305,0.049655914,-0.015748978,-0.015748978,3,68.85576,0.9495977
79.018166,13.402685,22.13333,-1,1,1,0.010409827,-0.034168612,0.01899114,0.84358746,-2.0701523,1.3172634,181.85237,22.560488,26.661333,1.47572,1.1109636,0.6292081,1.3952563,-0.7734153,-0.88050145,0.0,0.0,0.0,0.33187464,0.72499096,-0.61478335,-0.04372835,0.128227,-0.05521965,2,84.851814,-2.6412218
33.982742,24.096642,11.004036,1,1,1,0.0012396852,0.03174363,0.090396605,0.07360405,1.7745829,3.7989862,91.902466,64.611,18.768368,1.6519408,1.6427184,1.1272866,-0.06523756,0.022338234,-2.5063968,7.405418,28.617638,0.0,58.280647,63.466072,2.235277,0.04656601,0.023460388,0.18836212,0,183.97362,-2.6871958
25.0595,22.046593,12.46508,-1,1,1,0.007830475,-0.012573078,0.103446916,0.30395842,-0.627726,4.7686048,84.33933,31.381327,13.665115,1.8839027,0.8905103,0.43535167,1.8035966,-0.8904841,2.0466788,2.3520434,0.0,9.196626,-0.2981975,-0.3594828,9.017941,-0.04578972,-0.08515358,-0.022485733,2,25.430017,0.83873725
24.385944,8.385639,30.733374,1,-1,-1,-0.020752445,0.1700495,0.008762112,-1.3020382,7.1362123,0.6583059,25.39806,8.49051,36.281437,0.28712395,-0.15798692,0.59217155,1.5986718,-1.4969381,-1.7308514,0.0,0.0,1.5790119,4.0921793,-0.44344005,-1.1218382,-0.051244974,0.61355615,-0.02772069,1,90.28524,0.25311676
11.441944,86.88128,39.81063,-1,-1,1,-0.053269774,0.00029667286,0.01851995,-2.1169865,0.023120724,1.3195275,12.212741,97.8531,50.394005,0.36502826,-0.49741855,-0.71390676,-0.49826896,-2.8612416,2.8889413,1.1079632,0.0,0.0,-0.46501568,-0.7538625,2.3927674,-0.001282692,0.048285484,0.021187782,0,36.61477,0.77133816
11.025465,7.2071576,75.2347,1,1,-1,-0.032759726,-0.037858207,-0.0014294174,-1.9196229,-1.1514243,-0.11414963,14.53028,11.132703,76.01758,0.77760977,-1.0013539,-0.14413056,-2.1388793,1.9103025,-1.2067856,11.100837,12.345507,0.0,40.198647,1.4556226,-0.1588935,-0.08150196,-0.017708778,-0.0423851,1,112.88704,2.8049405
53.142662,7.671348,135.0531,1,-1,-1,-0.012556731,0.44751638,-0.020452265,-0.37215325,16.55656,-1.6980819,71.10899,8.001754,135.08214,0.800723,-0.2924533,0.020722754,-1.9732631,2.9628747,1.0302632,4.0916586,6.9746423,0.0,0.69238484,11.845695,-1.2820905,0.0055274963,0.13090229,-0.023270607,0,106.35098,-1.8445874
33.394962,7.9942,120.05274,-1,1,1,0.014648462,-0.0053154705,-0.015807213,0.7220177,-0.14943643,-1.3571664,42.219444,12.875491,124.12574,-0.7118492,-1.0554122,-0.2597546,1.0885009,0.930665,-2.560999,5.51457,1.8764164,0.0,6.6455483,4.894165,-0.61920995,-0.0014324188,1.9909191,-0.06684685,2,27.4898,0.34945783
108.16632,70.31031,7.0749907,1,-1,1,-0.026231218,0.010438981,-0.14323315,-1.9433788,0.7665533,-5.6463194,108.34232,94.28933,7.086427,-0.057038255,0.8040531,-0.056851275,2.613258,-0.74267113,2.6173692,0.0,0.0,0.0,5.6792,-0.110158384,12.58464,0.10771179,0.009860992,0.0921669,0,55.75319,0.067381434
56.31357,16.686537,8.412649,-1,-1,1,0.009511905,0.23031421,-0.018340537,0.26480448,10.955874,-0.72124255,172.9201,46.51144,23.939024,-1.7874061,1.6843913,1.7065101,-2.4384475,1.0724936,0.991513,0.0,18.109684,32.019238,3.1671338,17.0275,19.465767,-0.011117458,-0.22794056,0.043967724,4,57.585766,1.380594
13.018448,12.793893,17.091274,1,1,1,0.036601044,0.04016959,-0.019923588,1.7840065,1.2701619,-1.2836152,48.392803,48.61608,17.53629,-1.9875267,-2.0103524,-0.2276266,0.7150015,0.7111829,0.27632216,9.137119,27.844275,0.0,18.747839,16.503954,-0.74556786,-0.21065903,-0.04308319,-0.046245575,4,116.193726,2.4581141
9.937894,22.775755,42.9448,1,-1,1,0.31716174,0.029694848,0.0054850606,7.4852695,2.0048542,0.37698215,58.15737,23.345291,133.42744,-2.4525635,-0.22312455,1.7998226,-0.08543505,2.5531569,-2.828943,13.242463,0.0,0.0,17.094326,-0.45543548,-0.28376684,-0.3130722,-0.08463478,0.0058870316,3,42.685425,-3.047467
27.734772,9.574034,100.293274,1,-1,1,0.8145251,0.045668144,1.1966214e-05,45.680367,1.3760666,0.0010086212,27.73488,10.823762,419.01514,0.0027944641,-0.5055455,-2.108315,2.6056075,0.52624995,-0.5604284,20.110035,0.0,0.0,7.5997796,0.6359689,0.902057,-0.051395416,-0.033779144,-0.10958481,1,111.34296,1.4585795
81.18844,58.908268,21.292082,1,-1,-1,-0.0017635383,0.052591927,0.101401396,-0.09392112,2.4166603,1.2971323,105.87447,68.14772,43.72904,-0.7613002,0.5530062,-1.34746,-2.4490995,-0.2833928,-0.8126127,0.0,0.0,2.4271295,-1.3396522,4.200406,-0.71999526,-0.054740906,0.04737854,-0.15242004,5,118.591644,-0.09771813
28.773981,20.161066,9.124239,1,-1,-1,0.01636052,0.022073546,0.017341051,0.7472084,0.94009095,0.47742373,55.154934,70.246864,14.053487,-1.2675524,-1.9201499,-0.99757606,2.3856075,0.9653453,-2.8413417,0.0,0.0,21.81729,-0.09670984,-0.32796547,24.036577,0.07489014,-0.043411255,-0.011520386,4,143.38858,-0.5715228
41.68295,7.2555842,97.326454,-1,1,1,0.002269183,0.08414722,0.01614543,0.11616842,3.4593253,1.2340739,53.34774,10.606581,108.28155,0.7316935,0.92749023,0.47012624,0.085197374,1.85928,-1.1232263,0.0,27.338118,0.0,-0.18767908,7.1767125,-0.5848912,-0.042726517,-0.78580284,-0.01974678,3,45.10653,-0.11160297
22.35046,22.074694,17.493092,-1,1,-1,-0.015465551,-0.01308705,-0.59605783,-0.72434664,-0.53556496,-31.996386,60.73656,56.35627,31.617476,-1.6571306,-1.5896355,-1.197858,-2.8962238,1.6421233,0.4912325,0.0,1.6244282,27.295937,0.49993572,3.8655665,8.019507,-0.0013504028,-0.010227203,0.697731,3,111.23103,2.3051217
78.020134,11.227611,57.365555,1,-1,-1,0.010466813,-0.20736606,0.0019596736,0.772757,-10.591083,0.14398898,93.09315,11.569705,76.12168,0.61200505,0.24623401,-0.7880951,-1.334156,1.3063443,3.0024068,0.0,23.833921,0.0,0.31448925,10.656914,-3.0375774,-0.060516357,-0.23566437,-0.014663696,6,51.636543,-0.101438
42.45739,11.916274,74.84166,1,1,-1,0.0010191066,0.016255641,-0.0026954592,0.071631104,0.5379474,-0.22417197,98.576065,23.416235,173.96622,-1.485492,-1.2965481,-1.4867759,-0.80792284,-1.6656537,-2.4924119,20.210085,0.0,0.0,20.196129,0.20520908,-0.62653804,0.0035743713,0.122509,-0.056423187,0,114.223526,0.9723248
30.178574,20.267841,33.665924,1,1,-1,0.00058594544,-0.027739013,-0.006175587,0.039560333,-0.9673664,-0.43747544,30.956581,28.648615,115.16397,-0.22658367,-0.88066065,1.9009341,3.028104,-0.57037103,1.707571,0.0,34.466816,0.0,-0.21909577,32.411884,-0.14572918,-0.008399963,0.044887543,-0.02627182,1,117.11889,-2.5895019
109.58502,80.47287,31.470055,1,-1,1,-0.03962278,0.11741441,0.039031114,-1.7151774,3.2287376,0.889125,132.27124,87.69022,34.508232,-0.632845,0.42042217,0.4359525,2.5223932,-0.8931939,-0.88762283,0.0,4.5546002,82.23032,1.0254172,67.25533,75.345764,0.021378517,0.32404613,0.16138268,3,175.64291,2.3974802
9.034194,11.994056,37.5762,1,1,-1,-0.1708435,-0.053990744,0.018117271,-2.5865293,-0.984001,1.2781721,11.605009,12.316844,74.45625,0.7375741,-0.23148438,-1.306194,-1.4202253,1.0397335,1.8744177,39.8254,0.0,0.0,48.639194,-0.6280855,1.5318594,-0.17874527,-0.002872467,0.054258347,2,60.75293,2.6975293
155.71574,90.64802,18.277927,1,1,-1,-0.0054709697,-0.14702274,0.005340692,-0.27923447,-9.753686,0.2232504,272.75937,152.3296,40.423004,1.1599579,1.1088848,1.4313042,-0.19751586,2.6949623,-2.0183682,0.0,2.6917367,23.085472,-0.73716843,9.675231,6.337327,0.02103424,0.04094696,-0.083724976,3,12.91397,-2.540053
7.6997795,67.548386,74.105385,-1,1,-1,-0.015756417,-0.0042562913,-0.0025447428,-0.7892291,-0.31337285,-0.20289364,7.919935,97.695145,88.18413,-0.2385677,-0.9127564,0.60704815,-0.32638857,-2.6860647,0.2915298,3.266977,0.0,2.0292459,0.36524132,0.103043094,0.39804626,0.0014190674,-0.09675598,-0.045715332,3,139.94728,2.112264
37.155636,28.020264,16.95491,1,-1,1,-0.23361515,0.055027775,0.08269824,-4.3802285,3.7942953,4.3187275,72.82784,36.472282,20.135406,-1.2935942,0.7584036,0.6033201,2.1798344,2.7282736,2.7202842,0.0,16.648388,29.445395,1.2122302,16.604954,27.442677,-0.06813049,-0.25567627,0.332304,4,56.558495,-0.24572618
29.278057,13.866101,24.911194,-1,1,-1,-0.10714556,0.04676777,-0.028778443,-1.3580587,2.281663,-2.0496554,58.173504,17.105108,49.82453,-1.3093799,-0.6708573,-1.317005,-2.8928325,2.527081,-2.8916829,0.0,13.12717,0.0,-0.44290936,1.9152888,-0.33999625,1.8597846,-0.09386253,0.01416111,2,64.454315,-0.23817511
32.349472,14.163797,56.201843,1,-1,-1,0.014514466,-0.1109295,-0.009371858,0.9006929,-4.1514263,-0.7905937,56.081135,15.294177,56.675777,-1.1473125,-0.39690843,0.1297626,2.6587927,-1.8303107,-1.4485358,0.0,31.961094,0.0,1.27309,37.60693,2.9884431,-0.023864746,-0.17449951,0.06814575,1,126.48865,1.7241467
127.664665,36.05775,9.267557,1,-1,-1,0.00023489469,0.2906929,-0.32441145,0.015303282,16.701353,-8.496483,329.98022,134.95627,34.299496,-1.6030585,-1.9946321,-1.9829856,-1.2249279,-1.3222921,-1.2730827,0.0,15.426101,35.023468,-1.04903,36.773174,40.06697,-0.027310371,0.69305277,0.3282733,1,126.29017,-1.0135813
11.360938,10.511825,7.4689746,1,1,1,0.022031967,0.031844616,0.031844616,0.9882597,0.5462227,0.5462227,14.6264305,13.73567,9.759616,-0.7411194,-0.7644336,-0.7644336,1.4554225,1.5611359,1.5611359,40.860847,39.5418,50.324,34.138206,17.662432,12.448698,-0.007331848,-0.2057457,-0.2057457,4,52.228714,2.3427367
49.266865,7.3417177,18.562008,-1,1,1,0.009104042,0.23703142,-0.01070348,0.29813853,4.734035,-0.61089784,129.94057,8.98477,23.503685,1.6249257,0.65713644,-0.7143864,1.6594623,-1.1308109,1.8624271,0.0,63.568874,0.0,-0.03916327,23.13751,0.9441687,-0.030776978,-0.14574814,0.021266937,0,76.20232,-2.767084
18.581806,8.818208,55.33773,-1,-1,-1,0.10527976,-0.22003914,-0.00078696304,5.4892607,-9.220005,-0.059787154,48.634216,22.565966,228.47713,1.6166195,1.5922027,2.0961292,-0.4263673,-0.39464334,-2.3320146,36.08379,48.660297,0.0,68.34062,67.629166,1.4795195,-0.4972639,-0.09884071,-0.06547356,7,212.13174,0.5540191
7.124488,50.40876,25.689302,-1,-1,1,-0.0052217105,0.004989053,0.0030761277,-0.045767084,0.3874638,0.23186202,7.5379844,147.46225,26.403496,0.33907497,-1.7359699,-0.23522387,-2.2037938,1.6280391,-0.022498751,11.1204405,0.0,0.0,1.4920359,0.5145945,0.375471,47.72242,0.055545807,0.029777527,2,53.625748,-0.853289
12.62866,179.7978,13.884325,-1,1,-1,0.16553877,-0.0036749355,-0.011787777,3.4166424,-0.30524525,-0.7026293,12.929857,233.95985,46.88126,0.21797277,-0.7579221,1.8873159,0.6279615,0.78979945,-1.7870653,7.8432226,0.0,1.6133996,6.9716177,-0.7106237,-0.8031953,-0.08115673,-0.12652779,0.0006160736,0,237.90318,-2.4755328
91.066536,9.958063,54.727306,1,-1,-1,0.0012142058,0.0077623553,-0.0019338735,0.08396831,0.1648364,-0.15022275,92.55684,10.137099,60.323803,-0.18066806,-0.18934293,0.4484707,1.1281487,1.2693012,-1.4624946,0.0,2.8222134,0.0,7.1740355,89.74474,0.21186619,-0.014007568,-0.005628586,0.018401146,3,95.98658,1.4202006
106.96931,8.497195,238.09186,1,1,-1,-0.0026747675,-0.005771797,0.0060611805,-0.17713735,-0.3690738,0.53345275,107.34291,9.60144,386.89038,-0.083553605,0.5044463,-1.0667032,-3.0774548,-2.670891,-0.35448152,0.0,2.4636424,0.0,-0.18139698,12.816622,0.70567995,-0.03677368,-0.009548187,0.019500732,4,105.54471,3.1096013
163.87294,7.4961905,39.077137,1,1,-1,-0.012956592,0.052925993,0.0028426216,-1.0434338,2.0478697,0.19607553,301.5195,11.611344,79.885284,-1.2191912,-1.0049917,-1.3421625,-1.3820577,-0.067234695,1.1251572,0.0,35.766014,0.0,-0.98783106,23.804932,-0.44287056,0.0029335022,-0.5046921,-0.0051193237,1,17.672068,2.1176445
18.754934,32.499577,28.605736,1,-1,1,0.20814382,-0.013728092,0.011554625,1.5224181,-1.0436876,0.7066467,57.613377,55.317993,120.530426,-1.7878331,-1.1247652,2.117053,1.4335483,-1.8612818,0.29226175,5.9477167,0.0,0.0,2.323877,3.2626474,-0.14771014,-0.581604,-0.0802269,0.0016288757,1,72.25081,1.868064
96.9309,11.9027815,30.118006,-1,-1,1,-0.006399319,-0.011150671,0.0049479073,-0.407009,-0.35961902,0.3384668,202.001,13.735272,46.885517,1.3641348,-0.548013,-1.0115213,-2.1703074,-0.3929262,-1.6020932,0.0,9.853089,0.0,0.5147253,8.692072,-0.7194592,-0.03307724,0.25362587,-0.035593033,3,58.75135,1.3699037
13.581886,23.771711,18.537584,1,-1,1,0.84902066,-0.005353971,0.01471548,48.56626,-0.30412754,0.75005,14.067834,113.99797,18.544384,0.26671222,2.2497785,0.026480747,0.63194764,-0.6900882,-0.09174386,25.501188,1.4879904,0.0,51.691906,-0.0700625,1.325699,0.7075472,0.10233402,-0.023524284,1,114.23771,1.9752496
28.537165,7.4902225,43.247696,1,1,-1,-0.027937151,-0.11585523,0.013591873,-1.7273033,-0.49745417,1.073733,28.642197,43.049812,59.345608,0.08577039,-2.434251,0.8380712,-2.116332,-1.4713023,1.0242835,0.0,5.924258,0.0,0.9472492,4.4683766,0.1362601,-0.08802128,1.3417768,0.034251213,1,21.067554,1.7879746
82.697914,73.8838,10.90374,-1,1,1,-0.011705148,0.0026118292,-4.3420334,-0.7354821,0.17417629,-2.5342755,298.2948,306.81857,37.77925,-1.9562415,-2.1020875,-1.914294,0.56515336,-2.645691,-1.2169365,0.0,0.0,25.07095,0.21913508,1.0208069,16.262163,0.10733032,-0.07079697,-32.251453,2,31.558973,-1.802507
23.979517,13.23257,9.200202,1,-1,-1,0.19688205,-0.0706584,0.03093827,10.957784,-3.0668292,0.22265483,31.555904,26.855072,53.42193,-0.775356,1.3338064,-2.4446445,2.642312,-0.77139163,-2.2710035,0.0,0.0,1.3855994,17.010267,1.1912115,5.4872317,0.038737297,0.08225155,-0.67572594,4,106.727264,-1.4938352
14.544918,7.6049666,7.1619577,-1,-1,1,-0.12509039,-0.036794018,0.15224105,-7.521581,-0.7351283,5.952049,14.562656,33.614014,7.3617983,0.049382202,-2.1662393,0.23568755,-0.74802774,0.30094776,-0.9861641,3.6280308,0.0,7.2950144,-0.11799268,-0.39605388,4.334302,0.21667567,0.067044884,-0.15156123,4,134.77786,-1.7678924
22.093538,14.307468,17.626766,1,1,-1,0.010313221,0.0051151593,0.13669598,0.613499,0.16749671,2.6435726,22.132145,79.011665,22.18692,-0.059108116,2.3936608,0.70464504,3.0391724,0.7668965,0.9247877,0.0,1.6645696,7.4113007,0.882129,4.7211556,1.5230042,0.04852295,-0.095573425,0.24993134,1,71.85666,-0.15771802
16.630352,14.6465,9.614613,-1,1,1,0.12030438,0.041399214,0.08317615,4.6559024,1.3350929,2.355865,95.3195,59.524166,24.013369,2.431454,2.0798361,1.5657473,-3.0324469,2.1186452,0.045375038,8.736634,0.0,8.895509,15.758513,1.7247547,0.6188919,0.2520504,0.0893898,-0.10802841,0,85.89,-3.0809207
84.88556,29.079674,13.194802,1,-1,-1,0.0007468563,0.0134952655,0.022787787,0.054214727,0.5486336,1.2724316,109.06067,47.8934,16.142391,-0.7378611,-1.0837027,0.6565599,-2.6241746,1.9902805,-2.1086857,0.0,0.0,27.449434,-0.41620186,-0.44949213,16.235605,-0.03730774,-0.0058813095,0.09515762,3,86.37269,-0.12884992
54.391567,7.5198226,7.0504193,1,-1,1,0.014212912,-0.010298994,-0.0238994,0.93936414,-0.26504964,-0.72562176,110.16226,12.732947,11.924721,1.3314748,-1.1183069,-1.1169138,2.8785803,-0.98468715,-0.98051596,0.0,0.0,0.0,0.67256653,3.3544571,0.83330935,0.028964996,40.798004,40.659164,5,101.90848,-2.576418
36.978657,9.254243,66.863914,1,1,-1,-0.022721574,-0.10293251,0.021090722,-1.0540706,-5.1772113,1.654998,61.39158,9.5931225,136.76566,-1.0937396,-0.2698055,-1.3427998,0.8878869,1.9388947,-1.8027701,0.0,0.0,0.0,-0.31503072,0.37598062,-0.52950704,0.00093078613,0.0754776,-0.030685425,2,54.86795,1.6224787
31.08674,29.620184,31.40567,1,-1,1,-0.012246667,0.009135908,-0.02320862,-0.67381144,0.43615323,-1.3337429,31.485323,31.37876,57.052563,-0.15996443,0.34290674,1.2039503,-0.02301262,-1.3698717,0.16936399,22.183739,0.0,0.0,40.665756,1.388877,0.46051702,0.020433426,0.119241714,0.027402878,1,40.345,2.1018612
101.94557,9.724922,42.610737,1,1,-1,-0.035295125,0.73200214,-0.009113181,-0.76324046,23.652569,-0.6286772,112.84527,9.753303,111.31069,0.45839748,-0.076379955,1.6145352,2.1221557,0.86932194,-2.0564728,0.0,1.328364,0.0,1.536078,26.375725,0.18462494,-0.0566597,-0.329319,0.013660431,2,143.41159,-1.1265261
37.165676,17.441761,11.9746475,-1,-1,1,0.022087215,-0.018502057,0.081612915,0.9562453,-0.94965947,4.5750313,47.52542,19.95671,14.536191,0.73031396,-0.5307606,-0.6429535,-1.0018172,-2.493331,-2.5276644,0.0,25.464403,28.349974,2.88085,16.861296,24.611942,0.11823368,-0.17102242,0.06863117,1,69.52063,2.9075246
86.78696,23.280125,64.666435,1,1,-1,0.0006532679,0.033388976,0.014591885,0.04990388,1.7334871,1.172573,185.35431,23.29887,181.88437,1.3920035,0.040127985,1.6940616,-1.7751808,1.4977932,0.58945924,0.0,8.82901,0.0,-0.21553683,0.79652447,-0.4941554,0.023773193,-0.10786152,-0.08041382,0,70.37648,-2.2975764
74.68704,10.696992,9.413657,-1,1,-1,0.014621898,-0.009276867,0.088001736,1.1433866,-0.32580623,3.4604118,86.44367,12.855629,12.1082735,-0.5539805,0.62506723,0.7396549,-2.7565482,-1.5626405,-1.4912695,0.0,8.125693,4.009175,-0.12238843,1.5520599,0.1851952,0.021499634,0.01109314,0.29340172,3,48.65765,1.3392183
32.89287,34.796066,41.05054,1,1,-1,0.055134095,-0.038917404,0.025239358,3.3487906,-2.6939526,1.9804872,35.897484,35.680466,48.234303,-0.42423508,0.2249679,0.58329564,-0.1784355,1.802892,0.33358395,11.702484,0.0,0.0,28.867424,-0.44981146,-0.55442923,-0.06821346,-0.025535583,0.044893265,0,41.466732,-3.035636
31.685946,15.184556,10.410517,-1,1,-1,-0.0004716608,-0.034416974,-0.031443298,-0.028914046,-2.0542116,-1.6805829,44.69134,21.424276,13.567144,0.8775968,0.87807786,0.7602447,2.35604,2.3581111,1.9403343,0.0,0.0,0.0,0.9833513,2.772189,-0.3625879,-0.017162323,-0.030797958,0.075395584,2,48.167255,-0.8077978
81.34165,17.880972,7.476496,-1,-1,1,-0.0082602175,-0.035375968,0.0353657,-0.59899986,-1.8942366,1.1289934,81.37191,34.269886,14.273861,-0.027278274,-1.2673825,-1.2628497,-2.3034365,1.5539933,1.4826912,0.0,11.85799,42.04457,0.5381838,24.915314,33.92453,-0.0141944885,0.08968735,0.03217697,5,40.831615,2.7232168
26.550356,9.602499,12.290252,-1,1,-1,-0.02402928,0.48219392,0.017730055,-1.0748054,5.848397,0.8276454,156.40681,56.363686,60.818817,-2.4592814,-2.4556124,-2.2818694,1.9655144,1.9417998,2.494242,0.0,7.2641277,0.0,41.099934,47.20334,0.15732206,-1.9969978,-1.8144207,-0.06137848,4,73.84656,1.4504932
78.39774,10.240002,75.20856,1,-1,-1,-0.012030247,-0.027910557,-0.004411517,-0.8671316,-1.4193525,-0.36134604,79.82272,13.359635,75.38558,-0.19037585,0.7620085,-0.06858419,-2.8005369,-0.9564105,1.066961,0.0,0.0,0.0,-0.24278003,-0.13927332,2.9881392,-0.021888733,-0.14155579,0.026748657,4,78.81438,-3.11304
45.762646,31.16385,26.679874,-1,1,-1,0.0004912745,0.0029715418,0.83844686,0.02318668,0.067559354,4.427833,206.44872,102.283066,87.87837,-2.1872144,-1.8575723,-1.8613082,-2.1096616,1.6145834,1.6219461,0.0,10.154821,14.936912,3.424032,25.519474,29.77564,-0.14407825,-0.029712677,0.444829,3,99.891815,-0.18527067
40.21676,32.8816,104.49569,1,-1,1,0.63360953,-0.026322113,-0.010134119,39.676147,-1.9994708,-0.79193985,45.258663,87.18456,105.62794,0.49564692,1.6306378,0.14707382,1.3686713,0.58714336,-0.67288226,5.7293983,0.0,0.0,49.723362,0.20550667,1.107228,0.030651093,0.0043296814,0.06178093,2,130.92996,1.6475403
31.990103,21.392141,8.241471,-1,1,1,0.052828643,0.018168673,0.024940172,3.4828136,0.9666215,0.69448626,32.31045,26.064234,25.408337,-0.14140256,0.6494386,1.7916402,1.7225368,0.57631385,0.11492665,0.0,0.0,6.499409,0.55737853,0.33704516,0.05561383,-0.0015411377,0.044448853,-0.026412964,2,60.6918,2.3158872
50.409164,36.999603,8.684032,-1,1,-1,0.00039890865,0.004010952,-0.04291616,0.024498029,0.2421017,-1.0677011,146.73943,167.61513,38.815765,-1.7307311,-2.1915,-2.177733,-1.0462394,1.5472982,1.5533127,0.0,5.392066,2.0498717,-0.55817467,65.292946,68.95519,-0.023628235,0.6216507,0.24479675,5,56.07112,1.632138
16.018902,7.7518463,25.798412,1,-1,-1,-0.06781729,0.8015311,0.001105357,-2.306161,7.493726,0.07210753,32.212486,15.502673,27.170883,-1.323231,-1.316882,-0.32473636,0.34590924,0.32495075,-1.4699253,5.6916933,0.0,0.0,6.210513,7.85663,-0.18277948,1.2302017,0.5272589,0.06858635,6,109.8917,1.511702
60.322964,45.454273,15.335644,-1,1,-1,-0.012786068,-0.008749852,-0.22271422,-0.91973954,-0.5462915,-7.137183,83.51011,63.597763,15.900788,-0.85089105,0.86615604,0.27065688,-0.048386153,0.94088554,-1.77091,0.0,0.0,12.938552,0.43135357,0.18998413,3.7557447,-0.025217354,-0.0146209,0.15606022,3,85.08924,-1.1425178
127.05577,98.963844,12.035636,-1,1,1,0.024009408,-0.03664529,0.13029964,1.8731222,-1.8555804,5.5493507,149.48167,321.31754,23.787579,-0.58573616,1.8462163,-1.3032409,-2.1784117,1.4756589,-1.423266,0.0,0.0,14.006314,-0.8397572,0.39637738,4.845175,0.06675339,0.16576481,0.1329174,2,85.25121,0.97525537
26.899174,13.793786,12.477579,1,1,1,-0.012558007,-0.05205247,0.03837417,-0.75339246,-0.21164043,2.1136444,56.132366,76.096176,19.179739,-1.3656648,-2.3926094,0.9949249,1.8995851,-1.648566,-2.2835286,0.0,17.640451,4.8896203,-0.1693352,30.947466,2.6940792,0.044834137,2.4547958,0.00061798096,1,62.891632,-1.7819805
23.88748,53.029205,11.571094,1,1,-1,0.007240893,0.07867186,0.035246007,0.42738083,3.2622423,1.7192501,24.185076,123.90398,12.360274,0.15768617,1.4925082,0.36726362,-0.5679663,0.72482413,-2.7298055,0.0,35.717396,0.0,-0.17770654,21.52785,1.1391267,0.053302765,-0.1109066,0.018829346,2,50.95354,-2.1867418
17.007244,10.024896,49.64323,1,1,-1,-0.028916646,-0.09026382,0.022324309,-1.7122338,-3.2452598,1.672402,17.150635,15.605183,98.24343,0.12976407,1.011454,1.3047409,-3.0902207,2.036389,0.35321236,0.0,0.0,0.0,0.3339436,1.421702,2.179066,-0.007030487,55.934883,-0.04716873,2,107.248474,-2.6893747
69.42128,20.202711,10.67401,1,-1,-1,-0.0018316885,2.3399885,-0.045111835,-0.12075412,20.298239,-1.991728,329.92514,48.666847,24.294102,2.2405624,-1.5261617,1.4633741,2.2079506,3.0739753,-0.88691866,0.0,46.0515,0.0,-0.42125666,26.724457,1.178953,0.06986189,32.32934,-0.40282965,2,56.178986,-1.0648671
86.10048,22.291744,12.851029,-1,1,-1,0.015085145,-0.08060691,0.02767419,0.7210752,-2.3003776,1.1367646,129.89316,43.352566,19.277527,-0.97009665,-1.2844738,-0.96249205,1.3372598,-1.1943619,1.3734078,0.0,2.287504,13.063895,47.48685,0.8371938,90.97536,0.02265897,0.046349887,-0.07926974,0,62.71438,-0.16320437
10.394812,10.0315485,53.903477,1,-1,1,0.6944389,-0.8553347,0.018573752,21.402174,-18.757093,1.4326783,26.944038,25.982143,67.07988,-1.6061262,-1.6052798,-0.68569136,0.6974287,0.8485709,2.783308,13.434614,17.334665,0.0,19.246475,18.213686,3.0847733,-0.6783867,-0.72665024,0.010204315,5,73.27579,-1.5697747
26.95264,9.311362,7.2897167,1,-1,1,-0.026210357,0.23367165,-0.18131085,-0.8521829,6.4897013,-6.95102,70.60766,9.312526,7.3215923,-1.6176074,0.015809078,0.09348277,-1.1419814,-0.5716681,-0.5173123,0.0,19.395906,29.881302,0.60458195,23.731398,27.38152,-0.11051369,0.37324905,-0.33643913,5,50.57577,1.2462188
37.957134,11.493467,109.54028,-1,1,1,0.030077083,0.025201863,-0.008625897,1.3086897,0.63464016,-0.7030988,64.331024,26.617731,122.25137,1.1194643,1.4826893,-0.47720572,-1.5967495,-2.625576,0.7023341,0.0,30.065361,0.0,0.45274702,20.987398,-0.8900359,-0.11372185,0.14065742,-0.025051117,2,60.06134,1.8401198
18.382778,13.428998,101.463554,-1,-1,1,-0.07841666,0.15055078,0.0012613169,-3.688532,7.4391823,0.10904074,18.416056,21.383623,141.55983,-0.060162254,1.0408163,0.86207664,3.112182,2.4282513,-1.8306085,11.320441,0.0,0.0,3.6405635,-0.749271,-1.1211958,-0.21894836,0.43237305,-0.013183594,1,29.607386,0.5136594
33.536514,19.55359,29.47312,-1,-1,1,0.025707848,0.035447463,-0.0019460118,1.4840281,1.9840821,-0.12446474,38.945293,19.554352,39.74344,-0.56057537,0.008823586,-0.81229895,0.3151964,-1.2933068,2.106953,0.0,9.798129,0.0,1.4276947,9.69305,0.40921044,0.094306946,0.54304504,-0.026527405,4,84.659805,-0.9173191
131.40173,11.933559,26.842394,1,1,-1,0.0033454236,-0.023774277,0.01935646,0.26268986,-1.2141387,1.3096695,131.43376,21.756931,27.293575,0.022078,1.208251,0.18305221,2.6423938,0.59267735,-2.3228252,0.0,17.160788,0.0,-0.21028076,3.5161302,0.72915196,-0.011539459,-0.12795258,0.04050827,2,41.185818,-1.0328581
56.211002,40.30798,21.267141,1,-1,1,-0.033009198,0.05028814,-0.08503896,-1.7217683,2.4585361,-0.9582773,156.7556,76.0485,60.66987,-1.6849047,-1.2489144,-1.7091911,-2.566841,-0.9366204,-2.12004,0.0,0.0,0.0,2.392815,0.19429864,-1.1720898,0.3410492,-0.093473434,0.05619049,2,76.32162,-2.0439944
97.99601,11.058761,30.96427,-1,1,1,-0.018674185,0.17628583,-0.0020541775,-1.4651212,7.44634,-0.064447746,122.46097,35.408806,71.73826,0.6926838,1.8315557,1.4831233,1.0312997,1.5409604,-0.8574003,0.0,0.0,0.0,1.451723,7.6096597,-1.0281627,-0.019058228,0.73921204,-0.08817291,2,119.96072,1.9107383
9.002009,107.923546,63.663456,1,-1,1,0.008622444,-0.0193819,0.007916763,0.34950042,-1.5877284,0.6365051,14.824626,231.4298,101.37953,-1.0835813,-1.3965737,1.0408819,-2.7238793,1.7228158,-1.3010458,20.922384,0.0,0.0,1.9373546,-1.5207003,9.928409,-0.10372162,-0.07922363,-0.051605225,1,40.753616,2.560948
14.527566,9.08205,8.505271,1,1,-1,-0.05919673,-0.011188372,0.010310585,-1.2984571,-0.35102513,0.6049986,62.95059,38.202713,9.293205,-2.1458607,-2.1153152,-0.42702737,-1.1315007,-1.1608313,-2.6127276,16.518757,16.59406,0.0,23.193388,28.46316,-0.19896106,0.21775055,-0.025428772,0.050136566,1,120.573524,0.68311286
32.43604,12.112914,18.66509,1,1,-1,0.0016943639,0.06396096,0.019443624,0.0918865,2.9938033,1.290212,58.72102,19.136242,45.647305,1.1998065,1.0306422,1.5427399,2.0949378,2.1019602,1.7680627,13.506441,34.08884,0.0,19.892616,42.684837,0.66674703,-0.12232971,0.12808228,-0.027297974,3,60.1882,-1.6100793
8.370188,45.02594,36.8892,1,-1,1,0.028108338,-0.006073492,0.008193429,0.40382817,-0.4475246,0.6344501,8.603038,70.42034,40.28398,0.23533383,1.0175908,-0.4257816,-2.120611,1.6499151,-2.9750967,5.7884707,0.0,0.0,5.456063,2.6951587,0.18854132,0.1144886,0.03884697,-0.04589653,4,131.56723,0.7536894
19.80767,36.785065,34.213165,1,-1,1,0.016315915,0.012464446,0.0010610407,0.16825359,0.7128722,0.07810017,33.67324,88.79668,87.87713,1.1232384,1.5284431,1.5962255,0.024676977,2.784424,2.2728522,18.22124,0.0,0.0,8.320341,0.36174423,0.6552151,0.21513748,-0.012722015,-0.018501282,3,72.33535,-0.07121563
43.09277,7.600769,26.924883,1,-1,-1,-0.0024859037,0.1482627,0.0016678632,-0.16960457,4.009919,0.09501215,70.53672,9.950614,30.895155,1.075936,-0.76736516,0.53658754,1.4351205,0.654147,0.0068969694,14.211521,0.0,0.0,2.7170084,0.778118,-0.15504345,-0.016986847,90.98332,-0.050125122,3,183.3476,-1.803318
255.18997,9.398204,7.9984903,-1,-1,-1,0.012474299,-0.06934017,0.019683175,0.89228696,-0.78598154,0.52821773,601.61633,19.0453,34.406284,1.5023985,-1.3321146,-2.1383405,0.027781028,1.8862537,1.3088949,0.0,6.936546,0.0,3.7247152,4.554914,-0.34880608,-0.044582367,-0.1337738,0.075912476,3,293.19092,-0.42058772
28.05065,8.3539715,54.280067,-1,1,1,0.57623065,0.0027544214,0.016763348,5.6886153,0.12443006,1.2573642,55.118507,10.362864,55.17197,-1.2964891,0.6803054,0.18102407,-0.40768462,-1.4305683,2.4594994,7.295902,7.942401,0.0,9.626318,10.762592,-0.7196923,-0.6113968,2.5600204,0.060583115,1,49.728813,0.98255235
85.46457,8.706133,34.567383,-1,-1,1,-0.0047156843,-0.13265969,0.023866894,-0.37065735,-3.4305723,1.761033,86.24413,30.855564,50.154003,0.1349639,-1.9379114,-0.9171495,-1.5582719,-2.463405,0.20516837,0.0,1.1378132,0.0,-1.1303093,-0.10523697,-0.40159371,0.034249306,0.042967796,-0.037139893,3,39.34365,-2.0089211
9.617918,12.224453,15.992666,-1,1,-1,-0.018414559,0.005696625,0.011815579,-0.55643916,0.30258933,0.77865225,9.617958,12.224801,15.993343,0.0028770764,0.007542877,0.009202447,-1.4162347,-1.5138141,-1.4963157,66.94268,84.30589,83.71763,66.14632,45.23505,72.09474,-0.08408356,-0.042388916,-0.058059692,3,109.1614,-1.675661
69.06148,61.908955,63.46255,1,-1,1,0.0034862622,0.01133731,-0.0030362,0.21238148,0.6893171,-0.25447208,83.16041,191.91847,63.504494,0.62858456,1.7974606,-0.03631655,2.5645282,2.2736607,-1.7533407,0.0,0.0,0.0,13.135719,-0.91529876,3.037134,0.10682678,0.043050766,-0.0021705627,0,97.21908,0.090385064
17.38913,13.541094,7.6220512,-1,-1,1,0.21141163,-0.016241964,0.13935368,4.776244,-1.0497488,6.750447,18.994848,14.684302,29.738224,-0.42650515,-0.40807658,-2.0376918,1.1018802,1.1538706,-2.111644,26.426613,49.037544,14.782659,71.44698,68.0647,14.792656,-0.11070633,0.10934448,1.894844,4,161.46375,-1.4644635
113.99024,22.957893,7.888817,1,-1,-1,-0.0091050565,-0.018967912,0.084431425,-0.7459036,-0.98729587,4.175699,114.9736,98.219,11.375592,0.13125798,2.1327376,0.9086213,-0.41901988,-1.7234656,-2.9939861,0.0,0.0,6.0418377,0.0886206,1.3080463,2.1277318,-0.03474617,0.092515945,0.10284424,2,24.523952,-0.83460736
43.50269,10.73838,40.68179,-1,-1,1,0.019755507,0.09226924,-0.0027255751,1.3649738,0.21598676,-0.20370524,47.86259,63.27678,41.288784,0.4440513,-2.4595623,0.17251237,1.3782877,2.8342648,-1.5000521,0.0,3.1939635,0.0,-0.24322419,33.808846,1.7099937,-0.007183075,2.6645088,-0.009738922,4,160.11006,2.0259912
7.0652537,7.489281,32.8432,1,-1,1,0.045573186,0.09141323,-0.009667557,1.601267,3.5987492,-0.77333,7.0710554,7.4896684,40.9213,0.040522054,0.010167254,0.68772995,0.31515664,3.0347521,1.0289756,37.478348,25.577526,3.0846539,60.485783,13.6386595,4.583949,0.19732094,-0.0702343,0.020690918,0,209.61795,2.041542
19.367245,15.254181,12.863855,1,-1,-1,0.007056167,0.08255149,-0.01826745,0.4740005,3.5240502,-1.00167,20.36007,22.339766,35.649223,0.31884474,0.9299717,-1.6781807,-1.6745098,-0.7605527,3.072477,0.0,46.61349,0.0,-0.6016965,46.334652,-0.6013568,0.06960297,3.8167171,-0.011528015,2,60.979473,1.754671
80.19144,67.098976,26.136225,-1,1,1,0.059407033,-0.0074385153,-0.1412396,2.4308267,-0.41217384,-1.731603,125.742096,180.05295,27.630426,1.0209354,1.6435483,0.3365508,1.0178677,-1.8611801,2.0140944,0.0,62.062206,0.0,2.5426643,125.64559,1.1588413,-0.05065155,-0.12665176,-0.067653656,2,231.70633,1.396229
15.556996,244.72911,48.297905,-1,-1,1,0.021956764,8.703409e-05,0.0031702009,1.0111614,0.0077552204,0.23629834,17.683813,406.68515,48.55802,0.51711726,-1.0949364,-0.10371542,2.0868459,-1.1824098,1.1869718,3.1302648,0.0,0.0,4.582315,3.896681,4.7758594,0.002149582,-0.004858017,0.027374268,2,240.42825,1.6418308
8.729737,10.109956,43.677357,-1,1,1,0.020179752,0.040986236,-0.027334861,0.7317585,1.2363971,-1.8769772,12.538978,24.631292,173.59158,-0.90317446,1.5385853,2.056806,3.1127093,-3.0786734,0.37780654,0.0,18.22942,0.0,0.6829366,2.6465669,0.34775072,0.027139664,-0.271883,-0.1390934,2,33.946148,0.2071204
34.629517,11.682382,43.800953,-1,1,1,0.021264445,-0.038572337,0.006079654,1.2157747,-1.821311,0.36883098,35.804184,17.345325,145.04631,-0.2597345,-0.94864976,-1.8669249,-2.4095051,0.5270588,1.204122,0.0,3.257953,0.0,0.20103824,-0.108831786,-0.19413847,-0.060180664,-0.11025238,0.011264801,1,44.05529,0.3250908
49.155922,8.854935,43.453762,-1,-1,1,0.063061364,-0.07583657,0.0027641281,4.4772744,-3.2826638,0.19915946,109.51108,10.631613,47.415657,-1.4395074,-0.62333053,-0.42383856,-2.7151203,2.2436705,0.47418007,0.0,9.099736,0.0,0.059491944,0.65123296,0.2408069,0.07835388,-0.052963257,0.029529572,2,45.611332,-2.4980772
11.375697,78.249115,196.95222,-1,1,-1,-0.61558956,0.0040074484,-0.015509866,-25.06324,0.3348837,-1.3423617,24.47398,107.01748,231.88725,1.4002774,0.83318675,-0.58714396,-1.1398636,0.22441584,2.3779542,63.130905,0.0,0.0,56.62473,0.35909283,0.33655268,-1.5606766,-0.018577576,-0.003376007,0,106.4014,-1.6632974
43.82323,8.168319,55.121536,-1,1,1,-0.01681448,-0.015647411,-0.0038634986,-1.1363769,-0.4437832,-0.30009925,68.36997,11.764725,83.66511,1.0143722,0.90698063,-0.9782023,0.9529442,-2.3959563,1.5984589,0.0,30.387981,0.0,-0.12997095,8.496259,-0.5562739,-0.0036964417,0.08978653,0.032577515,0,25.315395,-0.59405005
59.955967,8.320509,57.163296,-1,1,1,-0.015942559,0.049994152,0.0031337398,-0.91350514,1.5175658,0.2620278,62.555416,10.593956,71.17487,0.2934152,0.72336066,-0.68659616,1.2093138,-1.418228,-2.6473963,0.0,12.252957,0.0,-2.927418,29.095848,0.6867346,-0.18933105,-0.04800415,-0.014778137,3,159.37953,0.041534346
35.468708,10.565459,11.938924,1,-1,1,0.008265851,0.094887264,0.05217501,0.41510305,2.6758313,2.000006,39.47849,14.751526,25.91899,0.47113296,0.86312866,1.4104755,0.6774549,0.8255052,0.85961,0.0,0.0,17.706774,-0.49614367,2.4990985,10.237045,0.0653497,-0.07436776,-0.04575932,3,87.01424,3.1126063
30.033619,22.692474,123.44071,1,-1,-1,0.03997202,0.0012632313,-0.024604011,1.1768494,0.041120037,-1.9435343,88.08114,67.70553,127.73462,1.7386659,1.7569351,-0.26300207,2.0010304,2.1113796,-1.2996768,73.06641,92.72207,0.0,56.937763,122.41003,-0.027186463,-0.035499573,0.005191803,0.07688141,3,50.351036,-0.26702872
60.691334,13.354786,15.001685,1,-1,-1,0.023861153,0.031438533,0.031438533,1.4724746,0.98629993,0.98629993,160.26462,27.501274,30.892704,1.6262224,1.3505275,1.3505275,0.3496237,2.1092298,2.1092298,0.0,7.018047,7.018047,-0.10344644,18.111069,24.338,0.008285522,0.17793846,0.17793846,5,69.66573,1.9412433
31.795193,24.642462,9.060892,1,1,1,-0.07657077,-0.07657077,0.0073888754,-2.4123983,-2.4123983,0.42094967,35.625248,27.610897,16.006907,0.48603815,0.48603815,-1.1702571,-1.682871,-1.682871,-0.10451436,6.4112434,11.669286,0.0,28.52524,30.73591,-0.5836248,-0.06011963,-0.06011963,-0.003063202,2,34.490013,-1.2128322
10.875042,36.26289,49.43923,-1,-1,1,0.07433636,0.010284716,0.011496227,1.5020894,0.79854757,0.9490376,59.26521,54.43347,53.089577,2.380173,0.96338576,0.38194713,-2.5955882,2.2520335,2.531217,0.0,0.0,0.0,1.7420666,1.3086064,3.0691729,0.7246723,-0.060073853,0.026348114,2,111.2993,-0.6587045
46.181,9.6989565,7.567771,1,1,-1,-0.020360682,-0.07127786,-0.008280265,-1.2555332,-2.1566179,-0.27844763,53.716682,9.77228,11.99965,-0.56377804,0.12288585,-1.0353732,-1.2230996,0.6694403,-2.5813625,2.257574,2.65553,14.41489,-0.36716798,6.6441627,0.56087816,0.036392212,-0.13266754,-0.18743134,2,93.34593,2.9755337
64.99028,8.442616,101.56064,-1,-1,1,-0.0045698206,-0.053330906,0.0074484507,-0.31748778,-2.2095618,0.63236517,65.89174,8.884865,118.43117,-0.1663655,0.32227895,0.56869483,-0.13970867,-2.1161692,-3.0261023,0.0,46.135777,0.0,0.1755788,28.82367,-0.15697858,-0.06059456,0.022037506,-0.011884689,5,98.05407,0.49529582
58.590702,40.40371,30.429102,-1,1,-1,0.0132446205,0.009170754,0.016056724,0.50512844,0.3609669,1.1087241,77.79629,83.5169,47.776722,0.7890524,1.3548375,1.0226521,-1.9671137,0.6632739,0.56276995,0.0,0.0,13.117713,2.2933695,9.237806,42.776722,-0.0326519,-0.031656265,0.19604874,2,99.688065,-0.026963543
16.479427,30.696844,49.80177,1,1,-1,0.46528187,0.0016512711,0.0015492473,28.636196,0.12292964,0.11568882,49.185562,77.61411,67.92123,1.7573096,1.579113,0.8290796,2.3534858,-1.6305064,-0.45062232,17.825544,0.0,1.0515026,45.7467,-0.13029325,1.2161748,1.3021927,0.06546402,-0.038311005,3,59.856075,-2.7195008
57.609962,11.425431,7.5571365,-1,1,-1,0.033464324,-0.010903646,-0.055638947,1.947602,-0.3215046,-0.6413583,160.95543,20.412178,23.845255,-1.6868933,-1.1838794,-1.8161275,-0.28780887,0.9502815,-3.0501661,0.0,0.0,4.768065,0.76828367,1.6981987,3.541175,0.07876158,-0.06297207,-0.12909675,3,39.414124,2.0484812
27.45915,22.975588,43.068596,-1,1,1,-0.0050340104,0.005331039,-0.015865816,-0.32707185,0.34376952,-0.9559415,38.295635,29.01666,252.22224,-0.86152285,-0.71015126,2.453293,-1.2793707,1.7905693,1.5128745,0.0,5.0238414,0.0,-0.0073566893,2.3596196,2.1988041,0.034065247,0.00022315979,-0.16814613,1,86.90626,-0.0056880023
83.81569,10.153643,39.58565,-1,1,1,0.119791955,-0.07427401,0.0076502464,2.3440273,-0.8986996,0.59454674,186.18593,13.440673,52.606514,-1.4362577,0.7843844,0.7903492,-0.83797926,-1.1405232,-1.1694236,0.0,0.0,2.8934379,-0.029845886,0.31231898,-0.70307815,-0.054237366,0.018352509,0.0023956299,3,115.759285,-1.9248406
29.498903,8.132773,73.29554,1,-1,1,-0.012771365,-0.0006686399,0.016961277,-0.9137797,-0.024402887,1.2816211,29.754797,19.403906,273.6673,-0.13162205,-1.5155891,-1.992125,0.24932753,0.2120942,0.8982684,4.1904354,0.0,0.0,26.143946,-0.28700152,0.36775708,-0.14789772,-0.06769943,-0.07895279,2,43.187244,1.3728306
14.759648,14.02006,50.573956,-1,1,-1,-0.14420171,-0.041370332,0.03275427,-8.282602,-0.7409031,1.9955537,19.445637,47.942253,118.634766,-0.77714694,-1.9005554,-1.4968754,1.9819504,-1.2779545,-0.96392196,7.3803024,0.0,0.0,1.3800743,1.1753482,0.5542885,0.21930313,-0.0060043335,0.065330505,0,52.621555,2.3244753
23.016758,42.528473,64.39697,1,-1,1,0.008791368,-0.0124492515,-0.0056302506,0.5380951,-0.76438594,-0.45789552,24.831758,95.16301,65.8753,-0.39456436,-1.4444164,0.21385923,1.4557122,-2.2297196,-2.2040024,5.1314406,0.0,0.0,5.1669655,-0.9526372,0.8991363,-0.08359146,-0.0029144287,-0.014277458,1,82.39304,1.1288807
9.949035,38.87689,20.55072,-1,1,-1,0.07130442,0.008302728,0.02025091,0.5033381,0.525029,1.4121969,19.260975,138.61018,21.472345,1.2791713,1.9441389,0.29833746,-2.7299905,1.1690868,-1.719054,1.9552822,0.0,0.0,-0.25133148,-0.023050278,0.6831004,0.14810371,-0.072704315,0.07129669,1,25.710066,1.0058966
125.8168,24.247469,148.36145,1,-1,-1,0.00825945,-0.03180609,0.015795417,0.5372617,-1.7718217,1.2762281,134.61295,24.57418,357.4718,0.3717862,0.16397494,-1.5264075,1.1446868,2.185237,-1.2517653,0.0,15.087899,0.0,-0.07882779,13.123041,3.2034438,-0.026015282,0.6416006,-0.027720451,2,80.03514,1.4721974
25.623405,15.13608,16.43421,-1,1,1,-0.004738648,0.023040105,-0.20194556,-0.22746904,0.77630407,-10.567499,25.62851,21.486673,23.350788,0.0199593,0.8867064,0.8879937,0.45824033,2.2911665,2.265808,0.0,70.41637,53.834606,0.7845292,38.926395,39.585735,-0.027421951,-0.20210075,-1.075921,1,104.079865,2.5489106
84.79404,28.310064,14.422879,-1,1,1,0.018900778,-0.037288897,-0.39518932,1.0634366,-1.952927,-18.79395,164.91939,37.24862,14.460768,-1.2845694,-0.775105,0.07246816,-0.101311214,2.2837236,1.5482105,0.0,0.0,6.8841414,0.4731136,2.7080717,0.84420216,0.113456726,-0.03873825,-0.24135971,0,86.307755,-1.0804092
57.85757,8.294562,13.165446,-1,1,1,-0.022202332,0.27748173,-0.01386633,-0.8458981,13.354277,-0.8097781,186.25502,12.315224,13.297624,1.8372331,0.9486429,-0.14135909,2.417587,0.11624365,-3.0266957,0.0,38.086174,0.0,0.35096374,11.821189,3.4885151,-0.0020523071,-0.9065094,-0.07104492,2,16.977385,-1.1298136
72.764046,26.917202,11.828636,-1,1,1,0.0007069985,-0.062108945,-0.09890235,0.053104505,-1.1948185,-4.791069,72.84473,50.367825,16.290615,-0.047087457,-1.2391876,-0.843366,-0.33219576,3.1301262,1.0161399,0.0,0.0,25.175766,1.2194518,0.86839134,2.7938128,0.074214935,0.037216187,0.43278503,0,93.28709,2.9664917
12.160587,7.3614902,16.351301,1,-1,1,0.17609662,0.08907952,-0.0036268278,5.126761,3.224796,-0.22780487,24.166752,14.850832,52.239155,-1.3095951,-1.3269275,-1.829224,1.5659734,1.5288024,1.3984479,23.766478,23.766478,1.7221113,16.026646,16.37988,0.509187,1.4858493,-0.04340279,0.011714101,3,26.616314,-1.461091
31.248283,10.626828,22.127064,-1,1,1,-0.022868814,-0.08232462,-0.002551301,-1.5514936,-1.6696823,-0.14732914,32.161976,19.15309,32.609325,0.24124017,1.1944685,0.93854,-1.2893846,0.10884089,-1.4734118,2.3445776,1.151636,0.0,1.9444851,6.982418,-0.54773384,0.017549515,0.02100563,-0.0124053955,3,77.98392,1.612531
23.846012,28.76406,7.22976,-1,-1,1,0.030098181,-1.2543842,-0.906889,1.7555276,-24.201138,-26.77691,37.38225,74.11667,14.37075,1.0206275,1.5996828,1.3098397,-1.7074074,2.631565,-1.238639,0.0,7.8071146,42.536278,2.2750328,15.255225,19.07679,-0.1313448,-0.80884314,-1.8406811,0,30.9934,0.62040234
50.90228,17.308107,17.738464,1,-1,1,-0.034628067,-0.057337232,0.051089812,-1.2366061,-1.9362037,2.7373202,216.82661,95.81076,44.728886,2.1282656,2.396087,1.5761677,-1.9579833,1.2816029,1.5720085,0.0,0.0,19.107487,0.91564846,-0.032117553,33.44044,-0.05703163,0.37655258,0.043172836,4,74.80088,-2.2143416
78.77566,11.677306,15.286484,-1,-1,1,0.046270493,-0.9862527,-0.0071384166,2.9311767,-25.95189,-0.3244545,93.285706,11.739529,15.372194,0.5980005,-0.10318629,-0.105846606,-3.1131291,1.0927479,1.0221779,0.0,51.1475,27.263363,1.0924348,43.855663,42.69501,-0.009548187,-0.54079056,-0.0032844543,2,46.55023,-0.47418648
20.798159,19.577518,7.5480475,-1,1,1,-0.00015783252,0.021351356,-0.037565827,-0.009450973,1.0287806,-1.3433697,21.146137,24.720644,8.851237,0.18267366,-0.7098547,0.57948464,1.1285567,-1.1040854,-1.5888964,0.0,25.658787,1.1841482,1.5281402,69.72354,3.394329,0.11848891,0.06974673,0.017463565,1,96.54543,3.1203089
8.848365,12.355979,11.471462,1,-1,-1,0.097225845,-0.012763668,-0.004211848,4.2692065,-0.5470028,-0.2228692,9.275038,13.042059,13.86855,-0.30931497,-0.3317223,0.63565856,-0.42628813,1.2253847,2.488948,33.357937,8.342274,0.0,9.057208,1.4379189,3.1837664,-0.1052475,0.10988426,-0.111494064,5,182.40997,-1.6831053
18.482584,11.943157,31.617037,1,-1,-1,0.61627877,0.54096556,0.008174431,35.718224,15.527676,0.58156246,20.37601,13.2401085,31.755838,-0.4488675,-0.46191615,-0.09360869,-2.6678686,-2.6669328,-1.4249712,13.266947,13.266947,0.0,51.23936,52.441692,-0.051495485,-0.12432575,0.09308767,-0.07592106,3,97.65746,2.736102
8.916198,7.2018037,17.252121,-1,1,-1,1.0994933,0.1105315,-0.0053360285,5.432164,4.994279,-0.36296728,24.271206,19.544153,17.392809,1.6589825,1.6556741,-0.12747705,2.9491243,2.9545536,-2.14231,30.660826,17.70063,0.0,51.30235,50.00855,-1.1511807,2.8064957,0.39988136,0.026117325,3,99.15903,0.22146964
25.669998,9.037143,33.989185,1,1,1,0.022031935,-0.035393324,0.016024511,1.1145989,-1.5146451,1.1010785,55.083656,9.393538,103.91503,-1.3973386,-0.27992952,1.7827898,3.0397415,2.7937276,1.4306109,14.500243,2.4558434,0.0,22.156786,14.068574,-0.38751578,0.23331642,-0.070100784,-0.024812698,3,64.371056,-0.1097165
13.737965,12.182456,9.660233,1,-1,1,-0.015595108,-1.5590047,4.737532,-0.5651364,-25.689335,16.755123,30.99286,70.30473,53.64775,1.4535469,2.438397,2.3993626,-0.23259401,2.124785,1.9612784,2.152212,11.047278,19.223225,1.5934435,22.760695,8.5884905,-0.018981934,-7.136635,2.5607529,2,111.65208,-2.6697257
45.091377,30.04942,29.810946,1,1,-1,0.0001995052,-0.0022609083,-0.015901024,0.011547546,-0.15006141,-1.2098298,46.977245,31.780468,32.598858,-0.2882184,-0.33782238,0.42916614,-0.27934474,-2.710859,0.55004454,0.0,12.008027,0.0,-0.13597205,8.045925,0.5190357,0.010681152,0.19963455,0.00091552734,3,129.12772,2.7865434
57.735737,7.4846225,43.17071,1,1,-1,0.043037366,0.0237781,-0.012119889,2.275316,0.91100186,-0.883551,60.809902,11.538272,76.433464,-0.32489854,-0.99873656,-1.1729566,1.288475,1.926924,-1.0701332,0.0,96.822556,0.0,-1.0680423,40.374878,2.6270509,-0.030872345,0.030223846,0.036685944,3,177.12459,-1.5732026
33.37103,8.106962,119.66739,1,-1,1,0.043584757,-0.03413768,-0.0032746987,1.672994,-1.1748792,-0.27984482,33.42238,8.117895,141.5658,0.055468205,0.05192855,0.5961037,-1.308246,-1.3022745,1.6255422,3.5746045,3.5746045,0.0,20.349335,36.75503,-0.030562928,0.1207695,0.09138107,-0.019599915,2,104.74618,-1.7261138
8.269946,8.324208,21.103313,1,1,-1,0.043731593,-0.087831505,-0.009705905,2.4595826,-2.0382237,-0.6660873,9.417215,16.570843,60.238773,0.52083313,1.3115608,-1.7098324,2.3504188,3.041248,-1.4822241,6.0416145,3.46137,2.5850637,3.494262,-1.7431757,-0.40932593,0.013662338,-0.029720306,0.0035963058,3,94.96108,0.1957606
100.293434,75.876076,25.453642,1,1,1,0.016704584,0.115801856,0.003418599,1.0067219,5.9964976,0.24545789,100.30994,109.74073,25.768517,-0.018138971,-0.9127729,0.15707718,0.3023785,-3.09699,2.8461752,13.105322,10.209236,0.0,117.94735,50.853893,1.3003131,0.04918289,-0.20248795,0.0141067505,2,75.25538,0.41430995
16.993097,7.355034,102.726456,1,-1,1,-0.18390813,-0.050444067,0.025644267,-5.441793,-1.8929584,2.1631918,18.86224,13.324932,190.44412,0.46483302,1.2006752,1.2281662,-2.8628013,-1.2407782,0.9725065,32.558445,24.757969,0.0,42.601124,8.010623,-0.7386439,-0.27322388,0.04356861,-0.032816887,4,28.415146,-0.5686075
138.62029,7.8738966,18.570848,1,1,-1,0.002110836,-0.6819049,0.1509906,0.14593054,-6.050285,6.7036796,139.03317,10.565459,25.564018,-0.07716379,-0.80493456,0.8426779,-0.5314901,2.266137,3.0519454,0.0,283.29678,0.0,-1.275666,184.7047,0.8389912,0.101947784,0.13615417,-34.363995,5,48.4817,-0.45311862
34.283978,12.33885,52.6037,-1,1,1,-0.01884889,-0.020950671,-0.005685851,-1.2191828,-0.8179345,-0.39800307,35.848465,12.772259,160.05952,0.30096605,0.26427954,-1.777739,-2.9180286,-0.5949122,-0.79929876,28.279543,13.48575,0.0,13.549479,10.714615,-0.08868197,-0.051129818,-0.14170599,0.030544758,2,60.42271,2.6964266
61.92405,10.043797,41.242683,-1,1,1,0.013543501,-0.09287186,-0.0024306453,0.7217471,-3.6557896,-0.19540368,159.85551,11.04122,131.4792,-1.6016876,-0.44205394,-1.8269619,-1.9804159,2.2264376,-2.5652044,0.0,1.529552,0.0,0.35542804,3.1464565,-0.53911364,0.005633354,0.03730488,0.02568245,2,52.235558,-0.8768148
40.07454,36.968533,75.44869,-1,-1,1,0.05203004,0.0059093693,0.012326145,3.2772453,0.44346696,0.97422796,48.6063,85.549545,161.73892,0.64147437,1.4818345,1.3962084,1.5121557,0.21339826,-1.2167748,37.139053,2.4395,0.0,60.170666,1.6478738,-0.87598056,-0.1412983,-0.021310806,0.031915665,5,68.31077,2.9168518
32.503597,40.544052,51.86993,1,-1,1,0.0012134771,0.00072404306,-0.002674222,0.07028253,0.056662284,-0.19689476,106.28961,59.14268,52.755436,-1.85372,0.9245522,0.18450645,-0.06743677,2.8770437,2.8403945,42.297646,0.0,0.0,89.582,8.955179,-0.4486781,-0.06726456,-0.017116547,0.060863495,2,100.6666,0.86609226
27.442062,12.068978,115.214935,-1,1,1,0.075196035,0.11133775,0.012633878,1.3958987,3.863085,1.0880461,144.33795,68.45486,454.15506,2.344066,2.4208202,2.0482938,-0.23623274,-2.1141644,0.1928866,0.0,14.612284,0.0,0.8039363,2.54148,0.5896513,-0.10151291,-0.7718277,-0.0911293,2,118.07769,2.5210097
38.183117,12.470894,77.69114,-1,1,-1,0.05251803,-0.18427867,0.012974943,1.4574323,-2.6458693,1.0233634,122.446884,47.890038,263.55087,1.8331833,2.0212562,1.8921834,1.4159993,1.4410398,-1.8405021,5.875542,0.0,0.0,11.078459,38.580273,0.0,2.6915188,-2.7326145,0.025823593,2,26.908892,0.5625216
111.08062,66.24614,55.984467,1,-1,1,-0.01184481,-0.0113729285,-0.021835454,-0.60790855,-0.76148534,-1.7279766,114.66614,66.26694,66.45027,-0.25340226,-0.025057599,0.6023112,2.8932607,2.4888344,2.7987788,0.0,0.0,0.0,98.26023,3.6267314,-0.33469832,-0.059196472,0.10308838,-0.023086548,1,49.514294,-2.7530496
75.654366,8.311042,154.89757,1,-1,-1,0.006780679,-0.010116974,-0.000976908,0.51935923,-0.33749926,-0.081615664,209.84453,22.66109,211.32185,-1.6791352,-1.6607492,0.8295522,1.9763314,-1.370978,1.5502963,9.147369,2.2280805,0.0,105.639275,0.33300513,-0.70937353,0.014408112,0.18661118,-0.01813507,1,112.295044,2.5278585
42.224697,73.3075,36.102757,1,-1,1,0.34689066,0.019267425,-0.0010650667,23.347414,0.96260333,-0.06472714,103.81399,167.12314,137.73163,-1.5485538,-1.4652169,-2.0144472,-2.4639177,-1.9557961,0.28822792,2.7842681,0.0,0.0,52.01993,-1.141046,-0.31261724,0.09790039,-0.005001068,0.13592911,1,176.21027,1.111196
33.431053,7.8759003,26.745283,-1,1,1,-0.13686332,0.09048477,-0.013395271,-7.558299,3.2884262,-0.87903106,46.371452,36.05678,32.091434,0.8536991,2.2022874,-0.6221889,2.865863,-1.632764,1.9597064,9.573948,4.3733125,1.1599946,14.8989,1.1286283,1.2492869,0.21113968,0.85949326,0.009231567,2,147.91248,-2.6991265
10.174899,10.763653,13.692057,-1,-1,-1,0.11146364,0.10496723,-0.0052263374,4.7415113,3.236481,-0.203367,11.134596,21.38901,20.825172,0.43098372,-1.309508,0.9809463,1.0667262,-2.8117697,1.2320523,0.0,0.0,30.981928,5.7409625,-1.639076,25.702766,0.07114887,-0.14051533,-0.06141472,3,79.49538,3.053892
59.65441,7.4383764,86.22765,-1,1,1,-0.022455262,0.074004844,-0.022390826,-1.0512158,1.4726297,-1.8469641,61.937428,24.947899,142.50455,0.2757863,1.8802801,1.0880333,2.2159686,1.3633689,0.94662684,0.0,30.36976,0.0,-0.16695544,3.754908,-0.95993716,-0.06985664,-0.051639557,0.0126953125,3,191.30704,2.2384682
26.74198,8.215266,74.44506,1,1,-1,0.005065179,-0.010946323,-0.008078829,0.17600441,-0.52670884,-0.65926003,138.60664,8.412238,125.933586,2.329114,0.21854538,1.11712,1.7797401,-0.62759596,1.8214868,0.0,28.893286,0.0,-0.05035675,7.7983594,-1.2050873,0.1861229,0.06191635,0.009332657,3,83.27562,-0.47181737
13.642035,7.1363497,19.832792,1,1,-1,0.111907855,-0.019624585,0.01701512,4.379717,-0.48498222,1.1303554,23.254616,31.14051,28.349253,-1.1265916,-2.1530597,-0.89640284,0.24549147,1.8596642,-1.7815804,0.0,4.296816,0.0,25.666603,4.756936,-1.1726311,-0.41191864,-0.35849762,-0.004928589,7,91.775734,0.62235975
100.538055,8.512297,89.47896,1,1,-1,-0.0038578464,-0.028999418,-0.0017414326,-0.3024635,-1.4769065,-0.14591917,155.84065,8.601211,89.53134,-1.0059212,-0.14441027,-0.034195334,2.648937,2.4529197,-0.45416164,0.0,4.303323,0.0,-0.5671522,0.7590107,-0.41536573,0.0037498474,0.014709473,-0.055431366,2,131.01349,0.06361028
11.777541,9.253417,32.818253,-1,1,1,-0.021285685,-0.09355896,0.0045212037,-1.0906131,-3.509031,0.31267858,14.186474,11.183888,38.55574,-0.6291592,-0.6352118,0.5830143,2.116489,2.1297002,-2.963938,25.05075,36.794006,0.0,68.280495,66.67968,-0.93820864,-0.19337082,-0.076179504,-0.02092743,1,110.10779,-0.15596241
23.516966,22.242199,7.988542,-1,1,-1,0.1231382,-0.017085673,0.014665168,2.6310508,-1.0971898,0.66433287,72.702,44.94757,8.170023,1.7945452,1.3288949,0.2123549,-1.0166125,-2.624003,-1.8410952,5.789007,0.0,0.0,2.2694414,-0.33619487,1.9158444,0.031179428,0.024892807,0.0728302,2,116.55443,0.7306559
34.85805,8.399622,7.9895854,1,-1,1,0.0109474,-0.025829298,-0.057052054,0.624774,-0.6595984,-0.85732305,35.13119,8.758371,8.484725,0.12510496,0.29123703,0.35026655,-0.07226258,2.845274,2.8371372,0.0,42.5054,40.916866,-0.07366358,27.99497,20.337921,-0.04870224,0.5291519,0.09792328,2,78.47724,-1.5112514
39.37229,7.961234,79.22476,1,-1,-1,-0.005969551,-0.10909929,-0.019014541,-0.4038073,-4.583739,-1.4780152,50.386707,7.969496,155.44093,0.73157424,-0.04555374,-1.2947495,-2.8872125,1.6472917,2.5381777,0.0,11.047787,0.0,0.37473646,20.694714,1.0272853,-0.041387558,-0.7920933,0.0037231445,3,59.58779,0.943306
21.732567,8.151642,45.0597,-1,1,1,-0.008767463,0.17601742,0.016071979,-0.46681598,9.012092,0.7717327,40.17044,8.995767,102.6452,1.2246376,-0.45125005,-1.4643513,-3.0871432,-0.925584,1.783778,1.3234105,0.0,0.0,-0.78183264,19.837778,-0.4162943,0.022181034,-0.039566517,-0.0075383186,1,100.93505,-2.2833855
24.458467,20.236052,17.527924,1,-1,1,-0.025379127,-0.041694075,0.0045530084,-0.9834322,-1.3006723,0.2661361,116.4101,95.71427,25.84478,-2.2420666,-2.235682,-0.9392389,0.72633153,0.6757204,1.7754259,10.8707905,8.224429,0.0,38.6331,45.07256,1.1817849,-0.14536285,-0.41707993,-0.0128593445,2,86.01194,-2.9821892
7.9594603,75.84872,160.49413,-1,1,-1,0.32685754,0.016554823,0.009540883,3.503285,1.3644801,0.79689974,8.763491,130.2271,164.95908,0.44577864,-1.1354542,0.2353369,0.34735027,1.4791622,1.6786015,18.67003,0.0,0.0,13.900897,1.8946743,-0.3080442,0.044599533,-0.022351265,0.03179741,1,106.730415,-2.0275981
58.03079,7.174174,52.654396,-1,-1,1,0.009604206,0.059559643,0.0033166558,0.7228068,2.0302103,0.2750157,58.062233,7.8944297,87.516945,-0.03291812,0.4444308,1.0951802,2.794199,-0.69143265,-1.1751181,0.0,0.0,0.0,0.7271697,0.36314112,1.5752447,-0.0002708435,0.33135986,0.038814545,3,86.26623,2.4774466
20.104046,65.19829,35.863724,1,1,-1,0.008920119,0.024023922,0.008924711,0.44804072,1.9976132,0.6894965,23.576965,199.3865,38.55989,0.57963926,1.7830874,0.38535866,0.72395545,2.7166815,-3.04565,0.0,0.0,0.0,-0.3569948,-0.38057315,-0.8214204,-0.061237335,0.060386658,0.00049209595,3,39.40333,0.12142
23.678656,10.75478,33.200874,-1,-1,-1,-0.0013553905,-0.10972709,-0.016767344,-0.08386223,-4.945376,-1.1761076,31.882318,12.306479,34.615494,-0.81008327,-0.5309202,0.2908741,2.1934226,-2.0574708,-2.4264266,12.134052,14.94797,1.3861569,6.122554,6.485436,-0.5184926,0.030155182,-0.15605927,-0.006937027,2,51.51543,1.0495719
9.923334,98.70364,50.3176,-1,-1,1,-0.2132985,-0.003269218,0.00081890216,-0.5145325,-0.2635516,0.06582975,29.526567,215.94237,59.786953,-1.7540338,1.4191616,0.6042626,-1.4776499,2.757839,0.41904932,15.665643,0.0,0.0,5.5022154,-0.7558678,5.9511127,-39.17386,0.037446022,-0.029803276,2,29.885622,-2.9545255
105.11428,43.497032,7.135888,1,-1,-1,0.0052095093,-0.0073968996,0.03436636,0.37516353,-0.5416941,1.3059702,133.99368,48.383717,7.367429,-0.72527206,-0.46968618,-0.25406042,-2.682094,0.79436976,-1.3841627,0.0,1.5751402,52.261635,1.095142,0.3147795,86.85876,0.028310776,0.02620697,0.004758835,1,73.52176,-3.0276515
22.804544,19.398247,8.671261,1,1,1,0.017784761,0.0046898182,0.005627783,0.9027793,0.27029237,0.21104191,36.47112,19.418959,8.881592,-1.0464005,-0.04620734,-0.21981198,1.7665406,-1.7742743,-2.6007917,7.705425,0.0,28.046215,1.255925,1.7677802,40.779716,-0.038772583,0.13662338,0.03835678,2,101.83891,-1.9158171
56.959957,29.602468,10.204156,1,-1,-1,-0.001966549,0.039876446,-0.0064243614,-0.046434645,1.8303531,-0.2527285,174.36931,161.34572,16.586418,-1.7841614,-2.380315,-1.0670892,2.2690523,1.323583,2.6331873,0.0,0.0,0.0,-0.5600604,0.04774646,-0.58986205,0.10573959,0.08167648,-58.205833,4,156.53268,-0.8357757
139.84447,7.207762,33.491375,1,1,-1,0.0064827115,-2.5502243,-0.011346444,0.3994449,-5.2954016,-0.785513,662.6675,17.942871,49.12155,2.2375653,1.5621533,0.93201387,0.5040576,-0.2781414,-1.6979378,0.0,22.86696,0.0,-1.1697834,6.4726276,-0.25051647,-0.09099388,0.491045,-0.030406952,1,72.99319,2.7289958
32.789772,82.696724,24.820223,-1,1,-1,0.05541691,0.002528425,-0.0040027564,1.0112882,0.20096909,-0.28395736,48.267605,251.96979,25.6281,-0.93697685,-1.7791895,-0.25442243,-2.941856,1.779093,1.4669313,1.0385017,0.0,2.4392838,0.48489827,1.0674446,0.8214513,0.16188478,-0.02137947,-0.07224131,1,125.44628,-0.93215895
14.667584,10.2789545,41.385147,1,1,-1,0.25367498,0.022040442,-0.013091964,9.39405,1.1917709,-0.98036414,23.549604,11.379648,50.119835,1.0514024,-0.45874608,-0.63878506,3.1312442,1.277384,0.08249845,9.315477,0.0,0.0,6.128535,-0.3162431,5.7102256,0.99116516,0.0099105835,0.014221191,1,10.955672,-1.182165
49.79052,27.308283,21.975122,-1,-1,1,-0.026029069,0.003810809,0.018921608,-1.3540308,0.20622799,0.9314408,72.71279,36.427544,45.006298,-0.92610425,-0.79605013,1.3442694,-2.0388567,2.059452,1.1616842,32.686584,0.0,0.0,107.7645,-0.37649545,-0.90391153,0.001856327,-0.012183428,0.065798044,4,127.507034,-0.81471485
63.164734,15.470847,11.13383,-1,1,1,-0.016084366,0.0067673735,0.0050709997,-0.9361279,0.12094057,0.19550839,274.41882,16.964186,17.915466,-2.14854,0.43591717,-1.0542215,-2.8380907,-0.36134234,-0.55167115,0.0,0.0,3.1891518,-0.7185266,0.72307837,-0.84029627,0.061075807,0.06752801,-0.009980202,2,90.443565,1.6290992
53.310207,13.583616,49.332134,-1,1,1,0.21040991,0.008150473,-0.010662743,3.9394848,0.4369662,-0.8373959,138.15453,14.349577,75.87973,1.6058983,-0.33426479,0.9957831,2.303547,1.3797624,-1.2829304,0.0,12.740083,0.0,1.9023402,4.9378347,-0.1727638,0.046972275,0.102507114,-0.08753219,3,229.74678,-1.7020332
12.178559,151.91615,10.045835,-1,-1,1,-0.052302264,-0.007843511,0.017016798,-1.7883857,-0.68382496,1.0406872,42.846226,216.60501,14.77577,1.9302489,-0.8928853,-0.9358333,-0.65087533,0.08760264,-0.9557546,1.0282199,0.0,0.0,1.8905311,0.3114718,0.70347923,0.3466587,0.011422157,-0.06812477,2,104.11341,-2.8090963
34.66686,15.767049,8.640026,-1,-1,1,-0.0074365097,-0.08078266,-0.040982146,-0.370822,-3.788599,-2.2931035,135.39052,16.649042,13.719563,-2.0387175,-0.3329419,1.0371873,2.924606,1.1821251,-1.2155914,0.0,26.739521,0.0,-0.33179107,13.494439,-0.40168738,0.13118744,0.0379467,0.015144348,0,94.068115,-1.0141112
27.439203,25.24956,29.939648,-1,-1,1,0.011232008,0.014507127,0.020306492,0.48125756,0.8559235,1.4972218,31.723858,25.487661,70.83731,0.5518118,-0.13722362,1.5063607,-1.5913415,-0.33054626,2.5683498,9.558055,0.0,0.0,5.5286546,2.5557115,0.3838052,0.099004745,-0.07863045,-0.05642128,4,86.80468,0.33652803
31.796976,13.213619,11.817418,-1,-1,1,-0.013110292,-0.043136235,0.029151483,-0.5863396,-1.9394298,1.3189155,39.726868,13.231223,11.834578,-0.6923351,0.05161342,0.053883217,-2.3917944,2.598461,2.5975788,3.5810246,0.0,0.0,2.351146,4.283312,4.1631203,0.053182602,0.027668,-0.11169624,2,25.717215,-2.5783908
81.49038,21.97689,84.72859,1,1,-1,-0.01694107,-0.18100561,0.0028754775,-1.2421925,-11.099106,0.17954189,101.84354,23.168344,90.346245,-0.692829,0.327814,-0.36216307,-0.3652397,0.5745107,-2.3310356,0.0,12.168616,0.0,1.1162992,22.083033,2.6171997,0.0113277435,-0.15385628,0.0059947968,1,93.33457,-0.4800365
9.737849,8.334747,58.38138,1,-1,-1,0.29104742,0.0109792,0.001667236,12.538849,0.46367142,0.13253346,11.97529,9.614909,58.581543,-0.66553867,0.5473849,-0.08276411,2.4274428,2.3249018,1.0340884,6.1938076,0.0,0.0,30.513592,1.3662677,-0.9159595,-0.04840088,0.2637825,0.027751923,4,84.37863,-2.5504377
42.588207,11.634162,109.74783,-1,1,1,1.1915925e-05,0.28795847,0.0079960385,0.0005122949,2.6448462,0.657169,48.265804,68.77407,446.106,-0.51078904,-2.462796,-2.0800323,2.913548,2.7704203,0.016276246,0.0,0.0,0.0,1.2416829,7.9163814,-0.12991601,0.038167953,-1.8245144,-0.062030792,1,81.28236,1.50744
87.31554,30.311209,21.177431,1,1,-1,-0.009683313,0.49378735,0.00048770674,-0.53824043,25.3334,0.029853188,102.646095,40.907845,113.2479,-0.5842369,-0.813553,-2.3609307,-1.2880447,1.6330153,1.9419304,0.0,9.182542,0.0,1.5467013,16.814781,-0.28164983,-0.19154167,-0.24992561,-0.04188347,1,109.40409,-2.516283
59.27282,43.126842,10.678304,-1,1,-1,-0.0019061685,-0.009945371,-0.21601325,-0.122392245,-0.6070619,-10.307903,159.36256,53.180187,11.4811535,1.645648,0.67019147,0.3853866,-1.2092149,1.9724249,-0.32571307,0.0,0.0,23.632975,0.74806124,-0.41098619,14.97152,-0.06617546,-0.16871452,0.25576591,2,11.559705,2.8657014
38.0672,14.564201,16.733051,-1,-1,1,-1.4828463,-0.6207566,-0.017505562,-5.3970885,-44.312466,-1.0367618,94.65132,14.930625,89.512794,-1.5608563,0.22385006,-2.3612893,0.9836808,0.8872021,2.6538312,7.5387073,7.1847587,0.0,28.084032,67.08635,0.6151116,-2.6740417,-0.46356583,-0.014099121,3,38.078182,-0.09962778
24.497324,17.686089,14.035713,-1,1,1,-0.045483094,-0.023670373,-0.003962712,-1.6723313,-1.0357709,-0.15091178,58.319714,47.194542,33.72521,-1.5131698,1.63753,-1.5233682,0.38709867,-2.989141,0.3181894,48.55028,0.0,64.41582,19.170307,-0.40247595,33.23048,0.04032135,0.0045166016,-0.15364838,5,35.41821,-0.18690158
27.206917,25.798399,37.502865,1,1,-1,-0.068944685,0.021106126,0.019816816,-2.5789804,1.5184139,1.5021932,42.88589,52.950565,45.677364,1.0277463,-1.3467356,-0.6488125,0.4802091,-1.5733347,-1.1479021,3.5286381,0.0,0.0,4.1110716,1.4314731,-0.5928962,-0.15658188,-0.093616486,-0.004637718,2,110.044525,1.5636581
88.545395,12.002898,8.612082,-1,-1,1,0.004784328,0.06897602,0.26526365,0.32884744,2.0467677,6.638618,131.75177,43.002007,30.811178,0.9515736,1.9491732,1.9477286,2.4222572,2.937503,2.9260318,0.0,12.232592,11.933532,1.1894922,15.890551,18.81288,0.031232834,-0.6395588,-0.08901787,4,52.50414,0.4425654
20.231636,39.718594,40.74478,1,1,-1,0.034364965,0.018185202,-0.008828071,2.081162,1.2383775,-0.5884503,86.99347,158.991,239.0653,-2.1379282,-2.0641947,-2.4552138,-0.40643093,1.3609413,1.5975211,6.8886876,0.0,0.0,28.30737,-0.18159102,-0.18159102,1.780304,-0.049064636,0.05908966,2,72.14339,-1.1935774
44.884274,27.711351,83.163155,1,-1,-1,0.0016188788,-0.013439487,0.0035071734,0.1042004,-0.8228983,0.2963143,46.507946,37.152206,93.848816,0.26817405,0.80365,-0.50165445,2.4591582,-2.0690596,0.47907054,0.0,27.79146,0.0,-0.3130607,14.94021,2.7312171,0.041671753,0.03527832,-0.013786316,2,21.889978,-2.391874
8.953198,101.99067,24.490881,-1,1,-1,0.17475596,-0.0043759206,0.01080665,4.6587043,-0.36023495,0.82980925,9.498374,103.701805,45.366234,-0.3472278,-0.18292125,-1.2271869,0.11147861,-1.3530011,1.0420136,16.258972,0.0,0.0,24.900736,-0.3919944,0.098203,-0.3564682,-0.09251976,0.041984558,2,55.266235,2.0433865
16.272085,7.9368052,98.53785,-1,-1,1,-0.022894168,-0.0038680714,-0.013625391,-0.9459987,-0.045418452,-1.0189949,33.088753,20.609322,148.34595,1.3360682,1.6080524,0.96730137,-0.8465363,0.7852539,-1.8826888,0.0,5.977236,0.0,2.1366894,4.5118523,-0.98813224,0.01143074,-0.5296345,0.009496689,2,78.83826,1.5554341
24.321829,14.084753,10.957853,-1,1,-1,-0.008800715,0.06409001,-0.104986064,-0.43741435,1.9258767,-2.4019482,36.35463,46.92183,36.601948,0.9576974,1.8732095,1.8759923,1.122428,0.19854066,0.20428208,0.0,9.06394,9.06394,-0.2573329,12.380589,13.018981,0.001241684,-0.59646845,-0.43457842,2,81.61658,-1.1291078
250.75003,177.98851,10.825084,1,-1,-1,0.008017951,-0.011566077,-0.035219327,0.59031284,-0.8193014,-1.2186016,255.838,339.64252,58.384663,-0.2011106,-1.2622731,-2.3696272,-1.0801042,2.6246684,2.0452268,0.0,0.0,120.88081,1.700827,-1.1012613,170.86359,0.12093353,0.08342743,0.018119812,3,64.44365,2.7042015
70.229095,15.117627,11.119892,1,1,-1,0.016354267,-0.10527345,0.0052857054,0.9763504,-5.7670345,0.29376823,189.77739,17.99775,42.90304,-1.6510948,0.6078727,-2.026117,2.9269545,-0.48655862,0.5898295,0.0,5.112062,0.0,0.61093897,0.5899014,-0.27775195,-0.047416687,-0.2611084,-0.04007721,2,46.761185,-0.42904988
27.672873,29.694904,7.3749046,1,1,-1,0.0014204994,0.4783288,0.022134405,0.0640883,15.069042,0.16471082,122.3437,97.67266,30.01326,-2.1664858,-1.8598409,-2.081255,-1.1900408,1.0878869,1.6067816,0.0,3.2113488,7.7928314,3.0610535,9.96267,8.326824,0.015743256,-1.1830616,1.8951931,6,97.34191,0.4894198
79.229515,11.064759,186.60025,-1,-1,1,0.02608067,-0.34640056,-0.0016172471,1.0802981,-12.251136,-0.13754117,179.09358,25.173834,419.95972,-1.4557394,-1.4629596,-1.4508647,-2.3717864,-2.3403428,-2.2688825,18.832817,25.28784,20.668108,30.518764,23.933899,54.188286,-0.015373707,0.15073442,0.013584614,1,187.29189,-2.204528
10.461153,14.480333,36.637653,-1,-1,1,-0.05101295,-0.08219423,0.002731375,-1.9508303,-0.9399883,0.20134436,12.437611,55.427986,43.829056,0.6054196,2.017924,-0.6167272,-0.084316544,-2.3117664,0.862909,60.8299,11.258292,0.0,49.304813,3.829742,0.56924427,-0.0035171509,-1.0054855,-0.09561157,5,56.116283,-1.94504
72.267944,8.696759,61.638275,1,1,-1,0.009283785,0.11091763,-0.018804956,0.72819424,5.110228,-1.4467542,73.6189,10.544148,250.30096,0.19305778,0.64078265,2.0790107,-0.33806083,-3.0044372,2.3807478,0.0,21.289892,0.0,0.77123225,12.278361,-0.18360715,-0.025463104,0.010658264,0.01776123,0,67.13495,0.94947684
51.34993,40.555485,25.239971,1,1,-1,0.225894,0.0037214556,-0.009831025,10.506023,0.26834163,-0.62775195,65.31105,48.50153,112.72248,-0.7216427,-0.61619276,-2.17687,0.36545792,-0.8831465,1.8790443,0.0,0.0,0.0,16.673193,1.0056283,-0.052624762,-0.09788036,-0.007119417,0.022146463,1,93.119415,-2.7683017
99.73467,67.28942,71.99587,1,1,-1,-0.0037191461,0.122800946,-0.0089621525,-0.16150866,6.6273856,-0.6903704,162.50085,78.87143,73.764725,1.070107,0.57861793,0.22121356,-1.8215134,1.5394589,2.0195367,0.0,3.8342795,0.0,1.1281362,25.881266,-0.8248003,-0.014942169,0.15441132,0.023202896,0,103.452065,-1.1077199
